product_id,mse_id,state,district,category_l1,category_l2,product_name,description,price,quantity,is_handmade
PROD00001,MSE04705,Rajasthan,Jaipur,Home & Kitchen,Home Decor,Wooden Chair,Wooden Chair by Jaipur Enterprise 4705 in Jaipur.,2268.04,250 ml,0
PROD00002,MSE00526,Kerala,Kozhikode,Electronics,Mobile & Accessories,LED Bulb,LED Bulb by Kozhikode Enterprise 526 in Kozhikode.,1386.11,500 gram,0
PROD00003,MSE02974,Tamil Nadu,Madurai,Home & Kitchen,Home Decor,Storage Rack,Storage Rack by Madurai Enterprise 2974 in Madurai.,2876.76,250 ml,0
PROD00004,MSE03231,Uttar Pradesh,Lucknow,Home & Kitchen,Home Decor,Wooden Chair,Wooden Chair by Lucknow Enterprise 3231 in Lucknow.,890.49,1 kg,0
PROD00005,MSE03184,Telangana,Hyderabad,Electronics,Mobile & Accessories,Mobile Charger,Mobile Charger by Hyderabad Enterprise 3184 in Hyderabad.,3034.95,1 kg,0
PROD00006,MSE00266,Uttar Pradesh,Varanasi,Food & Beverage,Packaged Foods,Papad,Papad by Varanasi Enterprise 266 in Varanasi.,108.38,1 piece,1
PROD00007,MSE02601,Punjab,Amritsar,Fashion,Women's Apparel,Kurta Fabric,Kurta Fabric by Amritsar Enterprise 2601 in Amritsar.,2884.59,200 gram,1
PROD00008,MSE02032,Bihar,Gaya,Electronics,Mobile & Accessories,Mobile Charger,Mobile Charger by Gaya Enterprise 2032 in Gaya.,3493.34,500 gram,0
PROD00009,MSE01022,Chhattisgarh,Raipur,Food & Beverage,Packaged Foods,Masala Mix,Masala Mix by Raipur Enterprise 1022 in Raipur.,216.8,1 piece,1
PROD00010,MSE03311,Rajasthan,Udaipur,Food & Beverage,Packaged Foods,Ready-to-Eat Snacks,Ready-to-Eat Snacks by Udaipur Enterprise 3311 in Udaipur.,399.1,200 gram,1
PROD00011,MSE00034,Rajasthan,Jodhpur,Services,Digital Services,Digital Marketing,Digital Marketing by Jodhpur Enterprise 34 in Jodhpur.,632.32,250 ml,0
PROD00012,MSE00850,Tamil Nadu,Madurai,Fashion,Women's Apparel,Handloom Dupatta,Handloom Dupatta by Madurai Enterprise 850 in Madurai.,1530.8,250 ml,1
PROD00013,MSE02568,Jammu & Kashmir,Anantnag,Beauty & Personal Care,Skincare,Essential Oil,Essential Oil by Anantnag Enterprise 2568 in Anantnag.,341.21,500 gram,0
PROD00014,MSE00023,Bihar,Patna,Home & Kitchen,Home Decor,Kitchen Organizer,Kitchen Organizer by Patna Enterprise 23 in Patna.,2625.95,500 gram,0
PROD00015,MSE03221,Uttar Pradesh,Varanasi,Food & Beverage,Packaged Foods,Masala Mix,Masala Mix by Varanasi Enterprise 3221 in Varanasi.,96.51,200 gram,1
PROD00016,MSE00072,Madhya Pradesh,Bhopal,Agriculture,Seeds,Herbal Saplings,Herbal Saplings by Bhopal Enterprise 72 in Bhopal.,831.97,1 piece,0
PROD00017,MSE01518,Rajasthan,Jodhpur,Food & Beverage,Packaged Foods,Masala Mix,Masala Mix by Jodhpur Enterprise 1518 in Jodhpur.,391.46,500 gram,1
PROD00018,MSE00797,Kerala,Kozhikode,Fashion,Women's Apparel,Kurta Fabric,Kurta Fabric by Kozhikode Enterprise 797 in Kozhikode.,776.18,1 piece,1
PROD00019,MSE01025,Kerala,Ernakulam,Food & Beverage,Packaged Foods,Papad,Papad by Ernakulam Enterprise 1025 in Ernakulam.,329.19,1 piece,1
PROD00020,MSE03830,Bihar,Gaya,Agriculture,Seeds,Vegetable Seeds,Vegetable Seeds by Gaya Enterprise 3830 in Gaya.,555.29,250 ml,0
PROD00021,MSE03606,Madhya Pradesh,Jabalpur,Home & Kitchen,Home Decor,Wooden Chair,Wooden Chair by Jabalpur Enterprise 3606 in Jabalpur.,198.67,2 piece,0
PROD00022,MSE04746,Telangana,Hyderabad,Services,Digital Services,Digital Marketing,Digital Marketing by Hyderabad Enterprise 4746 in Hyderabad.,5870.21,200 gram,0
PROD00023,MSE04573,Tamil Nadu,Coimbatore,Food & Beverage,Packaged Foods,Ready-to-Eat Snacks,Ready-to-Eat Snacks by Coimbatore Enterprise 4573 in Coimbatore.,321.95,1 kg,1
PROD00024,MSE02105,Karnataka,Belagavi,Fashion,Women's Apparel,Cotton Saree,Cotton Saree by Belagavi Enterprise 2105 in Belagavi.,544.26,2 piece,1
PROD00025,MSE01717,Madhya Pradesh,Jabalpur,Home & Kitchen,Home Decor,Wooden Chair,Wooden Chair by Jabalpur Enterprise 1717 in Jabalpur.,1910.77,1 kg,0
PROD00026,MSE04685,Rajasthan,Jodhpur,Beauty & Personal Care,Skincare,Essential Oil,Essential Oil by Jodhpur Enterprise 4685 in Jodhpur.,583.08,200 gram,0
PROD00027,MSE00290,Uttar Pradesh,Kanpur Nagar,Food & Beverage,Packaged Foods,Papad,Papad by Kanpur Nagar Enterprise 290 in Kanpur Nagar.,196.95,250 ml,1
PROD00028,MSE02854,Rajasthan,Jodhpur,Home & Kitchen,Home Decor,Storage Rack,Storage Rack by Jodhpur Enterprise 2854 in Jodhpur.,1216.31,1 kg,0
PROD00029,MSE04476,Uttarakhand,Haridwar,Food & Beverage,Packaged Foods,Papad,Papad by Haridwar Enterprise 4476 in Haridwar.,411.85,1 kg,1
PROD00030,MSE02389,Gujarat,Rajkot,Home & Kitchen,Home Decor,Decorative Shelf,Decorative Shelf by Rajkot Enterprise 2389 in Rajkot.,2880.78,1 piece,0
PROD00031,MSE04606,Rajasthan,Udaipur,Food & Beverage,Packaged Foods,Mango Pickle,Mango Pickle by Udaipur Enterprise 4606 in Udaipur.,109.21,1 piece,1
PROD00032,MSE02793,West Bengal,Siliguri,Handicrafts & Handloom,Crafts,Papier-mache Decor,Papier-mache Decor by Siliguri Enterprise 2793 in Siliguri.,2419.02,2 piece,1
PROD00033,MSE01184,Rajasthan,Jodhpur,Food & Beverage,Packaged Foods,Masala Mix,Masala Mix by Jodhpur Enterprise 1184 in Jodhpur.,81.2,500 gram,1
PROD00034,MSE02663,Tamil Nadu,Chennai,Agriculture,Seeds,Organic Fertilizer,Organic Fertilizer by Chennai Enterprise 2663 in Chennai.,1065.76,2 piece,0
PROD00035,MSE03393,Gujarat,Surat,Fashion,Women's Apparel,Handloom Dupatta,Handloom Dupatta by Surat Enterprise 3393 in Surat.,2846.95,250 ml,1
PROD00036,MSE01936,Bihar,Gaya,Services,Digital Services,IT Support,IT Support by Gaya Enterprise 1936 in Gaya.,1526.42,1 piece,0
PROD00037,MSE04680,Gujarat,Surat,Food & Beverage,Packaged Foods,Ready-to-Eat Snacks,Ready-to-Eat Snacks by Surat Enterprise 4680 in Surat.,92.82,500 gram,1
PROD00038,MSE00604,Uttar Pradesh,Kanpur Nagar,Agriculture,Seeds,Vegetable Seeds,Vegetable Seeds by Kanpur Nagar Enterprise 604 in Kanpur Nagar.,1095.73,1 piece,0
PROD00039,MSE00865,West Bengal,Kolkata,Home & Kitchen,Home Decor,Storage Rack,Storage Rack by Kolkata Enterprise 865 in Kolkata.,808.74,250 ml,0
PROD00040,MSE04843,Maharashtra,Mumbai,Services,Digital Services,Catalog Design,Catalog Design by Mumbai Enterprise 4843 in Mumbai.,3973.37,250 ml,0
PROD00041,MSE02292,Tamil Nadu,Madurai,Food & Beverage,Packaged Foods,Papad,Papad by Madurai Enterprise 2292 in Madurai.,187.98,1 piece,1
PROD00042,MSE04451,Maharashtra,Pune,Food & Beverage,Packaged Foods,Masala Mix,Masala Mix by Pune Enterprise 4451 in Pune.,314.6,200 gram,1
PROD00043,MSE03443,Kerala,Thiruvananthapuram,Food & Beverage,Packaged Foods,Papad,Papad by Thiruvananthapuram Enterprise 3443 in Thiruvananthapuram.,395.79,200 gram,1
PROD00044,MSE01916,Haryana,Faridabad,Services,Digital Services,IT Support,IT Support by Faridabad Enterprise 1916 in Faridabad.,2889.57,2 piece,0
PROD00045,MSE00401,Himachal Pradesh,Kangra,Home & Kitchen,Home Decor,Kitchen Organizer,Kitchen Organizer by Kangra Enterprise 401 in Kangra.,919.67,250 ml,0
PROD00046,MSE01293,Chandigarh,Chandigarh,Agriculture,Seeds,Vegetable Seeds,Vegetable Seeds by Chandigarh Enterprise 1293 in Chandigarh.,114.55,1 piece,0
PROD00047,MSE04392,Rajasthan,Udaipur,Handicrafts & Handloom,Crafts,Terracotta Pot,Terracotta Pot by Udaipur Enterprise 4392 in Udaipur.,2595.47,1 kg,1
PROD00048,MSE01506,Delhi,New Delhi,Home & Kitchen,Home Decor,Kitchen Organizer,Kitchen Organizer by New Delhi Enterprise 1506 in New Delhi.,1056.68,2 piece,0
PROD00049,MSE04401,Haryana,Gurugram,Food & Beverage,Packaged Foods,Masala Mix,Masala Mix by Gurugram Enterprise 4401 in Gurugram.,294.62,1 piece,1
PROD00050,MSE01175,West Bengal,Kolkata,Food & Beverage,Packaged Foods,Ready-to-Eat Snacks,Ready-to-Eat Snacks by Kolkata Enterprise 1175 in Kolkata.,370.36,1 kg,1
PROD00051,MSE01354,West Bengal,Siliguri,Handicrafts & Handloom,Crafts,Papier-mache Decor,Papier-mache Decor by Siliguri Enterprise 1354 in Siliguri.,821.46,2 piece,1
PROD00052,MSE03632,Delhi,South East Delhi,Agriculture,Seeds,Herbal Saplings,Herbal Saplings by South East Delhi Enterprise 3632 in South East Delhi.,929.38,1 kg,0
PROD00053,MSE03621,Jharkhand,Dhanbad,Food & Beverage,Packaged Foods,Mango Pickle,Mango Pickle by Dhanbad Enterprise 3621 in Dhanbad.,142.51,1 piece,1
PROD00054,MSE02482,Bihar,Patna,Fashion,Women's Apparel,Silk Stole,Silk Stole by Patna Enterprise 2482 in Patna.,1005.8,250 ml,1
PROD00055,MSE01430,Uttar Pradesh,Lucknow,Fashion,Women's Apparel,Kurta Fabric,Kurta Fabric by Lucknow Enterprise 1430 in Lucknow.,1891.79,250 ml,1
PROD00056,MSE03913,Uttar Pradesh,Lucknow,Handicrafts & Handloom,Crafts,Terracotta Pot,Terracotta Pot by Lucknow Enterprise 3913 in Lucknow.,706.67,250 ml,1
PROD00057,MSE02077,Bihar,Muzaffarpur,Home & Kitchen,Home Decor,Decorative Shelf,Decorative Shelf by Muzaffarpur Enterprise 2077 in Muzaffarpur.,545.34,500 gram,0
PROD00058,MSE01837,Assam,Silchar,Home & Kitchen,Home Decor,Decorative Shelf,Decorative Shelf by Silchar Enterprise 1837 in Silchar.,833.55,1 piece,0
PROD00059,MSE02892,Karnataka,Belagavi,Electronics,Mobile & Accessories,Mobile Charger,Mobile Charger by Belagavi Enterprise 2892 in Belagavi.,1916.54,1 kg,0
PROD00060,MSE02297,Rajasthan,Jodhpur,Food & Beverage,Packaged Foods,Ready-to-Eat Snacks,Ready-to-Eat Snacks by Jodhpur Enterprise 2297 in Jodhpur.,317.7,1 kg,1
PROD00061,MSE01954,Mizoram,Aizawl,Food & Beverage,Packaged Foods,Masala Mix,Masala Mix by Aizawl Enterprise 1954 in Aizawl.,83.87,2 piece,1
PROD00062,MSE03990,Uttar Pradesh,Varanasi,Agriculture,Seeds,Compost,Compost by Varanasi Enterprise 3990 in Varanasi.,286.29,1 kg,0
PROD00063,MSE00347,West Bengal,Howrah,Food & Beverage,Packaged Foods,Mango Pickle,Mango Pickle by Howrah Enterprise 347 in Howrah.,237.32,250 ml,1
PROD00064,MSE04171,Uttar Pradesh,Lucknow,Home & Kitchen,Home Decor,Wooden Chair,Wooden Chair by Lucknow Enterprise 4171 in Lucknow.,1686.63,1 piece,0
PROD00065,MSE00752,Uttar Pradesh,Kanpur Nagar,Services,Digital Services,Catalog Design,Catalog Design by Kanpur Nagar Enterprise 752 in Kanpur Nagar.,2336.69,500 gram,0
PROD00066,MSE00304,Kerala,Ernakulam,Home & Kitchen,Home Decor,Storage Rack,Storage Rack by Ernakulam Enterprise 304 in Ernakulam.,2979.13,200 gram,0
PROD00067,MSE00241,Gujarat,Surat,Food & Beverage,Packaged Foods,Ready-to-Eat Snacks,Ready-to-Eat Snacks by Surat Enterprise 241 in Surat.,237.64,500 gram,1
PROD00068,MSE04139,Rajasthan,Jodhpur,Home & Kitchen,Home Decor,Wooden Chair,Wooden Chair by Jodhpur Enterprise 4139 in Jodhpur.,492.86,250 ml,0
PROD00069,MSE04157,Uttar Pradesh,Varanasi,Food & Beverage,Packaged Foods,Mango Pickle,Mango Pickle by Varanasi Enterprise 4157 in Varanasi.,328.15,200 gram,1
PROD00070,MSE02835,Karnataka,Mysuru,Food & Beverage,Packaged Foods,Mango Pickle,Mango Pickle by Mysuru Enterprise 2835 in Mysuru.,294.17,1 kg,1
PROD00071,MSE01449,Telangana,Warangal,Food & Beverage,Packaged Foods,Mango Pickle,Mango Pickle by Warangal Enterprise 1449 in Warangal.,272.76,250 ml,1
PROD00072,MSE00530,Gujarat,Ahmedabad,Electronics,Mobile & Accessories,Power Adapter,Power Adapter by Ahmedabad Enterprise 530 in Ahmedabad.,5207.35,500 gram,0
PROD00073,MSE03511,Assam,Dibrugarh,Services,Digital Services,Web Development,Web Development by Dibrugarh Enterprise 3511 in Dibrugarh.,720.21,200 gram,0
PROD00074,MSE00888,Bihar,Patna,Food & Beverage,Packaged Foods,Mango Pickle,Mango Pickle by Patna Enterprise 888 in Patna.,319.16,250 ml,1
PROD00075,MSE01805,Bihar,Patna,Home & Kitchen,Home Decor,Storage Rack,Storage Rack by Patna Enterprise 1805 in Patna.,2493.01,500 gram,0
PROD00076,MSE00221,Maharashtra,Mumbai,Food & Beverage,Packaged Foods,Papad,Papad by Mumbai Enterprise 221 in Mumbai.,184.21,1 kg,1
PROD00077,MSE02767,Andhra Pradesh,Tirupati,Fashion,Women's Apparel,Kurta Fabric,Kurta Fabric by Tirupati Enterprise 2767 in Tirupati.,2206.58,1 kg,1
PROD00078,MSE00673,Chhattisgarh,Durg,Food & Beverage,Packaged Foods,Mango Pickle,Mango Pickle by Durg Enterprise 673 in Durg.,207.68,200 gram,1
PROD00079,MSE00427,Uttar Pradesh,Varanasi,Beauty & Personal Care,Skincare,Natural Soap,Natural Soap by Varanasi Enterprise 427 in Varanasi.,1751.53,200 gram,0
PROD00080,MSE04602,Kerala,Ernakulam,Agriculture,Seeds,Herbal Saplings,Herbal Saplings by Ernakulam Enterprise 4602 in Ernakulam.,943.31,250 ml,0
PROD00081,MSE04209,Tamil Nadu,Chennai,Food & Beverage,Packaged Foods,Masala Mix,Masala Mix by Chennai Enterprise 4209 in Chennai.,381.64,1 piece,1
PROD00082,MSE01966,Uttar Pradesh,Lucknow,Food & Beverage,Packaged Foods,Ready-to-Eat Snacks,Ready-to-Eat Snacks by Lucknow Enterprise 1966 in Lucknow.,163.14,500 gram,1
PROD00083,MSE03276,Telangana,Warangal,Agriculture,Seeds,Compost,Compost by Warangal Enterprise 3276 in Warangal.,481.89,200 gram,0
PROD00084,MSE04191,West Bengal,Kolkata,Home & Kitchen,Home Decor,Kitchen Organizer,Kitchen Organizer by Kolkata Enterprise 4191 in Kolkata.,1763.96,1 kg,0
PROD00085,MSE01046,Uttarakhand,Dehradun,Home & Kitchen,Home Decor,Decorative Shelf,Decorative Shelf by Dehradun Enterprise 1046 in Dehradun.,1068.28,1 kg,0
PROD00086,MSE01217,Puducherry,Karaikal,Fashion,Women's Apparel,Kurta Fabric,Kurta Fabric by Karaikal Enterprise 1217 in Karaikal.,1442.92,1 kg,1
PROD00087,MSE02095,Tamil Nadu,Chennai,Home & Kitchen,Home Decor,Storage Rack,Storage Rack by Chennai Enterprise 2095 in Chennai.,3174.14,500 gram,0
PROD00088,MSE00293,Chhattisgarh,Durg,Beauty & Personal Care,Skincare,Natural Soap,Natural Soap by Durg Enterprise 293 in Durg.,654.09,500 gram,0
PROD00089,MSE03897,Rajasthan,Jaipur,Food & Beverage,Packaged Foods,Masala Mix,Masala Mix by Jaipur Enterprise 3897 in Jaipur.,112.94,1 kg,1
PROD00090,MSE03658,Uttar Pradesh,Lucknow,Home & Kitchen,Home Decor,Kitchen Organizer,Kitchen Organizer by Lucknow Enterprise 3658 in Lucknow.,2844.7,200 gram,0
PROD00091,MSE03983,Telangana,Hyderabad,Fashion,Women's Apparel,Kurta Fabric,Kurta Fabric by Hyderabad Enterprise 3983 in Hyderabad.,2473.07,250 ml,1
PROD00092,MSE02658,Andhra Pradesh,Visakhapatnam,Home & Kitchen,Home Decor,Storage Rack,Storage Rack by Visakhapatnam Enterprise 2658 in Visakhapatnam.,325.27,500 gram,0
PROD00093,MSE04436,Maharashtra,Mumbai,Fashion,Women's Apparel,Kurta Fabric,Kurta Fabric by Mumbai Enterprise 4436 in Mumbai.,1224.93,250 ml,1
PROD00094,MSE04917,Manipur,Churachandpur,Home & Kitchen,Home Decor,Decorative Shelf,Decorative Shelf by Churachandpur Enterprise 4917 in Churachandpur.,1514.16,500 gram,0
PROD00095,MSE02574,Karnataka,Belagavi,Home & Kitchen,Home Decor,Wooden Chair,Wooden Chair by Belagavi Enterprise 2574 in Belagavi.,2286.85,1 piece,0
PROD00096,MSE02203,Maharashtra,Mumbai,Food & Beverage,Packaged Foods,Papad,Papad by Mumbai Enterprise 2203 in Mumbai.,207.52,1 piece,1
PROD00097,MSE03808,Gujarat,Rajkot,Food & Beverage,Packaged Foods,Papad,Papad by Rajkot Enterprise 3808 in Rajkot.,366.92,250 ml,1
PROD00098,MSE04446,Bihar,Muzaffarpur,Food & Beverage,Packaged Foods,Mango Pickle,Mango Pickle by Muzaffarpur Enterprise 4446 in Muzaffarpur.,99.8,1 piece,1
PROD00099,MSE00740,Uttar Pradesh,Kanpur Nagar,Fashion,Women's Apparel,Kurta Fabric,Kurta Fabric by Kanpur Nagar Enterprise 740 in Kanpur Nagar.,772.55,250 ml,1
PROD00100,MSE01907,Tamil Nadu,Madurai,Home & Kitchen,Home Decor,Wooden Chair,Wooden Chair by Madurai Enterprise 1907 in Madurai.,3395.5,500 gram,0
PROD00101,MSE04650,Nagaland,Mokokchung,Home & Kitchen,Home Decor,Storage Rack,Storage Rack by Mokokchung Enterprise 4650 in Mokokchung.,1111.22,200 gram,0
PROD00102,MSE04259,Tamil Nadu,Coimbatore,Fashion,Women's Apparel,Handloom Dupatta,Handloom Dupatta by Coimbatore Enterprise 4259 in Coimbatore.,2526.35,200 gram,1
PROD00103,MSE04477,West Bengal,Kolkata,Handicrafts & Handloom,Crafts,Wooden Craft,Wooden Craft by Kolkata Enterprise 4477 in Kolkata.,3731.15,2 piece,1
PROD00104,MSE00942,Maharashtra,Mumbai,Agriculture,Seeds,Compost,Compost by Mumbai Enterprise 942 in Mumbai.,611.15,1 kg,0
PROD00105,MSE01611,Rajasthan,Udaipur,Fashion,Women's Apparel,Kurta Fabric,Kurta Fabric by Udaipur Enterprise 1611 in Udaipur.,1502.42,1 piece,1
PROD00106,MSE00860,Uttar Pradesh,Lucknow,Agriculture,Seeds,Compost,Compost by Lucknow Enterprise 860 in Lucknow.,1075.19,1 piece,0
PROD00107,MSE03995,Maharashtra,Nagpur,Home & Kitchen,Home Decor,Wooden Chair,Wooden Chair by Nagpur Enterprise 3995 in Nagpur.,3337.25,2 piece,0
PROD00108,MSE00750,Maharashtra,Nagpur,Home & Kitchen,Home Decor,Wooden Chair,Wooden Chair by Nagpur Enterprise 750 in Nagpur.,2044.55,1 kg,0
PROD00109,MSE03781,Telangana,Warangal,Home & Kitchen,Home Decor,Decorative Shelf,Decorative Shelf by Warangal Enterprise 3781 in Warangal.,323.02,1 kg,0
PROD00110,MSE03705,West Bengal,Siliguri,Fashion,Women's Apparel,Cotton Saree,Cotton Saree by Siliguri Enterprise 3705 in Siliguri.,2602.65,2 piece,1
PROD00111,MSE03552,Rajasthan,Udaipur,Food & Beverage,Packaged Foods,Mango Pickle,Mango Pickle by Udaipur Enterprise 3552 in Udaipur.,137.3,1 piece,1
PROD00112,MSE02468,Madhya Pradesh,Indore,Food & Beverage,Packaged Foods,Ready-to-Eat Snacks,Ready-to-Eat Snacks by Indore Enterprise 2468 in Indore.,364.66,1 piece,1
PROD00113,MSE00061,Andhra Pradesh,Vijayawada,Services,Digital Services,IT Support,IT Support by Vijayawada Enterprise 61 in Vijayawada.,4314.32,1 kg,0
PROD00114,MSE00235,Tamil Nadu,Chennai,Home & Kitchen,Home Decor,Storage Rack,Storage Rack by Chennai Enterprise 235 in Chennai.,3041.04,1 kg,0
PROD00115,MSE04884,Madhya Pradesh,Jabalpur,Agriculture,Seeds,Herbal Saplings,Herbal Saplings by Jabalpur Enterprise 4884 in Jabalpur.,341.01,500 gram,0
PROD00116,MSE01726,Delhi,South East Delhi,Handicrafts & Handloom,Crafts,Papier-mache Decor,Papier-mache Decor by South East Delhi Enterprise 1726 in South East Delhi.,4313.5,250 ml,1
PROD00117,MSE01639,Odisha,Cuttack,Agriculture,Seeds,Herbal Saplings,Herbal Saplings by Cuttack Enterprise 1639 in Cuttack.,425.68,250 ml,0
PROD00118,MSE04043,Uttar Pradesh,Lucknow,Services,Digital Services,Web Development,Web Development by Lucknow Enterprise 4043 in Lucknow.,4050.92,2 piece,0
PROD00119,MSE03890,Tripura,Sepahijala,Food & Beverage,Packaged Foods,Mango Pickle,Mango Pickle by Sepahijala Enterprise 3890 in Sepahijala.,109.25,250 ml,1
PROD00120,MSE03296,Gujarat,Ahmedabad,Food & Beverage,Packaged Foods,Papad,Papad by Ahmedabad Enterprise 3296 in Ahmedabad.,265.08,1 piece,1
PROD00121,MSE00944,Manipur,Churachandpur,Food & Beverage,Packaged Foods,Ready-to-Eat Snacks,Ready-to-Eat Snacks by Churachandpur Enterprise 944 in Churachandpur.,416.16,1 piece,1
PROD00122,MSE02039,Kerala,Ernakulam,Food & Beverage,Packaged Foods,Papad,Papad by Ernakulam Enterprise 2039 in Ernakulam.,138.23,500 gram,1
PROD00123,MSE04113,Tamil Nadu,Madurai,Fashion,Women's Apparel,Handloom Dupatta,Handloom Dupatta by Madurai Enterprise 4113 in Madurai.,1013.37,200 gram,1
PROD00124,MSE00191,Punjab,Amritsar,Food & Beverage,Packaged Foods,Papad,Papad by Amritsar Enterprise 191 in Amritsar.,355.08,1 kg,1
PROD00125,MSE02168,Andhra Pradesh,Tirupati,Home & Kitchen,Home Decor,Storage Rack,Storage Rack by Tirupati Enterprise 2168 in Tirupati.,1778.08,1 kg,0
PROD00126,MSE00244,Karnataka,Mysuru,Food & Beverage,Packaged Foods,Masala Mix,Masala Mix by Mysuru Enterprise 244 in Mysuru.,219.96,500 gram,1
PROD00127,MSE00739,Gujarat,Surat,Fashion,Women's Apparel,Handloom Dupatta,Handloom Dupatta by Surat Enterprise 739 in Surat.,3018.11,1 piece,1
PROD00128,MSE03645,Chhattisgarh,Durg,Food & Beverage,Packaged Foods,Ready-to-Eat Snacks,Ready-to-Eat Snacks by Durg Enterprise 3645 in Durg.,407.29,2 piece,1
PROD00129,MSE02198,Telangana,Warangal,Agriculture,Seeds,Organic Fertilizer,Organic Fertilizer by Warangal Enterprise 2198 in Warangal.,479.21,500 gram,0
PROD00130,MSE01663,Bihar,Muzaffarpur,Home & Kitchen,Home Decor,Decorative Shelf,Decorative Shelf by Muzaffarpur Enterprise 1663 in Muzaffarpur.,1795.15,200 gram,0
PROD00131,MSE02622,Rajasthan,Jaipur,Electronics,Mobile & Accessories,Mobile Charger,Mobile Charger by Jaipur Enterprise 2622 in Jaipur.,6429.44,1 piece,0
PROD00132,MSE01848,Tamil Nadu,Coimbatore,Food & Beverage,Packaged Foods,Ready-to-Eat Snacks,Ready-to-Eat Snacks by Coimbatore Enterprise 1848 in Coimbatore.,162.98,2 piece,1
PROD00133,MSE04213,Haryana,Faridabad,Agriculture,Seeds,Herbal Saplings,Herbal Saplings by Faridabad Enterprise 4213 in Faridabad.,345.43,500 gram,0
PROD00134,MSE02845,Uttar Pradesh,Lucknow,Fashion,Women's Apparel,Cotton Saree,Cotton Saree by Lucknow Enterprise 2845 in Lucknow.,2081.67,2 piece,1
PROD00135,MSE00602,Jammu & Kashmir,Srinagar,Home & Kitchen,Home Decor,Decorative Shelf,Decorative Shelf by Srinagar Enterprise 602 in Srinagar.,2904.35,1 piece,0
PROD00136,MSE03946,Jharkhand,Jamshedpur,Fashion,Women's Apparel,Handloom Dupatta,Handloom Dupatta by Jamshedpur Enterprise 3946 in Jamshedpur.,649.79,2 piece,1
PROD00137,MSE01051,Uttar Pradesh,Varanasi,Services,Digital Services,IT Support,IT Support by Varanasi Enterprise 1051 in Varanasi.,3338.29,1 kg,0
PROD00138,MSE04999,Rajasthan,Udaipur,Fashion,Women's Apparel,Silk Stole,Silk Stole by Udaipur Enterprise 4999 in Udaipur.,1316.07,200 gram,1
PROD00139,MSE04464,West Bengal,Siliguri,Food & Beverage,Packaged Foods,Masala Mix,Masala Mix by Siliguri Enterprise 4464 in Siliguri.,344.93,1 kg,1
PROD00140,MSE00228,Telangana,Nizamabad,Food & Beverage,Packaged Foods,Masala Mix,Masala Mix by Nizamabad Enterprise 228 in Nizamabad.,105.44,500 gram,1
PROD00141,MSE04977,Bihar,Gaya,Home & Kitchen,Home Decor,Kitchen Organizer,Kitchen Organizer by Gaya Enterprise 4977 in Gaya.,2976.91,1 kg,0
PROD00142,MSE04955,Rajasthan,Jaipur,Home & Kitchen,Home Decor,Kitchen Organizer,Kitchen Organizer by Jaipur Enterprise 4955 in Jaipur.,261.17,2 piece,0
PROD00143,MSE03113,Maharashtra,Pune,Fashion,Women's Apparel,Cotton Saree,Cotton Saree by Pune Enterprise 3113 in Pune.,1570.73,200 gram,1
PROD00144,MSE01890,Odisha,Cuttack,Home & Kitchen,Home Decor,Wooden Chair,Wooden Chair by Cuttack Enterprise 1890 in Cuttack.,2629.23,250 ml,0
PROD00145,MSE04652,Gujarat,Rajkot,Food & Beverage,Packaged Foods,Mango Pickle,Mango Pickle by Rajkot Enterprise 4652 in Rajkot.,132.9,500 gram,1
PROD00146,MSE00494,Odisha,Khordha,Food & Beverage,Packaged Foods,Ready-to-Eat Snacks,Ready-to-Eat Snacks by Khordha Enterprise 494 in Khordha.,84.09,1 kg,1
PROD00147,MSE01010,Bihar,Gaya,Food & Beverage,Packaged Foods,Papad,Papad by Gaya Enterprise 1010 in Gaya.,417.59,2 piece,1
PROD00148,MSE00013,West Bengal,Kolkata,Electronics,Mobile & Accessories,LED Bulb,LED Bulb by Kolkata Enterprise 13 in Kolkata.,364.19,2 piece,0
PROD00149,MSE04985,West Bengal,Kolkata,Food & Beverage,Packaged Foods,Ready-to-Eat Snacks,Ready-to-Eat Snacks by Kolkata Enterprise 4985 in Kolkata.,113.92,1 piece,1
PROD00150,MSE00883,Gujarat,Rajkot,Fashion,Women's Apparel,Silk Stole,Silk Stole by Rajkot Enterprise 883 in Rajkot.,2250.0,250 ml,1
PROD00151,MSE03582,Kerala,Thiruvananthapuram,Home & Kitchen,Home Decor,Wooden Chair,Wooden Chair by Thiruvananthapuram Enterprise 3582 in Thiruvananthapuram.,2831.09,250 ml,0
PROD00152,MSE00632,Maharashtra,Pune,Food & Beverage,Packaged Foods,Masala Mix,Masala Mix by Pune Enterprise 632 in Pune.,81.04,500 gram,1
PROD00153,MSE03419,Himachal Pradesh,Mandi,Services,Digital Services,Web Development,Web Development by Mandi Enterprise 3419 in Mandi.,1919.22,500 gram,0
PROD00154,MSE02232,Andhra Pradesh,Tirupati,Fashion,Women's Apparel,Silk Stole,Silk Stole by Tirupati Enterprise 2232 in Tirupati.,2182.0,1 kg,1
PROD00155,MSE02183,Uttar Pradesh,Kanpur Nagar,Fashion,Women's Apparel,Silk Stole,Silk Stole by Kanpur Nagar Enterprise 2183 in Kanpur Nagar.,923.02,200 gram,1
PROD00156,MSE03054,Karnataka,Mysuru,Services,Digital Services,Web Development,Web Development by Mysuru Enterprise 3054 in Mysuru.,2221.79,1 kg,0
PROD00157,MSE04405,Uttar Pradesh,Lucknow,Fashion,Women's Apparel,Kurta Fabric,Kurta Fabric by Lucknow Enterprise 4405 in Lucknow.,2415.66,200 gram,1
PROD00158,MSE04099,Maharashtra,Nagpur,Services,Digital Services,IT Support,IT Support by Nagpur Enterprise 4099 in Nagpur.,5628.93,250 ml,0
PROD00159,MSE02374,Tamil Nadu,Coimbatore,Home & Kitchen,Home Decor,Decorative Shelf,Decorative Shelf by Coimbatore Enterprise 2374 in Coimbatore.,715.08,250 ml,0
PROD00160,MSE04351,Maharashtra,Mumbai,Fashion,Women's Apparel,Cotton Saree,Cotton Saree by Mumbai Enterprise 4351 in Mumbai.,1643.46,500 gram,1
PROD00161,MSE00269,Tamil Nadu,Coimbatore,Food & Beverage,Packaged Foods,Papad,Papad by Coimbatore Enterprise 269 in Coimbatore.,355.48,250 ml,1
PROD00162,MSE01308,West Bengal,Kolkata,Agriculture,Seeds,Organic Fertilizer,Organic Fertilizer by Kolkata Enterprise 1308 in Kolkata.,113.75,1 piece,0
PROD00163,MSE00821,Uttar Pradesh,Varanasi,Fashion,Women's Apparel,Handloom Dupatta,Handloom Dupatta by Varanasi Enterprise 821 in Varanasi.,1636.32,1 kg,1
PROD00164,MSE04582,West Bengal,Howrah,Agriculture,Seeds,Herbal Saplings,Herbal Saplings by Howrah Enterprise 4582 in Howrah.,375.62,1 piece,0
PROD00165,MSE03922,Uttar Pradesh,Varanasi,Agriculture,Seeds,Herbal Saplings,Herbal Saplings by Varanasi Enterprise 3922 in Varanasi.,857.78,1 piece,0
PROD00166,MSE01759,Rajasthan,Udaipur,Handicrafts & Handloom,Crafts,Terracotta Pot,Terracotta Pot by Udaipur Enterprise 1759 in Udaipur.,4262.38,500 gram,1
PROD00167,MSE01210,Uttar Pradesh,Kanpur Nagar,Electronics,Mobile & Accessories,Earphones,Earphones by Kanpur Nagar Enterprise 1210 in Kanpur Nagar.,2649.11,1 kg,0
PROD00168,MSE01730,Maharashtra,Mumbai,Beauty & Personal Care,Skincare,Essential Oil,Essential Oil by Mumbai Enterprise 1730 in Mumbai.,493.33,1 piece,0
PROD00169,MSE01709,West Bengal,Howrah,Handicrafts & Handloom,Crafts,Terracotta Pot,Terracotta Pot by Howrah Enterprise 1709 in Howrah.,1936.19,250 ml,1
PROD00170,MSE01604,Uttar Pradesh,Varanasi,Home & Kitchen,Home Decor,Kitchen Organizer,Kitchen Organizer by Varanasi Enterprise 1604 in Varanasi.,261.76,200 gram,0
PROD00171,MSE01002,Rajasthan,Jaipur,Food & Beverage,Packaged Foods,Masala Mix,Masala Mix by Jaipur Enterprise 1002 in Jaipur.,195.17,2 piece,1
PROD00172,MSE04357,Tamil Nadu,Madurai,Food & Beverage,Packaged Foods,Ready-to-Eat Snacks,Ready-to-Eat Snacks by Madurai Enterprise 4357 in Madurai.,177.81,500 gram,1
PROD00173,MSE04051,Delhi,South East Delhi,Services,Digital Services,Catalog Design,Catalog Design by South East Delhi Enterprise 4051 in South East Delhi.,4295.73,1 kg,0
PROD00174,MSE01266,West Bengal,Siliguri,Home & Kitchen,Home Decor,Decorative Shelf,Decorative Shelf by Siliguri Enterprise 1266 in Siliguri.,1494.19,1 kg,0
PROD00175,MSE00571,Karnataka,Belagavi,Food & Beverage,Packaged Foods,Masala Mix,Masala Mix by Belagavi Enterprise 571 in Belagavi.,245.27,500 gram,1
PROD00176,MSE04050,Telangana,Nizamabad,Services,Digital Services,Digital Marketing,Digital Marketing by Nizamabad Enterprise 4050 in Nizamabad.,1729.57,2 piece,0
PROD00177,MSE04293,Rajasthan,Udaipur,Services,Digital Services,Digital Marketing,Digital Marketing by Udaipur Enterprise 4293 in Udaipur.,2693.97,250 ml,0
PROD00178,MSE04400,West Bengal,Siliguri,Home & Kitchen,Home Decor,Decorative Shelf,Decorative Shelf by Siliguri Enterprise 4400 in Siliguri.,347.0,1 piece,0
PROD00179,MSE04669,Andhra Pradesh,Visakhapatnam,Food & Beverage,Packaged Foods,Mango Pickle,Mango Pickle by Visakhapatnam Enterprise 4669 in Visakhapatnam.,283.47,2 piece,1
PROD00180,MSE00030,Andhra Pradesh,Visakhapatnam,Beauty & Personal Care,Skincare,Ayurvedic Balm,Ayurvedic Balm by Visakhapatnam Enterprise 30 in Visakhapatnam.,1334.93,250 ml,0
PROD00181,MSE03912,Odisha,Sambalpur,Electronics,Mobile & Accessories,Earphones,Earphones by Sambalpur Enterprise 3912 in Sambalpur.,7888.83,1 piece,0
PROD00182,MSE01234,Jharkhand,Jamshedpur,Food & Beverage,Packaged Foods,Mango Pickle,Mango Pickle by Jamshedpur Enterprise 1234 in Jamshedpur.,233.54,2 piece,1
PROD00183,MSE01615,Tamil Nadu,Chennai,Fashion,Women's Apparel,Kurta Fabric,Kurta Fabric by Chennai Enterprise 1615 in Chennai.,2154.17,200 gram,1
PROD00184,MSE04347,West Bengal,Howrah,Home & Kitchen,Home Decor,Wooden Chair,Wooden Chair by Howrah Enterprise 4347 in Howrah.,2295.21,1 piece,0
PROD00185,MSE04627,Uttar Pradesh,Lucknow,Food & Beverage,Packaged Foods,Masala Mix,Masala Mix by Lucknow Enterprise 4627 in Lucknow.,160.35,2 piece,1
PROD00186,MSE00376,Delhi,New Delhi,Home & Kitchen,Home Decor,Decorative Shelf,Decorative Shelf by New Delhi Enterprise 376 in New Delhi.,2287.7,200 gram,0
PROD00187,MSE04609,Tamil Nadu,Coimbatore,Food & Beverage,Packaged Foods,Mango Pickle,Mango Pickle by Coimbatore Enterprise 4609 in Coimbatore.,243.09,2 piece,1
PROD00188,MSE01689,Uttar Pradesh,Varanasi,Agriculture,Seeds,Herbal Saplings,Herbal Saplings by Varanasi Enterprise 1689 in Varanasi.,79.83,2 piece,0
PROD00189,MSE04005,Himachal Pradesh,Kangra,Food & Beverage,Packaged Foods,Masala Mix,Masala Mix by Kangra Enterprise 4005 in Kangra.,175.41,1 kg,1
PROD00190,MSE02661,Odisha,Cuttack,Home & Kitchen,Home Decor,Kitchen Organizer,Kitchen Organizer by Cuttack Enterprise 2661 in Cuttack.,2869.34,250 ml,0
PROD00191,MSE01164,Uttar Pradesh,Kanpur Nagar,Food & Beverage,Packaged Foods,Mango Pickle,Mango Pickle by Kanpur Nagar Enterprise 1164 in Kanpur Nagar.,269.06,500 gram,1
PROD00192,MSE01735,Maharashtra,Nagpur,Food & Beverage,Packaged Foods,Masala Mix,Masala Mix by Nagpur Enterprise 1735 in Nagpur.,105.36,1 piece,1
PROD00193,MSE04682,Maharashtra,Mumbai,Beauty & Personal Care,Skincare,Ayurvedic Balm,Ayurvedic Balm by Mumbai Enterprise 4682 in Mumbai.,798.68,500 gram,0
PROD00194,MSE02407,Maharashtra,Nagpur,Fashion,Women's Apparel,Silk Stole,Silk Stole by Nagpur Enterprise 2407 in Nagpur.,1263.37,250 ml,1
PROD00195,MSE00932,Tamil Nadu,Madurai,Home & Kitchen,Home Decor,Wooden Chair,Wooden Chair by Madurai Enterprise 932 in Madurai.,818.01,500 gram,0
PROD00196,MSE03044,Andhra Pradesh,Tirupati,Food & Beverage,Packaged Foods,Masala Mix,Masala Mix by Tirupati Enterprise 3044 in Tirupati.,164.33,500 gram,1
PROD00197,MSE02925,Rajasthan,Jaipur,Agriculture,Seeds,Organic Fertilizer,Organic Fertilizer by Jaipur Enterprise 2925 in Jaipur.,579.01,1 kg,0
PROD00198,MSE01096,Karnataka,Belagavi,Agriculture,Seeds,Compost,Compost by Belagavi Enterprise 1096 in Belagavi.,688.76,500 gram,0
PROD00199,MSE03087,Madhya Pradesh,Bhopal,Services,Digital Services,Digital Marketing,Digital Marketing by Bhopal Enterprise 3087 in Bhopal.,388.18,1 piece,0
PROD00200,MSE01421,Uttar Pradesh,Varanasi,Home & Kitchen,Home Decor,Decorative Shelf,Decorative Shelf by Varanasi Enterprise 1421 in Varanasi.,705.03,250 ml,0
PROD00201,MSE00299,Telangana,Warangal,Food & Beverage,Packaged Foods,Ready-to-Eat Snacks,Ready-to-Eat Snacks by Warangal Enterprise 299 in Warangal.,259.96,1 piece,1
PROD00202,MSE00368,Tamil Nadu,Chennai,Home & Kitchen,Home Decor,Wooden Chair,Wooden Chair by Chennai Enterprise 368 in Chennai.,2711.28,1 piece,0
PROD00203,MSE02842,Telangana,Warangal,Food & Beverage,Packaged Foods,Masala Mix,Masala Mix by Warangal Enterprise 2842 in Warangal.,117.87,1 kg,1
PROD00204,MSE02882,West Bengal,Kolkata,Home & Kitchen,Home Decor,Kitchen Organizer,Kitchen Organizer by Kolkata Enterprise 2882 in Kolkata.,1269.75,250 ml,0
PROD00205,MSE02517,West Bengal,Kolkata,Home & Kitchen,Home Decor,Wooden Chair,Wooden Chair by Kolkata Enterprise 2517 in Kolkata.,1087.98,2 piece,0
PROD00206,MSE01243,Maharashtra,Nagpur,Fashion,Women's Apparel,Handloom Dupatta,Handloom Dupatta by Nagpur Enterprise 1243 in Nagpur.,2331.77,200 gram,1
PROD00207,MSE02129,Andhra Pradesh,Tirupati,Food & Beverage,Packaged Foods,Papad,Papad by Tirupati Enterprise 2129 in Tirupati.,168.57,500 gram,1
PROD00208,MSE03035,Assam,Kamrup Metro,Services,Digital Services,Catalog Design,Catalog Design by Kamrup Metro Enterprise 3035 in Kamrup Metro.,1292.09,250 ml,0
PROD00209,MSE00878,Gujarat,Ahmedabad,Agriculture,Seeds,Herbal Saplings,Herbal Saplings by Ahmedabad Enterprise 878 in Ahmedabad.,947.65,200 gram,0
PROD00210,MSE04810,Maharashtra,Mumbai,Home & Kitchen,Home Decor,Kitchen Organizer,Kitchen Organizer by Mumbai Enterprise 4810 in Mumbai.,627.01,250 ml,0
PROD00211,MSE04523,Andhra Pradesh,Tirupati,Electronics,Mobile & Accessories,LED Bulb,LED Bulb by Tirupati Enterprise 4523 in Tirupati.,3463.06,500 gram,0
PROD00212,MSE01191,Uttar Pradesh,Lucknow,Home & Kitchen,Home Decor,Storage Rack,Storage Rack by Lucknow Enterprise 1191 in Lucknow.,1519.53,500 gram,0
PROD00213,MSE03197,Haryana,Gurugram,Food & Beverage,Packaged Foods,Ready-to-Eat Snacks,Ready-to-Eat Snacks by Gurugram Enterprise 3197 in Gurugram.,319.92,1 piece,1
PROD00214,MSE03480,Delhi,South East Delhi,Handicrafts & Handloom,Crafts,Terracotta Pot,Terracotta Pot by South East Delhi Enterprise 3480 in South East Delhi.,2255.36,500 gram,1
PROD00215,MSE00002,Tamil Nadu,Coimbatore,Fashion,Women's Apparel,Silk Stole,Silk Stole by Coimbatore Enterprise 2 in Coimbatore.,2203.35,2 piece,1
PROD00216,MSE03349,Kerala,Kozhikode,Food & Beverage,Packaged Foods,Masala Mix,Masala Mix by Kozhikode Enterprise 3349 in Kozhikode.,225.09,200 gram,1
PROD00217,MSE02967,Odisha,Cuttack,Handicrafts & Handloom,Crafts,Brass Lamp,Brass Lamp by Cuttack Enterprise 2967 in Cuttack.,3455.41,2 piece,1
PROD00218,MSE02133,Tamil Nadu,Chennai,Fashion,Women's Apparel,Kurta Fabric,Kurta Fabric by Chennai Enterprise 2133 in Chennai.,1064.12,200 gram,1
PROD00219,MSE04475,Arunachal Pradesh,Pasighat,Home & Kitchen,Home Decor,Wooden Chair,Wooden Chair by Pasighat Enterprise 4475 in Pasighat.,299.77,1 piece,0
PROD00220,MSE03351,Rajasthan,Jaipur,Food & Beverage,Packaged Foods,Mango Pickle,Mango Pickle by Jaipur Enterprise 3351 in Jaipur.,345.46,200 gram,1
PROD00221,MSE02163,Jammu & Kashmir,Srinagar,Home & Kitchen,Home Decor,Decorative Shelf,Decorative Shelf by Srinagar Enterprise 2163 in Srinagar.,744.75,1 piece,0
PROD00222,MSE03106,Maharashtra,Pune,Home & Kitchen,Home Decor,Wooden Chair,Wooden Chair by Pune Enterprise 3106 in Pune.,2568.37,1 kg,0
PROD00223,MSE01063,Odisha,Cuttack,Services,Digital Services,Web Development,Web Development by Cuttack Enterprise 1063 in Cuttack.,4472.88,200 gram,0
PROD00224,MSE03372,Jammu & Kashmir,Jammu,Handicrafts & Handloom,Crafts,Terracotta Pot,Terracotta Pot by Jammu Enterprise 3372 in Jammu.,1726.6,500 gram,1
PROD00225,MSE02633,Tamil Nadu,Chennai,Food & Beverage,Packaged Foods,Papad,Papad by Chennai Enterprise 2633 in Chennai.,290.1,1 piece,1
PROD00226,MSE03952,Uttar Pradesh,Varanasi,Agriculture,Seeds,Compost,Compost by Varanasi Enterprise 3952 in Varanasi.,816.68,1 piece,0
PROD00227,MSE01858,Uttar Pradesh,Lucknow,Home & Kitchen,Home Decor,Storage Rack,Storage Rack by Lucknow Enterprise 1858 in Lucknow.,3322.17,500 gram,0
PROD00228,MSE00666,Maharashtra,Mumbai,Fashion,Women's Apparel,Cotton Saree,Cotton Saree by Mumbai Enterprise 666 in Mumbai.,614.51,250 ml,1
PROD00229,MSE00650,Rajasthan,Jaipur,Fashion,Women's Apparel,Silk Stole,Silk Stole by Jaipur Enterprise 650 in Jaipur.,839.18,500 gram,1
PROD00230,MSE02647,Maharashtra,Mumbai,Food & Beverage,Packaged Foods,Masala Mix,Masala Mix by Mumbai Enterprise 2647 in Mumbai.,230.29,200 gram,1
PROD00231,MSE00015,Uttar Pradesh,Varanasi,Services,Digital Services,Digital Marketing,Digital Marketing by Varanasi Enterprise 15 in Varanasi.,1187.9,1 kg,0
PROD00232,MSE00553,Telangana,Hyderabad,Beauty & Personal Care,Skincare,Ayurvedic Balm,Ayurvedic Balm by Hyderabad Enterprise 553 in Hyderabad.,890.21,1 piece,0
PROD00233,MSE03286,Rajasthan,Jodhpur,Electronics,Mobile & Accessories,Earphones,Earphones by Jodhpur Enterprise 3286 in Jodhpur.,4827.03,200 gram,0
PROD00234,MSE00879,Andhra Pradesh,Tirupati,Services,Digital Services,IT Support,IT Support by Tirupati Enterprise 879 in Tirupati.,3864.66,500 gram,0
PROD00235,MSE03477,Andhra Pradesh,Visakhapatnam,Home & Kitchen,Home Decor,Wooden Chair,Wooden Chair by Visakhapatnam Enterprise 3477 in Visakhapatnam.,1899.3,2 piece,0
PROD00236,MSE03076,Maharashtra,Nagpur,Home & Kitchen,Home Decor,Storage Rack,Storage Rack by Nagpur Enterprise 3076 in Nagpur.,3050.25,2 piece,0
PROD00237,MSE02358,Karnataka,Bengaluru Urban,Fashion,Women's Apparel,Silk Stole,Silk Stole by Bengaluru Urban Enterprise 2358 in Bengaluru Urban.,1554.89,2 piece,1
PROD00238,MSE00772,Andhra Pradesh,Vijayawada,Handicrafts & Handloom,Crafts,Papier-mache Decor,Papier-mache Decor by Vijayawada Enterprise 772 in Vijayawada.,3244.47,200 gram,1
PROD00239,MSE02383,Jharkhand,Ranchi,Food & Beverage,Packaged Foods,Papad,Papad by Ranchi Enterprise 2383 in Ranchi.,259.18,1 kg,1
PROD00240,MSE00591,Tamil Nadu,Chennai,Food & Beverage,Packaged Foods,Mango Pickle,Mango Pickle by Chennai Enterprise 591 in Chennai.,108.3,1 piece,1
PROD00241,MSE01481,Meghalaya,West Garo Hills,Fashion,Women's Apparel,Silk Stole,Silk Stole by West Garo Hills Enterprise 1481 in West Garo Hills.,2829.76,200 gram,1
PROD00242,MSE04283,West Bengal,Howrah,Food & Beverage,Packaged Foods,Papad,Papad by Howrah Enterprise 4283 in Howrah.,220.8,200 gram,1
PROD00243,MSE03603,Maharashtra,Pune,Fashion,Women's Apparel,Silk Stole,Silk Stole by Pune Enterprise 3603 in Pune.,1492.36,1 kg,1
PROD00244,MSE04131,Tamil Nadu,Coimbatore,Electronics,Mobile & Accessories,Earphones,Earphones by Coimbatore Enterprise 4131 in Coimbatore.,8133.76,1 kg,0
PROD00245,MSE04540,Tamil Nadu,Chennai,Agriculture,Seeds,Organic Fertilizer,Organic Fertilizer by Chennai Enterprise 4540 in Chennai.,832.1,1 piece,0
PROD00246,MSE04079,Telangana,Nizamabad,Electronics,Mobile & Accessories,Earphones,Earphones by Nizamabad Enterprise 4079 in Nizamabad.,5069.48,250 ml,0
PROD00247,MSE02594,Maharashtra,Mumbai,Agriculture,Seeds,Organic Fertilizer,Organic Fertilizer by Mumbai Enterprise 2594 in Mumbai.,120.0,1 piece,0
PROD00248,MSE02846,Maharashtra,Nagpur,Fashion,Women's Apparel,Cotton Saree,Cotton Saree by Nagpur Enterprise 2846 in Nagpur.,1252.68,500 gram,1
PROD00249,MSE03768,Gujarat,Ahmedabad,Food & Beverage,Packaged Foods,Mango Pickle,Mango Pickle by Ahmedabad Enterprise 3768 in Ahmedabad.,108.39,1 kg,1
PROD00250,MSE03473,Maharashtra,Pune,Fashion,Women's Apparel,Kurta Fabric,Kurta Fabric by Pune Enterprise 3473 in Pune.,952.41,200 gram,1
PROD00251,MSE03347,Madhya Pradesh,Jabalpur,Food & Beverage,Packaged Foods,Papad,Papad by Jabalpur Enterprise 3347 in Jabalpur.,142.22,1 piece,1
PROD00252,MSE00276,Rajasthan,Jodhpur,Services,Digital Services,Digital Marketing,Digital Marketing by Jodhpur Enterprise 276 in Jodhpur.,2772.75,2 piece,0
PROD00253,MSE00568,Uttarakhand,Nainital,Home & Kitchen,Home Decor,Kitchen Organizer,Kitchen Organizer by Nainital Enterprise 568 in Nainital.,2585.34,1 piece,0
PROD00254,MSE02400,Gujarat,Rajkot,Home & Kitchen,Home Decor,Kitchen Organizer,Kitchen Organizer by Rajkot Enterprise 2400 in Rajkot.,517.7,1 piece,0
PROD00255,MSE01253,Gujarat,Surat,Home & Kitchen,Home Decor,Decorative Shelf,Decorative Shelf by Surat Enterprise 1253 in Surat.,874.62,2 piece,0
PROD00256,MSE01621,Tamil Nadu,Chennai,Home & Kitchen,Home Decor,Kitchen Organizer,Kitchen Organizer by Chennai Enterprise 1621 in Chennai.,3367.39,1 kg,0
PROD00257,MSE01839,Bihar,Gaya,Fashion,Women's Apparel,Cotton Saree,Cotton Saree by Gaya Enterprise 1839 in Gaya.,2583.41,1 kg,1
PROD00258,MSE01992,Karnataka,Bengaluru Urban,Food & Beverage,Packaged Foods,Masala Mix,Masala Mix by Bengaluru Urban Enterprise 1992 in Bengaluru Urban.,124.69,1 piece,1
PROD00259,MSE04129,Karnataka,Mysuru,Agriculture,Seeds,Organic Fertilizer,Organic Fertilizer by Mysuru Enterprise 4129 in Mysuru.,593.67,250 ml,0
PROD00260,MSE01568,Maharashtra,Mumbai,Food & Beverage,Packaged Foods,Papad,Papad by Mumbai Enterprise 1568 in Mumbai.,133.55,250 ml,1
PROD00261,MSE04300,Maharashtra,Pune,Electronics,Mobile & Accessories,Power Adapter,Power Adapter by Pune Enterprise 4300 in Pune.,4423.86,1 kg,0
PROD00262,MSE04137,Karnataka,Bengaluru Urban,Beauty & Personal Care,Skincare,Essential Oil,Essential Oil by Bengaluru Urban Enterprise 4137 in Bengaluru Urban.,305.22,500 gram,0
PROD00263,MSE04275,West Bengal,Howrah,Home & Kitchen,Home Decor,Storage Rack,Storage Rack by Howrah Enterprise 4275 in Howrah.,2804.24,250 ml,0
PROD00264,MSE01378,Karnataka,Mysuru,Home & Kitchen,Home Decor,Kitchen Organizer,Kitchen Organizer by Mysuru Enterprise 1378 in Mysuru.,2953.21,2 piece,0
PROD00265,MSE02262,Andhra Pradesh,Visakhapatnam,Agriculture,Seeds,Organic Fertilizer,Organic Fertilizer by Visakhapatnam Enterprise 2262 in Visakhapatnam.,960.59,200 gram,0
PROD00266,MSE00306,Chhattisgarh,Bilaspur,Home & Kitchen,Home Decor,Decorative Shelf,Decorative Shelf by Bilaspur Enterprise 306 in Bilaspur.,3135.48,500 gram,0
PROD00267,MSE01872,Tamil Nadu,Chennai,Handicrafts & Handloom,Crafts,Brass Lamp,Brass Lamp by Chennai Enterprise 1872 in Chennai.,1674.75,1 piece,1
PROD00268,MSE02210,West Bengal,Kolkata,Handicrafts & Handloom,Crafts,Wooden Craft,Wooden Craft by Kolkata Enterprise 2210 in Kolkata.,1432.88,250 ml,1
PROD00269,MSE02506,Kerala,Ernakulam,Home & Kitchen,Home Decor,Kitchen Organizer,Kitchen Organizer by Ernakulam Enterprise 2506 in Ernakulam.,446.14,250 ml,0
PROD00270,MSE03791,Uttar Pradesh,Kanpur Nagar,Food & Beverage,Packaged Foods,Ready-to-Eat Snacks,Ready-to-Eat Snacks by Kanpur Nagar Enterprise 3791 in Kanpur Nagar.,184.1,2 piece,1
PROD00271,MSE03959,Maharashtra,Pune,Home & Kitchen,Home Decor,Storage Rack,Storage Rack by Pune Enterprise 3959 in Pune.,1463.22,250 ml,0
PROD00272,MSE00389,Himachal Pradesh,Kangra,Home & Kitchen,Home Decor,Decorative Shelf,Decorative Shelf by Kangra Enterprise 389 in Kangra.,1278.3,500 gram,0
PROD00273,MSE04817,Uttar Pradesh,Varanasi,Food & Beverage,Packaged Foods,Papad,Papad by Varanasi Enterprise 4817 in Varanasi.,207.27,2 piece,1
PROD00274,MSE04956,Rajasthan,Jaipur,Handicrafts & Handloom,Crafts,Wooden Craft,Wooden Craft by Jaipur Enterprise 4956 in Jaipur.,3274.82,2 piece,1
PROD00275,MSE02331,Uttar Pradesh,Lucknow,Home & Kitchen,Home Decor,Wooden Chair,Wooden Chair by Lucknow Enterprise 2331 in Lucknow.,1652.67,2 piece,0
PROD00276,MSE00270,Tamil Nadu,Coimbatore,Fashion,Women's Apparel,Cotton Saree,Cotton Saree by Coimbatore Enterprise 270 in Coimbatore.,2342.81,1 kg,1
PROD00277,MSE04878,Uttar Pradesh,Kanpur Nagar,Handicrafts & Handloom,Crafts,Papier-mache Decor,Papier-mache Decor by Kanpur Nagar Enterprise 4878 in Kanpur Nagar.,501.06,2 piece,1
PROD00278,MSE04735,Gujarat,Ahmedabad,Food & Beverage,Packaged Foods,Papad,Papad by Ahmedabad Enterprise 4735 in Ahmedabad.,93.47,1 kg,1
PROD00279,MSE03281,Odisha,Sambalpur,Fashion,Women's Apparel,Handloom Dupatta,Handloom Dupatta by Sambalpur Enterprise 3281 in Sambalpur.,1205.44,500 gram,1
PROD00280,MSE04422,Gujarat,Rajkot,Food & Beverage,Packaged Foods,Papad,Papad by Rajkot Enterprise 4422 in Rajkot.,113.78,2 piece,1
PROD00281,MSE04630,Chhattisgarh,Raipur,Home & Kitchen,Home Decor,Wooden Chair,Wooden Chair by Raipur Enterprise 4630 in Raipur.,1281.8,500 gram,0
PROD00282,MSE01448,Chhattisgarh,Raipur,Food & Beverage,Packaged Foods,Masala Mix,Masala Mix by Raipur Enterprise 1448 in Raipur.,340.01,1 kg,1
PROD00283,MSE01177,West Bengal,Siliguri,Home & Kitchen,Home Decor,Kitchen Organizer,Kitchen Organizer by Siliguri Enterprise 1177 in Siliguri.,1037.32,2 piece,0
PROD00284,MSE04925,Rajasthan,Jaipur,Services,Digital Services,Catalog Design,Catalog Design by Jaipur Enterprise 4925 in Jaipur.,4549.86,1 kg,0
PROD00285,MSE02289,Haryana,Faridabad,Home & Kitchen,Home Decor,Kitchen Organizer,Kitchen Organizer by Faridabad Enterprise 2289 in Faridabad.,2596.77,250 ml,0
PROD00286,MSE02740,Tamil Nadu,Madurai,Fashion,Women's Apparel,Silk Stole,Silk Stole by Madurai Enterprise 2740 in Madurai.,2081.69,250 ml,1
PROD00287,MSE04892,Punjab,Amritsar,Home & Kitchen,Home Decor,Decorative Shelf,Decorative Shelf by Amritsar Enterprise 4892 in Amritsar.,677.37,250 ml,0
PROD00288,MSE02122,Uttar Pradesh,Lucknow,Home & Kitchen,Home Decor,Wooden Chair,Wooden Chair by Lucknow Enterprise 2122 in Lucknow.,3118.14,2 piece,0
PROD00289,MSE00095,Gujarat,Surat,Services,Digital Services,IT Support,IT Support by Surat Enterprise 95 in Surat.,3149.48,1 piece,0
PROD00290,MSE00254,Telangana,Hyderabad,Agriculture,Seeds,Compost,Compost by Hyderabad Enterprise 254 in Hyderabad.,624.98,1 kg,0
PROD00291,MSE00631,Maharashtra,Nagpur,Home & Kitchen,Home Decor,Kitchen Organizer,Kitchen Organizer by Nagpur Enterprise 631 in Nagpur.,3087.58,1 kg,0
PROD00292,MSE04301,West Bengal,Siliguri,Agriculture,Seeds,Herbal Saplings,Herbal Saplings by Siliguri Enterprise 4301 in Siliguri.,175.94,1 kg,0
PROD00293,MSE03075,Bihar,Gaya,Fashion,Women's Apparel,Kurta Fabric,Kurta Fabric by Gaya Enterprise 3075 in Gaya.,1622.17,250 ml,1
PROD00294,MSE01618,Rajasthan,Jodhpur,Services,Digital Services,Web Development,Web Development by Jodhpur Enterprise 1618 in Jodhpur.,3485.04,2 piece,0
PROD00295,MSE03717,Chhattisgarh,Bilaspur,Food & Beverage,Packaged Foods,Ready-to-Eat Snacks,Ready-to-Eat Snacks by Bilaspur Enterprise 3717 in Bilaspur.,293.93,1 kg,1
PROD00296,MSE00582,Tamil Nadu,Coimbatore,Beauty & Personal Care,Skincare,Natural Soap,Natural Soap by Coimbatore Enterprise 582 in Coimbatore.,650.03,250 ml,0
PROD00297,MSE00567,Karnataka,Belagavi,Food & Beverage,Packaged Foods,Papad,Papad by Belagavi Enterprise 567 in Belagavi.,165.42,250 ml,1
PROD00298,MSE01710,Uttar Pradesh,Kanpur Nagar,Fashion,Women's Apparel,Silk Stole,Silk Stole by Kanpur Nagar Enterprise 1710 in Kanpur Nagar.,1358.22,1 piece,1
PROD00299,MSE03570,West Bengal,Siliguri,Food & Beverage,Packaged Foods,Mango Pickle,Mango Pickle by Siliguri Enterprise 3570 in Siliguri.,373.6,1 piece,1
PROD00300,MSE04769,Karnataka,Mysuru,Food & Beverage,Packaged Foods,Ready-to-Eat Snacks,Ready-to-Eat Snacks by Mysuru Enterprise 4769 in Mysuru.,88.03,500 gram,1
PROD00301,MSE02520,Karnataka,Mysuru,Fashion,Women's Apparel,Handloom Dupatta,Handloom Dupatta by Mysuru Enterprise 2520 in Mysuru.,2445.35,2 piece,1
PROD00302,MSE04427,Tamil Nadu,Coimbatore,Handicrafts & Handloom,Crafts,Brass Lamp,Brass Lamp by Coimbatore Enterprise 4427 in Coimbatore.,3165.65,250 ml,1
PROD00303,MSE02463,Madhya Pradesh,Indore,Services,Digital Services,IT Support,IT Support by Indore Enterprise 2463 in Indore.,3829.18,2 piece,0
PROD00304,MSE00090,Uttar Pradesh,Kanpur Nagar,Electronics,Mobile & Accessories,Mobile Charger,Mobile Charger by Kanpur Nagar Enterprise 90 in Kanpur Nagar.,1054.28,200 gram,0
PROD00305,MSE00636,Gujarat,Surat,Food & Beverage,Packaged Foods,Ready-to-Eat Snacks,Ready-to-Eat Snacks by Surat Enterprise 636 in Surat.,84.99,500 gram,1
PROD00306,MSE03694,Tamil Nadu,Madurai,Home & Kitchen,Home Decor,Storage Rack,Storage Rack by Madurai Enterprise 3694 in Madurai.,1401.03,200 gram,0
PROD00307,MSE01277,Rajasthan,Jaipur,Services,Digital Services,IT Support,IT Support by Jaipur Enterprise 1277 in Jaipur.,3896.69,250 ml,0
PROD00308,MSE04547,Andhra Pradesh,Tirupati,Food & Beverage,Packaged Foods,Masala Mix,Masala Mix by Tirupati Enterprise 4547 in Tirupati.,405.88,2 piece,1
PROD00309,MSE02338,Jharkhand,Ranchi,Fashion,Women's Apparel,Kurta Fabric,Kurta Fabric by Ranchi Enterprise 2338 in Ranchi.,2982.57,200 gram,1
PROD00310,MSE03073,Uttar Pradesh,Varanasi,Home & Kitchen,Home Decor,Wooden Chair,Wooden Chair by Varanasi Enterprise 3073 in Varanasi.,291.58,2 piece,0
PROD00311,MSE02355,Tamil Nadu,Chennai,Electronics,Mobile & Accessories,LED Bulb,LED Bulb by Chennai Enterprise 2355 in Chennai.,972.32,1 kg,0
PROD00312,MSE04155,Tamil Nadu,Chennai,Beauty & Personal Care,Skincare,Essential Oil,Essential Oil by Chennai Enterprise 4155 in Chennai.,1077.4,2 piece,0
PROD00313,MSE01220,Kerala,Thiruvananthapuram,Beauty & Personal Care,Skincare,Natural Soap,Natural Soap by Thiruvananthapuram Enterprise 1220 in Thiruvananthapuram.,1373.53,200 gram,0
PROD00314,MSE04871,West Bengal,Kolkata,Home & Kitchen,Home Decor,Storage Rack,Storage Rack by Kolkata Enterprise 4871 in Kolkata.,2496.64,200 gram,0
PROD00315,MSE02611,Uttar Pradesh,Lucknow,Beauty & Personal Care,Skincare,Essential Oil,Essential Oil by Lucknow Enterprise 2611 in Lucknow.,481.84,500 gram,0
PROD00316,MSE01376,West Bengal,Siliguri,Food & Beverage,Packaged Foods,Ready-to-Eat Snacks,Ready-to-Eat Snacks by Siliguri Enterprise 1376 in Siliguri.,218.46,250 ml,1
PROD00317,MSE00173,Nagaland,Dimapur,Home & Kitchen,Home Decor,Decorative Shelf,Decorative Shelf by Dimapur Enterprise 173 in Dimapur.,2451.86,2 piece,0
PROD00318,MSE00422,Tamil Nadu,Coimbatore,Fashion,Women's Apparel,Silk Stole,Silk Stole by Coimbatore Enterprise 422 in Coimbatore.,3036.16,250 ml,1
PROD00319,MSE01988,Gujarat,Surat,Home & Kitchen,Home Decor,Wooden Chair,Wooden Chair by Surat Enterprise 1988 in Surat.,1440.76,250 ml,0
PROD00320,MSE04836,Maharashtra,Mumbai,Food & Beverage,Packaged Foods,Ready-to-Eat Snacks,Ready-to-Eat Snacks by Mumbai Enterprise 4836 in Mumbai.,91.53,1 piece,1
PROD00321,MSE04571,Chhattisgarh,Raipur,Food & Beverage,Packaged Foods,Mango Pickle,Mango Pickle by Raipur Enterprise 4571 in Raipur.,120.02,200 gram,1
PROD00322,MSE00654,Delhi,South East Delhi,Electronics,Mobile & Accessories,LED Bulb,LED Bulb by South East Delhi Enterprise 654 in South East Delhi.,4387.37,2 piece,0
PROD00323,MSE00361,West Bengal,Howrah,Fashion,Women's Apparel,Kurta Fabric,Kurta Fabric by Howrah Enterprise 361 in Howrah.,860.49,200 gram,1
PROD00324,MSE02460,Chhattisgarh,Durg,Agriculture,Seeds,Vegetable Seeds,Vegetable Seeds by Durg Enterprise 2460 in Durg.,834.04,2 piece,0
PROD00325,MSE04165,Jharkhand,Dhanbad,Food & Beverage,Packaged Foods,Mango Pickle,Mango Pickle by Dhanbad Enterprise 4165 in Dhanbad.,352.89,1 kg,1
PROD00326,MSE02587,Delhi,South East Delhi,Home & Kitchen,Home Decor,Kitchen Organizer,Kitchen Organizer by South East Delhi Enterprise 2587 in South East Delhi.,2322.26,1 kg,0
PROD00327,MSE04616,Punjab,Jalandhar,Food & Beverage,Packaged Foods,Papad,Papad by Jalandhar Enterprise 4616 in Jalandhar.,227.73,1 piece,1
PROD00328,MSE00124,Himachal Pradesh,Shimla,Home & Kitchen,Home Decor,Kitchen Organizer,Kitchen Organizer by Shimla Enterprise 124 in Shimla.,2187.75,1 piece,0
PROD00329,MSE04138,Madhya Pradesh,Indore,Fashion,Women's Apparel,Silk Stole,Silk Stole by Indore Enterprise 4138 in Indore.,2297.46,200 gram,1
PROD00330,MSE03297,Kerala,Kozhikode,Handicrafts & Handloom,Crafts,Brass Lamp,Brass Lamp by Kozhikode Enterprise 3297 in Kozhikode.,2552.32,250 ml,1
PROD00331,MSE04654,West Bengal,Howrah,Services,Digital Services,Digital Marketing,Digital Marketing by Howrah Enterprise 4654 in Howrah.,5894.35,200 gram,0
PROD00332,MSE01325,Uttar Pradesh,Kanpur Nagar,Food & Beverage,Packaged Foods,Ready-to-Eat Snacks,Ready-to-Eat Snacks by Kanpur Nagar Enterprise 1325 in Kanpur Nagar.,153.1,2 piece,1
PROD00333,MSE04440,Nagaland,Kohima,Services,Digital Services,IT Support,IT Support by Kohima Enterprise 4440 in Kohima.,1610.99,1 kg,0
PROD00334,MSE01967,West Bengal,Kolkata,Electronics,Mobile & Accessories,Mobile Charger,Mobile Charger by Kolkata Enterprise 1967 in Kolkata.,3824.79,200 gram,0
PROD00335,MSE02042,Telangana,Hyderabad,Home & Kitchen,Home Decor,Storage Rack,Storage Rack by Hyderabad Enterprise 2042 in Hyderabad.,2890.4,2 piece,0
PROD00336,MSE02171,Tamil Nadu,Chennai,Electronics,Mobile & Accessories,Power Adapter,Power Adapter by Chennai Enterprise 2171 in Chennai.,8185.57,250 ml,0
PROD00337,MSE01474,Uttar Pradesh,Lucknow,Fashion,Women's Apparel,Kurta Fabric,Kurta Fabric by Lucknow Enterprise 1474 in Lucknow.,2585.45,2 piece,1
PROD00338,MSE03895,Tamil Nadu,Coimbatore,Fashion,Women's Apparel,Cotton Saree,Cotton Saree by Coimbatore Enterprise 3895 in Coimbatore.,814.98,1 piece,1
PROD00339,MSE03551,Jharkhand,Ranchi,Food & Beverage,Packaged Foods,Ready-to-Eat Snacks,Ready-to-Eat Snacks by Ranchi Enterprise 3551 in Ranchi.,343.4,200 gram,1
PROD00340,MSE00682,Rajasthan,Jodhpur,Food & Beverage,Packaged Foods,Ready-to-Eat Snacks,Ready-to-Eat Snacks by Jodhpur Enterprise 682 in Jodhpur.,307.84,250 ml,1
PROD00341,MSE00833,Karnataka,Bengaluru Urban,Services,Digital Services,Digital Marketing,Digital Marketing by Bengaluru Urban Enterprise 833 in Bengaluru Urban.,1141.75,250 ml,0
PROD00342,MSE03655,Delhi,New Delhi,Food & Beverage,Packaged Foods,Ready-to-Eat Snacks,Ready-to-Eat Snacks by New Delhi Enterprise 3655 in New Delhi.,166.05,1 kg,1
PROD00343,MSE03132,Gujarat,Ahmedabad,Fashion,Women's Apparel,Handloom Dupatta,Handloom Dupatta by Ahmedabad Enterprise 3132 in Ahmedabad.,2163.87,2 piece,1
PROD00344,MSE03096,West Bengal,Howrah,Food & Beverage,Packaged Foods,Ready-to-Eat Snacks,Ready-to-Eat Snacks by Howrah Enterprise 3096 in Howrah.,120.97,250 ml,1
PROD00345,MSE04560,Odisha,Khordha,Services,Digital Services,Digital Marketing,Digital Marketing by Khordha Enterprise 4560 in Khordha.,3839.32,1 kg,0
PROD00346,MSE00680,Delhi,North West Delhi,Agriculture,Seeds,Vegetable Seeds,Vegetable Seeds by North West Delhi Enterprise 680 in North West Delhi.,587.96,500 gram,0
PROD00347,MSE01713,Odisha,Khordha,Fashion,Women's Apparel,Handloom Dupatta,Handloom Dupatta by Khordha Enterprise 1713 in Khordha.,2695.71,200 gram,1
PROD00348,MSE02266,Uttar Pradesh,Kanpur Nagar,Fashion,Women's Apparel,Handloom Dupatta,Handloom Dupatta by Kanpur Nagar Enterprise 2266 in Kanpur Nagar.,535.37,200 gram,1
PROD00349,MSE00819,Gujarat,Ahmedabad,Fashion,Women's Apparel,Silk Stole,Silk Stole by Ahmedabad Enterprise 819 in Ahmedabad.,1906.74,1 kg,1
PROD00350,MSE03611,Madhya Pradesh,Indore,Beauty & Personal Care,Skincare,Essential Oil,Essential Oil by Indore Enterprise 3611 in Indore.,936.67,250 ml,0
PROD00351,MSE02533,Telangana,Nizamabad,Handicrafts & Handloom,Crafts,Brass Lamp,Brass Lamp by Nizamabad Enterprise 2533 in Nizamabad.,3502.85,1 kg,1
PROD00352,MSE02411,Gujarat,Surat,Food & Beverage,Packaged Foods,Mango Pickle,Mango Pickle by Surat Enterprise 2411 in Surat.,359.84,500 gram,1
PROD00353,MSE04184,Maharashtra,Mumbai,Fashion,Women's Apparel,Cotton Saree,Cotton Saree by Mumbai Enterprise 4184 in Mumbai.,1333.11,1 kg,1
PROD00354,MSE03007,West Bengal,Siliguri,Home & Kitchen,Home Decor,Decorative Shelf,Decorative Shelf by Siliguri Enterprise 3007 in Siliguri.,454.08,1 kg,0
PROD00355,MSE02923,Kerala,Thiruvananthapuram,Food & Beverage,Packaged Foods,Papad,Papad by Thiruvananthapuram Enterprise 2923 in Thiruvananthapuram.,141.62,1 kg,1
PROD00356,MSE03008,Bihar,Patna,Food & Beverage,Packaged Foods,Papad,Papad by Patna Enterprise 3008 in Patna.,320.42,1 kg,1
PROD00357,MSE03224,Tamil Nadu,Chennai,Fashion,Women's Apparel,Cotton Saree,Cotton Saree by Chennai Enterprise 3224 in Chennai.,950.96,1 kg,1
PROD00358,MSE01757,Maharashtra,Mumbai,Home & Kitchen,Home Decor,Wooden Chair,Wooden Chair by Mumbai Enterprise 1757 in Mumbai.,3087.45,2 piece,0
PROD00359,MSE02341,Gujarat,Surat,Food & Beverage,Packaged Foods,Ready-to-Eat Snacks,Ready-to-Eat Snacks by Surat Enterprise 2341 in Surat.,203.35,2 piece,1
PROD00360,MSE04027,Rajasthan,Jodhpur,Handicrafts & Handloom,Crafts,Wooden Craft,Wooden Craft by Jodhpur Enterprise 4027 in Jodhpur.,3801.86,1 kg,1
PROD00361,MSE01124,Karnataka,Mysuru,Food & Beverage,Packaged Foods,Ready-to-Eat Snacks,Ready-to-Eat Snacks by Mysuru Enterprise 1124 in Mysuru.,286.75,2 piece,1
PROD00362,MSE01648,Karnataka,Bengaluru Urban,Fashion,Women's Apparel,Silk Stole,Silk Stole by Bengaluru Urban Enterprise 1648 in Bengaluru Urban.,2944.14,250 ml,1
PROD00363,MSE00294,Assam,Dibrugarh,Services,Digital Services,Web Development,Web Development by Dibrugarh Enterprise 294 in Dibrugarh.,817.92,250 ml,0
PROD00364,MSE00877,Andhra Pradesh,Vijayawada,Fashion,Women's Apparel,Cotton Saree,Cotton Saree by Vijayawada Enterprise 877 in Vijayawada.,1667.17,200 gram,1
PROD00365,MSE02451,Uttar Pradesh,Kanpur Nagar,Home & Kitchen,Home Decor,Kitchen Organizer,Kitchen Organizer by Kanpur Nagar Enterprise 2451 in Kanpur Nagar.,649.54,1 kg,0
PROD00366,MSE02046,Tamil Nadu,Chennai,Fashion,Women's Apparel,Kurta Fabric,Kurta Fabric by Chennai Enterprise 2046 in Chennai.,2693.67,200 gram,1
PROD00367,MSE01869,Karnataka,Bengaluru Urban,Handicrafts & Handloom,Crafts,Brass Lamp,Brass Lamp by Bengaluru Urban Enterprise 1869 in Bengaluru Urban.,696.5,1 kg,1
PROD00368,MSE02485,Gujarat,Ahmedabad,Agriculture,Seeds,Compost,Compost by Ahmedabad Enterprise 2485 in Ahmedabad.,520.64,500 gram,0
PROD00369,MSE01328,Manipur,Imphal West,Fashion,Women's Apparel,Handloom Dupatta,Handloom Dupatta by Imphal West Enterprise 1328 in Imphal West.,2077.06,250 ml,1
PROD00370,MSE01080,Karnataka,Bengaluru Urban,Electronics,Mobile & Accessories,Mobile Charger,Mobile Charger by Bengaluru Urban Enterprise 1080 in Bengaluru Urban.,2436.97,2 piece,0
PROD00371,MSE04635,Delhi,New Delhi,Agriculture,Seeds,Herbal Saplings,Herbal Saplings by New Delhi Enterprise 4635 in New Delhi.,850.78,1 piece,0
PROD00372,MSE01529,Uttar Pradesh,Kanpur Nagar,Fashion,Women's Apparel,Handloom Dupatta,Handloom Dupatta by Kanpur Nagar Enterprise 1529 in Kanpur Nagar.,724.18,2 piece,1
PROD00373,MSE01490,Punjab,Ludhiana,Agriculture,Seeds,Organic Fertilizer,Organic Fertilizer by Ludhiana Enterprise 1490 in Ludhiana.,981.18,200 gram,0
PROD00374,MSE04274,Madhya Pradesh,Bhopal,Beauty & Personal Care,Skincare,Herbal Face Pack,Herbal Face Pack by Bhopal Enterprise 4274 in Bhopal.,1713.46,200 gram,0
PROD00375,MSE04205,Maharashtra,Pune,Home & Kitchen,Home Decor,Wooden Chair,Wooden Chair by Pune Enterprise 4205 in Pune.,2562.52,500 gram,0
PROD00376,MSE02372,Madhya Pradesh,Jabalpur,Services,Digital Services,IT Support,IT Support by Jabalpur Enterprise 2372 in Jabalpur.,5610.52,500 gram,0
PROD00377,MSE04771,West Bengal,Siliguri,Food & Beverage,Packaged Foods,Papad,Papad by Siliguri Enterprise 4771 in Siliguri.,297.56,250 ml,1
PROD00378,MSE00158,Karnataka,Belagavi,Food & Beverage,Packaged Foods,Masala Mix,Masala Mix by Belagavi Enterprise 158 in Belagavi.,129.58,200 gram,1
PROD00379,MSE00912,Tamil Nadu,Chennai,Food & Beverage,Packaged Foods,Papad,Papad by Chennai Enterprise 912 in Chennai.,109.88,1 piece,1
PROD00380,MSE04997,West Bengal,Howrah,Fashion,Women's Apparel,Kurta Fabric,Kurta Fabric by Howrah Enterprise 4997 in Howrah.,615.15,500 gram,1
PROD00381,MSE03641,Uttar Pradesh,Kanpur Nagar,Food & Beverage,Packaged Foods,Ready-to-Eat Snacks,Ready-to-Eat Snacks by Kanpur Nagar Enterprise 3641 in Kanpur Nagar.,299.48,500 gram,1
PROD00382,MSE00920,West Bengal,Kolkata,Beauty & Personal Care,Skincare,Ayurvedic Balm,Ayurvedic Balm by Kolkata Enterprise 920 in Kolkata.,953.96,200 gram,0
PROD00383,MSE00954,Delhi,New Delhi,Handicrafts & Handloom,Crafts,Papier-mache Decor,Papier-mache Decor by New Delhi Enterprise 954 in New Delhi.,789.91,2 piece,1
PROD00384,MSE00236,Karnataka,Mysuru,Food & Beverage,Packaged Foods,Mango Pickle,Mango Pickle by Mysuru Enterprise 236 in Mysuru.,98.61,500 gram,1
PROD00385,MSE02023,Assam,Dibrugarh,Food & Beverage,Packaged Foods,Ready-to-Eat Snacks,Ready-to-Eat Snacks by Dibrugarh Enterprise 2023 in Dibrugarh.,103.42,2 piece,1
PROD00386,MSE03676,Odisha,Sambalpur,Fashion,Women's Apparel,Kurta Fabric,Kurta Fabric by Sambalpur Enterprise 3676 in Sambalpur.,2182.83,200 gram,1
PROD00387,MSE00965,Maharashtra,Nagpur,Fashion,Women's Apparel,Handloom Dupatta,Handloom Dupatta by Nagpur Enterprise 965 in Nagpur.,1403.94,1 kg,1
PROD00388,MSE01166,Rajasthan,Jaipur,Handicrafts & Handloom,Crafts,Wooden Craft,Wooden Craft by Jaipur Enterprise 1166 in Jaipur.,4151.77,1 piece,1
PROD00389,MSE03172,Karnataka,Mysuru,Home & Kitchen,Home Decor,Wooden Chair,Wooden Chair by Mysuru Enterprise 3172 in Mysuru.,1379.08,2 piece,0
PROD00390,MSE00607,Maharashtra,Mumbai,Beauty & Personal Care,Skincare,Ayurvedic Balm,Ayurvedic Balm by Mumbai Enterprise 607 in Mumbai.,870.0,1 kg,0
PROD00391,MSE01385,Andhra Pradesh,Tirupati,Fashion,Women's Apparel,Handloom Dupatta,Handloom Dupatta by Tirupati Enterprise 1385 in Tirupati.,2023.29,1 kg,1
PROD00392,MSE00447,Uttar Pradesh,Kanpur Nagar,Food & Beverage,Packaged Foods,Mango Pickle,Mango Pickle by Kanpur Nagar Enterprise 447 in Kanpur Nagar.,356.98,250 ml,1
PROD00393,MSE00929,Maharashtra,Pune,Agriculture,Seeds,Herbal Saplings,Herbal Saplings by Pune Enterprise 929 in Pune.,287.52,500 gram,0
PROD00394,MSE03974,Uttar Pradesh,Kanpur Nagar,Fashion,Women's Apparel,Kurta Fabric,Kurta Fabric by Kanpur Nagar Enterprise 3974 in Kanpur Nagar.,461.85,200 gram,1
PROD00395,MSE01934,Uttar Pradesh,Varanasi,Food & Beverage,Packaged Foods,Mango Pickle,Mango Pickle by Varanasi Enterprise 1934 in Varanasi.,303.42,1 kg,1
PROD00396,MSE02029,Madhya Pradesh,Bhopal,Fashion,Women's Apparel,Kurta Fabric,Kurta Fabric by Bhopal Enterprise 2029 in Bhopal.,1605.18,1 piece,1
PROD00397,MSE04918,Maharashtra,Mumbai,Home & Kitchen,Home Decor,Kitchen Organizer,Kitchen Organizer by Mumbai Enterprise 4918 in Mumbai.,2174.87,1 piece,0
PROD00398,MSE03523,Gujarat,Surat,Home & Kitchen,Home Decor,Storage Rack,Storage Rack by Surat Enterprise 3523 in Surat.,941.31,1 kg,0
PROD00399,MSE01213,Uttar Pradesh,Varanasi,Handicrafts & Handloom,Crafts,Wooden Craft,Wooden Craft by Varanasi Enterprise 1213 in Varanasi.,316.91,2 piece,1
PROD00400,MSE03308,West Bengal,Howrah,Home & Kitchen,Home Decor,Wooden Chair,Wooden Chair by Howrah Enterprise 3308 in Howrah.,2949.7,500 gram,0
PROD00401,MSE00416,Gujarat,Ahmedabad,Fashion,Women's Apparel,Silk Stole,Silk Stole by Ahmedabad Enterprise 416 in Ahmedabad.,2136.77,1 kg,1
PROD00402,MSE00188,Bihar,Patna,Agriculture,Seeds,Herbal Saplings,Herbal Saplings by Patna Enterprise 188 in Patna.,363.27,2 piece,0
PROD00403,MSE00675,Rajasthan,Jodhpur,Food & Beverage,Packaged Foods,Masala Mix,Masala Mix by Jodhpur Enterprise 675 in Jodhpur.,417.91,2 piece,1
PROD00404,MSE03346,Rajasthan,Udaipur,Beauty & Personal Care,Skincare,Natural Soap,Natural Soap by Udaipur Enterprise 3346 in Udaipur.,811.57,2 piece,0
PROD00405,MSE03379,Gujarat,Surat,Home & Kitchen,Home Decor,Storage Rack,Storage Rack by Surat Enterprise 3379 in Surat.,2584.42,2 piece,0
PROD00406,MSE01694,Madhya Pradesh,Jabalpur,Food & Beverage,Packaged Foods,Masala Mix,Masala Mix by Jabalpur Enterprise 1694 in Jabalpur.,327.6,1 kg,1
PROD00407,MSE03640,Gujarat,Rajkot,Electronics,Mobile & Accessories,LED Bulb,LED Bulb by Rajkot Enterprise 3640 in Rajkot.,2761.35,250 ml,0
PROD00408,MSE04698,Gujarat,Surat,Beauty & Personal Care,Skincare,Natural Soap,Natural Soap by Surat Enterprise 4698 in Surat.,597.04,1 piece,0
PROD00409,MSE01661,Bihar,Muzaffarpur,Home & Kitchen,Home Decor,Storage Rack,Storage Rack by Muzaffarpur Enterprise 1661 in Muzaffarpur.,2875.04,250 ml,0
PROD00410,MSE02425,West Bengal,Howrah,Services,Digital Services,Digital Marketing,Digital Marketing by Howrah Enterprise 2425 in Howrah.,3331.15,500 gram,0
PROD00411,MSE03166,Odisha,Khordha,Home & Kitchen,Home Decor,Kitchen Organizer,Kitchen Organizer by Khordha Enterprise 3166 in Khordha.,1305.09,1 kg,0
PROD00412,MSE01338,Tamil Nadu,Madurai,Electronics,Mobile & Accessories,LED Bulb,LED Bulb by Madurai Enterprise 1338 in Madurai.,2172.85,500 gram,0
PROD00413,MSE00755,Uttar Pradesh,Varanasi,Home & Kitchen,Home Decor,Kitchen Organizer,Kitchen Organizer by Varanasi Enterprise 755 in Varanasi.,2912.72,1 piece,0
PROD00414,MSE02351,Chhattisgarh,Bilaspur,Electronics,Mobile & Accessories,LED Bulb,LED Bulb by Bilaspur Enterprise 2351 in Bilaspur.,6307.25,200 gram,0
PROD00415,MSE04196,Uttar Pradesh,Kanpur Nagar,Handicrafts & Handloom,Crafts,Wooden Craft,Wooden Craft by Kanpur Nagar Enterprise 4196 in Kanpur Nagar.,660.74,1 piece,1
PROD00416,MSE00452,Andhra Pradesh,Vijayawada,Fashion,Women's Apparel,Silk Stole,Silk Stole by Vijayawada Enterprise 452 in Vijayawada.,386.74,500 gram,1
PROD00417,MSE01605,Uttar Pradesh,Kanpur Nagar,Fashion,Women's Apparel,Silk Stole,Silk Stole by Kanpur Nagar Enterprise 1605 in Kanpur Nagar.,2518.67,2 piece,1
PROD00418,MSE01272,Tamil Nadu,Madurai,Services,Digital Services,Catalog Design,Catalog Design by Madurai Enterprise 1272 in Madurai.,5335.32,2 piece,0
PROD00419,MSE01443,Uttarakhand,Haridwar,Services,Digital Services,Digital Marketing,Digital Marketing by Haridwar Enterprise 1443 in Haridwar.,1723.74,250 ml,0
PROD00420,MSE00218,Tamil Nadu,Madurai,Electronics,Mobile & Accessories,Power Adapter,Power Adapter by Madurai Enterprise 218 in Madurai.,5614.95,500 gram,0
PROD00421,MSE02697,Rajasthan,Jodhpur,Services,Digital Services,IT Support,IT Support by Jodhpur Enterprise 2697 in Jodhpur.,4621.17,500 gram,0
PROD00422,MSE04825,Gujarat,Rajkot,Fashion,Women's Apparel,Silk Stole,Silk Stole by Rajkot Enterprise 4825 in Rajkot.,3164.06,500 gram,1
PROD00423,MSE03305,Maharashtra,Mumbai,Fashion,Women's Apparel,Handloom Dupatta,Handloom Dupatta by Mumbai Enterprise 3305 in Mumbai.,702.91,200 gram,1
PROD00424,MSE04402,Gujarat,Ahmedabad,Fashion,Women's Apparel,Handloom Dupatta,Handloom Dupatta by Ahmedabad Enterprise 4402 in Ahmedabad.,2310.52,2 piece,1
PROD00425,MSE02282,Madhya Pradesh,Jabalpur,Home & Kitchen,Home Decor,Wooden Chair,Wooden Chair by Jabalpur Enterprise 2282 in Jabalpur.,935.01,1 kg,0
PROD00426,MSE01927,Andhra Pradesh,Tirupati,Handicrafts & Handloom,Crafts,Papier-mache Decor,Papier-mache Decor by Tirupati Enterprise 1927 in Tirupati.,3354.88,500 gram,1
PROD00427,MSE01510,Maharashtra,Mumbai,Handicrafts & Handloom,Crafts,Brass Lamp,Brass Lamp by Mumbai Enterprise 1510 in Mumbai.,670.14,1 piece,1
PROD00428,MSE00705,Rajasthan,Udaipur,Handicrafts & Handloom,Crafts,Wooden Craft,Wooden Craft by Udaipur Enterprise 705 in Udaipur.,3907.92,1 kg,1
PROD00429,MSE02655,Gujarat,Surat,Food & Beverage,Packaged Foods,Papad,Papad by Surat Enterprise 2655 in Surat.,205.05,1 piece,1
PROD00430,MSE00996,Karnataka,Mysuru,Agriculture,Seeds,Herbal Saplings,Herbal Saplings by Mysuru Enterprise 996 in Mysuru.,990.6,500 gram,0
PROD00431,MSE01702,Uttar Pradesh,Kanpur Nagar,Home & Kitchen,Home Decor,Wooden Chair,Wooden Chair by Kanpur Nagar Enterprise 1702 in Kanpur Nagar.,2529.37,200 gram,0
PROD00432,MSE03813,Uttar Pradesh,Varanasi,Food & Beverage,Packaged Foods,Papad,Papad by Varanasi Enterprise 3813 in Varanasi.,213.26,200 gram,1
PROD00433,MSE02885,Sikkim,West Sikkim,Food & Beverage,Packaged Foods,Papad,Papad by West Sikkim Enterprise 2885 in West Sikkim.,141.37,250 ml,1
PROD00434,MSE01862,Andhra Pradesh,Vijayawada,Handicrafts & Handloom,Crafts,Papier-mache Decor,Papier-mache Decor by Vijayawada Enterprise 1862 in Vijayawada.,1169.22,200 gram,1
PROD00435,MSE03322,Bihar,Gaya,Agriculture,Seeds,Organic Fertilizer,Organic Fertilizer by Gaya Enterprise 3322 in Gaya.,67.42,2 piece,0
PROD00436,MSE03066,Maharashtra,Mumbai,Home & Kitchen,Home Decor,Decorative Shelf,Decorative Shelf by Mumbai Enterprise 3066 in Mumbai.,195.44,1 kg,0
PROD00437,MSE02621,Maharashtra,Mumbai,Home & Kitchen,Home Decor,Kitchen Organizer,Kitchen Organizer by Mumbai Enterprise 2621 in Mumbai.,1519.35,2 piece,0
PROD00438,MSE00394,Karnataka,Bengaluru Urban,Services,Digital Services,Digital Marketing,Digital Marketing by Bengaluru Urban Enterprise 394 in Bengaluru Urban.,1447.74,250 ml,0
PROD00439,MSE02365,Uttar Pradesh,Lucknow,Agriculture,Seeds,Vegetable Seeds,Vegetable Seeds by Lucknow Enterprise 2365 in Lucknow.,1091.34,2 piece,0
PROD00440,MSE04782,Odisha,Khordha,Fashion,Women's Apparel,Cotton Saree,Cotton Saree by Khordha Enterprise 4782 in Khordha.,774.35,500 gram,1
PROD00441,MSE04217,Andhra Pradesh,Vijayawada,Handicrafts & Handloom,Crafts,Wooden Craft,Wooden Craft by Vijayawada Enterprise 4217 in Vijayawada.,1198.88,1 kg,1
PROD00442,MSE04865,Gujarat,Surat,Food & Beverage,Packaged Foods,Ready-to-Eat Snacks,Ready-to-Eat Snacks by Surat Enterprise 4865 in Surat.,375.29,200 gram,1
PROD00443,MSE03112,Tamil Nadu,Coimbatore,Food & Beverage,Packaged Foods,Papad,Papad by Coimbatore Enterprise 3112 in Coimbatore.,396.38,250 ml,1
PROD00444,MSE01574,Andhra Pradesh,Tirupati,Fashion,Women's Apparel,Kurta Fabric,Kurta Fabric by Tirupati Enterprise 1574 in Tirupati.,3180.03,1 kg,1
PROD00445,MSE02113,Uttar Pradesh,Varanasi,Fashion,Women's Apparel,Kurta Fabric,Kurta Fabric by Varanasi Enterprise 2113 in Varanasi.,1619.82,1 kg,1
PROD00446,MSE03521,West Bengal,Siliguri,Food & Beverage,Packaged Foods,Masala Mix,Masala Mix by Siliguri Enterprise 3521 in Siliguri.,308.19,200 gram,1
PROD00447,MSE04694,Uttar Pradesh,Lucknow,Home & Kitchen,Home Decor,Kitchen Organizer,Kitchen Organizer by Lucknow Enterprise 4694 in Lucknow.,771.83,1 piece,0
PROD00448,MSE04309,Rajasthan,Jaipur,Food & Beverage,Packaged Foods,Papad,Papad by Jaipur Enterprise 4309 in Jaipur.,347.92,2 piece,1
PROD00449,MSE00925,Kerala,Ernakulam,Beauty & Personal Care,Skincare,Herbal Face Pack,Herbal Face Pack by Ernakulam Enterprise 925 in Ernakulam.,659.04,500 gram,0
PROD00450,MSE00078,Maharashtra,Pune,Handicrafts & Handloom,Crafts,Terracotta Pot,Terracotta Pot by Pune Enterprise 78 in Pune.,2267.12,200 gram,1
PROD00451,MSE02143,Uttar Pradesh,Lucknow,Electronics,Mobile & Accessories,Mobile Charger,Mobile Charger by Lucknow Enterprise 2143 in Lucknow.,6257.8,250 ml,0
PROD00452,MSE03807,Karnataka,Mysuru,Services,Digital Services,Web Development,Web Development by Mysuru Enterprise 3807 in Mysuru.,900.09,1 kg,0
PROD00453,MSE02398,Rajasthan,Jodhpur,Food & Beverage,Packaged Foods,Mango Pickle,Mango Pickle by Jodhpur Enterprise 2398 in Jodhpur.,228.64,1 kg,1
PROD00454,MSE03040,Rajasthan,Jaipur,Home & Kitchen,Home Decor,Decorative Shelf,Decorative Shelf by Jaipur Enterprise 3040 in Jaipur.,1871.26,200 gram,0
PROD00455,MSE04238,Maharashtra,Mumbai,Services,Digital Services,Catalog Design,Catalog Design by Mumbai Enterprise 4238 in Mumbai.,2312.9,1 piece,0
PROD00456,MSE02589,Maharashtra,Mumbai,Food & Beverage,Packaged Foods,Ready-to-Eat Snacks,Ready-to-Eat Snacks by Mumbai Enterprise 2589 in Mumbai.,170.91,250 ml,1
PROD00457,MSE04658,Tamil Nadu,Coimbatore,Agriculture,Seeds,Herbal Saplings,Herbal Saplings by Coimbatore Enterprise 4658 in Coimbatore.,532.22,250 ml,0
PROD00458,MSE00106,Gujarat,Ahmedabad,Handicrafts & Handloom,Crafts,Brass Lamp,Brass Lamp by Ahmedabad Enterprise 106 in Ahmedabad.,3393.59,1 piece,1
PROD00459,MSE00459,Himachal Pradesh,Kangra,Fashion,Women's Apparel,Kurta Fabric,Kurta Fabric by Kangra Enterprise 459 in Kangra.,2667.4,2 piece,1
PROD00460,MSE04073,Maharashtra,Nagpur,Home & Kitchen,Home Decor,Storage Rack,Storage Rack by Nagpur Enterprise 4073 in Nagpur.,2278.57,2 piece,0
PROD00461,MSE02158,Karnataka,Mysuru,Electronics,Mobile & Accessories,LED Bulb,LED Bulb by Mysuru Enterprise 2158 in Mysuru.,847.46,200 gram,0
PROD00462,MSE00358,Odisha,Khordha,Fashion,Women's Apparel,Silk Stole,Silk Stole by Khordha Enterprise 358 in Khordha.,1973.02,250 ml,1
PROD00463,MSE03844,Kerala,Kozhikode,Handicrafts & Handloom,Crafts,Papier-mache Decor,Papier-mache Decor by Kozhikode Enterprise 3844 in Kozhikode.,2488.22,500 gram,1
PROD00464,MSE01021,Tamil Nadu,Chennai,Food & Beverage,Packaged Foods,Papad,Papad by Chennai Enterprise 1021 in Chennai.,105.61,2 piece,1
PROD00465,MSE02373,Uttar Pradesh,Kanpur Nagar,Food & Beverage,Packaged Foods,Mango Pickle,Mango Pickle by Kanpur Nagar Enterprise 2373 in Kanpur Nagar.,207.39,250 ml,1
PROD00466,MSE03554,Andhra Pradesh,Vijayawada,Agriculture,Seeds,Organic Fertilizer,Organic Fertilizer by Vijayawada Enterprise 3554 in Vijayawada.,285.84,250 ml,0
PROD00467,MSE04959,Bihar,Patna,Services,Digital Services,IT Support,IT Support by Patna Enterprise 4959 in Patna.,5218.83,2 piece,0
PROD00468,MSE02865,Odisha,Sambalpur,Agriculture,Seeds,Herbal Saplings,Herbal Saplings by Sambalpur Enterprise 2865 in Sambalpur.,578.44,1 piece,0
PROD00469,MSE00559,Karnataka,Mysuru,Services,Digital Services,IT Support,IT Support by Mysuru Enterprise 559 in Mysuru.,1409.41,200 gram,0
PROD00470,MSE00042,West Bengal,Kolkata,Handicrafts & Handloom,Crafts,Terracotta Pot,Terracotta Pot by Kolkata Enterprise 42 in Kolkata.,1524.99,2 piece,1
PROD00471,MSE03264,Uttarakhand,Haridwar,Handicrafts & Handloom,Crafts,Wooden Craft,Wooden Craft by Haridwar Enterprise 3264 in Haridwar.,1646.39,250 ml,1
PROD00472,MSE01627,Karnataka,Bengaluru Urban,Food & Beverage,Packaged Foods,Ready-to-Eat Snacks,Ready-to-Eat Snacks by Bengaluru Urban Enterprise 1627 in Bengaluru Urban.,278.27,1 piece,1
PROD00473,MSE02045,Kerala,Thiruvananthapuram,Agriculture,Seeds,Vegetable Seeds,Vegetable Seeds by Thiruvananthapuram Enterprise 2045 in Thiruvananthapuram.,437.78,500 gram,0
PROD00474,MSE04869,Uttar Pradesh,Kanpur Nagar,Fashion,Women's Apparel,Handloom Dupatta,Handloom Dupatta by Kanpur Nagar Enterprise 4869 in Kanpur Nagar.,2744.99,250 ml,1
PROD00475,MSE04219,Rajasthan,Jodhpur,Agriculture,Seeds,Vegetable Seeds,Vegetable Seeds by Jodhpur Enterprise 4219 in Jodhpur.,699.33,200 gram,0
PROD00476,MSE00610,Uttar Pradesh,Varanasi,Electronics,Mobile & Accessories,LED Bulb,LED Bulb by Varanasi Enterprise 610 in Varanasi.,3595.38,250 ml,0
PROD00477,MSE04366,Uttar Pradesh,Varanasi,Fashion,Women's Apparel,Cotton Saree,Cotton Saree by Varanasi Enterprise 4366 in Varanasi.,869.14,500 gram,1
PROD00478,MSE03486,Karnataka,Mysuru,Fashion,Women's Apparel,Cotton Saree,Cotton Saree by Mysuru Enterprise 3486 in Mysuru.,1144.45,500 gram,1
PROD00479,MSE03216,Chhattisgarh,Raipur,Agriculture,Seeds,Vegetable Seeds,Vegetable Seeds by Raipur Enterprise 3216 in Raipur.,308.25,250 ml,0
PROD00480,MSE00561,Uttar Pradesh,Kanpur Nagar,Agriculture,Seeds,Organic Fertilizer,Organic Fertilizer by Kanpur Nagar Enterprise 561 in Kanpur Nagar.,707.25,200 gram,0
PROD00481,MSE04681,Punjab,Amritsar,Handicrafts & Handloom,Crafts,Terracotta Pot,Terracotta Pot by Amritsar Enterprise 4681 in Amritsar.,2369.92,2 piece,1
PROD00482,MSE02458,Tamil Nadu,Chennai,Agriculture,Seeds,Herbal Saplings,Herbal Saplings by Chennai Enterprise 2458 in Chennai.,962.01,1 kg,0
PROD00483,MSE02859,Maharashtra,Mumbai,Agriculture,Seeds,Organic Fertilizer,Organic Fertilizer by Mumbai Enterprise 2859 in Mumbai.,862.7,200 gram,0
PROD00484,MSE02971,West Bengal,Howrah,Fashion,Women's Apparel,Kurta Fabric,Kurta Fabric by Howrah Enterprise 2971 in Howrah.,860.0,2 piece,1
PROD00485,MSE04804,Odisha,Khordha,Food & Beverage,Packaged Foods,Ready-to-Eat Snacks,Ready-to-Eat Snacks by Khordha Enterprise 4804 in Khordha.,319.14,1 kg,1
PROD00486,MSE01655,Karnataka,Bengaluru Urban,Agriculture,Seeds,Herbal Saplings,Herbal Saplings by Bengaluru Urban Enterprise 1655 in Bengaluru Urban.,991.9,1 piece,0
PROD00487,MSE01880,Gujarat,Rajkot,Home & Kitchen,Home Decor,Kitchen Organizer,Kitchen Organizer by Rajkot Enterprise 1880 in Rajkot.,1682.21,1 piece,0
PROD00488,MSE02514,Uttar Pradesh,Kanpur Nagar,Services,Digital Services,Catalog Design,Catalog Design by Kanpur Nagar Enterprise 2514 in Kanpur Nagar.,914.07,1 piece,0
PROD00489,MSE02418,Haryana,Gurugram,Food & Beverage,Packaged Foods,Mango Pickle,Mango Pickle by Gurugram Enterprise 2418 in Gurugram.,348.72,1 piece,1
PROD00490,MSE02480,Maharashtra,Mumbai,Food & Beverage,Packaged Foods,Mango Pickle,Mango Pickle by Mumbai Enterprise 2480 in Mumbai.,278.63,1 kg,1
PROD00491,MSE02106,Gujarat,Surat,Food & Beverage,Packaged Foods,Ready-to-Eat Snacks,Ready-to-Eat Snacks by Surat Enterprise 2106 in Surat.,400.37,1 kg,1
PROD00492,MSE01140,Himachal Pradesh,Mandi,Food & Beverage,Packaged Foods,Ready-to-Eat Snacks,Ready-to-Eat Snacks by Mandi Enterprise 1140 in Mandi.,347.51,250 ml,1
PROD00493,MSE04081,Rajasthan,Jaipur,Home & Kitchen,Home Decor,Decorative Shelf,Decorative Shelf by Jaipur Enterprise 4081 in Jaipur.,3223.08,1 piece,0
PROD00494,MSE04063,Chhattisgarh,Bilaspur,Food & Beverage,Packaged Foods,Papad,Papad by Bilaspur Enterprise 4063 in Bilaspur.,205.86,1 piece,1
PROD00495,MSE04908,Jammu & Kashmir,Anantnag,Services,Digital Services,Web Development,Web Development by Anantnag Enterprise 4908 in Anantnag.,1185.32,1 kg,0
PROD00496,MSE02815,Manipur,Churachandpur,Beauty & Personal Care,Skincare,Ayurvedic Balm,Ayurvedic Balm by Churachandpur Enterprise 2815 in Churachandpur.,874.4,500 gram,0
PROD00497,MSE03561,West Bengal,Kolkata,Fashion,Women's Apparel,Kurta Fabric,Kurta Fabric by Kolkata Enterprise 3561 in Kolkata.,1479.69,500 gram,1
PROD00498,MSE03614,Madhya Pradesh,Bhopal,Services,Digital Services,Digital Marketing,Digital Marketing by Bhopal Enterprise 3614 in Bhopal.,3153.27,1 kg,0
PROD00499,MSE00390,Odisha,Sambalpur,Agriculture,Seeds,Herbal Saplings,Herbal Saplings by Sambalpur Enterprise 390 in Sambalpur.,252.61,200 gram,0
PROD00500,MSE02390,Bihar,Patna,Food & Beverage,Packaged Foods,Ready-to-Eat Snacks,Ready-to-Eat Snacks by Patna Enterprise 2390 in Patna.,236.78,2 piece,1
PROD00501,MSE00324,Uttar Pradesh,Kanpur Nagar,Agriculture,Seeds,Herbal Saplings,Herbal Saplings by Kanpur Nagar Enterprise 324 in Kanpur Nagar.,155.25,2 piece,0
PROD00502,MSE01331,Uttar Pradesh,Varanasi,Handicrafts & Handloom,Crafts,Wooden Craft,Wooden Craft by Varanasi Enterprise 1331 in Varanasi.,3518.41,1 kg,1
PROD00503,MSE03557,Uttar Pradesh,Varanasi,Home & Kitchen,Home Decor,Decorative Shelf,Decorative Shelf by Varanasi Enterprise 3557 in Varanasi.,1239.48,1 kg,0
PROD00504,MSE01464,Maharashtra,Pune,Fashion,Women's Apparel,Silk Stole,Silk Stole by Pune Enterprise 1464 in Pune.,1351.23,2 piece,1
PROD00505,MSE00461,Rajasthan,Jaipur,Electronics,Mobile & Accessories,Mobile Charger,Mobile Charger by Jaipur Enterprise 461 in Jaipur.,6909.41,250 ml,0
PROD00506,MSE03402,Maharashtra,Nagpur,Home & Kitchen,Home Decor,Wooden Chair,Wooden Chair by Nagpur Enterprise 3402 in Nagpur.,1902.73,1 kg,0
PROD00507,MSE03093,Delhi,North West Delhi,Fashion,Women's Apparel,Kurta Fabric,Kurta Fabric by North West Delhi Enterprise 3093 in North West Delhi.,649.56,500 gram,1
PROD00508,MSE04986,Uttar Pradesh,Varanasi,Food & Beverage,Packaged Foods,Mango Pickle,Mango Pickle by Varanasi Enterprise 4986 in Varanasi.,303.85,2 piece,1
PROD00509,MSE04695,Maharashtra,Nagpur,Handicrafts & Handloom,Crafts,Brass Lamp,Brass Lamp by Nagpur Enterprise 4695 in Nagpur.,2833.02,1 piece,1
PROD00510,MSE04320,West Bengal,Siliguri,Home & Kitchen,Home Decor,Kitchen Organizer,Kitchen Organizer by Siliguri Enterprise 4320 in Siliguri.,1298.87,250 ml,0
PROD00511,MSE02566,Kerala,Kozhikode,Food & Beverage,Packaged Foods,Masala Mix,Masala Mix by Kozhikode Enterprise 2566 in Kozhikode.,311.77,200 gram,1
PROD00512,MSE01644,Maharashtra,Mumbai,Food & Beverage,Packaged Foods,Ready-to-Eat Snacks,Ready-to-Eat Snacks by Mumbai Enterprise 1644 in Mumbai.,357.64,1 piece,1
PROD00513,MSE03250,Jammu & Kashmir,Jammu,Food & Beverage,Packaged Foods,Ready-to-Eat Snacks,Ready-to-Eat Snacks by Jammu Enterprise 3250 in Jammu.,379.18,500 gram,1
PROD00514,MSE04037,Assam,Silchar,Food & Beverage,Packaged Foods,Ready-to-Eat Snacks,Ready-to-Eat Snacks by Silchar Enterprise 4037 in Silchar.,381.16,500 gram,1
PROD00515,MSE01041,Rajasthan,Udaipur,Home & Kitchen,Home Decor,Storage Rack,Storage Rack by Udaipur Enterprise 1041 in Udaipur.,401.71,500 gram,0
PROD00516,MSE01344,Uttar Pradesh,Varanasi,Beauty & Personal Care,Skincare,Ayurvedic Balm,Ayurvedic Balm by Varanasi Enterprise 1344 in Varanasi.,831.25,1 piece,0
PROD00517,MSE03001,Odisha,Khordha,Services,Digital Services,Digital Marketing,Digital Marketing by Khordha Enterprise 3001 in Khordha.,1596.45,2 piece,0
PROD00518,MSE04140,Telangana,Warangal,Home & Kitchen,Home Decor,Wooden Chair,Wooden Chair by Warangal Enterprise 4140 in Warangal.,1394.57,2 piece,0
PROD00519,MSE01961,Haryana,Panipat,Food & Beverage,Packaged Foods,Mango Pickle,Mango Pickle by Panipat Enterprise 1961 in Panipat.,271.98,200 gram,1
PROD00520,MSE01271,Uttar Pradesh,Lucknow,Fashion,Women's Apparel,Handloom Dupatta,Handloom Dupatta by Lucknow Enterprise 1271 in Lucknow.,407.42,200 gram,1
PROD00521,MSE02224,Assam,Dibrugarh,Handicrafts & Handloom,Crafts,Brass Lamp,Brass Lamp by Dibrugarh Enterprise 2224 in Dibrugarh.,2268.15,1 kg,1
PROD00522,MSE00843,Assam,Dibrugarh,Agriculture,Seeds,Compost,Compost by Dibrugarh Enterprise 843 in Dibrugarh.,934.2,2 piece,0
PROD00523,MSE03100,Tamil Nadu,Chennai,Electronics,Mobile & Accessories,Power Adapter,Power Adapter by Chennai Enterprise 3100 in Chennai.,2224.79,1 piece,0
PROD00524,MSE01260,Tamil Nadu,Chennai,Beauty & Personal Care,Skincare,Essential Oil,Essential Oil by Chennai Enterprise 1260 in Chennai.,594.0,2 piece,0
PROD00525,MSE00801,Andhra Pradesh,Visakhapatnam,Food & Beverage,Packaged Foods,Ready-to-Eat Snacks,Ready-to-Eat Snacks by Visakhapatnam Enterprise 801 in Visakhapatnam.,110.63,250 ml,1
PROD00526,MSE03356,Jharkhand,Dhanbad,Home & Kitchen,Home Decor,Wooden Chair,Wooden Chair by Dhanbad Enterprise 3356 in Dhanbad.,687.7,500 gram,0
PROD00527,MSE00693,Madhya Pradesh,Bhopal,Fashion,Women's Apparel,Cotton Saree,Cotton Saree by Bhopal Enterprise 693 in Bhopal.,1555.01,200 gram,1
PROD00528,MSE01156,Tamil Nadu,Coimbatore,Agriculture,Seeds,Herbal Saplings,Herbal Saplings by Coimbatore Enterprise 1156 in Coimbatore.,580.54,500 gram,0
PROD00529,MSE01548,Odisha,Sambalpur,Fashion,Women's Apparel,Silk Stole,Silk Stole by Sambalpur Enterprise 1548 in Sambalpur.,747.6,250 ml,1
PROD00530,MSE01755,Haryana,Faridabad,Beauty & Personal Care,Skincare,Essential Oil,Essential Oil by Faridabad Enterprise 1755 in Faridabad.,1313.78,1 piece,0
PROD00531,MSE03183,Kerala,Kozhikode,Fashion,Women's Apparel,Handloom Dupatta,Handloom Dupatta by Kozhikode Enterprise 3183 in Kozhikode.,2142.85,200 gram,1
PROD00532,MSE02642,Maharashtra,Nagpur,Services,Digital Services,Web Development,Web Development by Nagpur Enterprise 2642 in Nagpur.,4126.01,200 gram,0
PROD00533,MSE02609,Uttar Pradesh,Lucknow,Electronics,Mobile & Accessories,LED Bulb,LED Bulb by Lucknow Enterprise 2609 in Lucknow.,1818.49,1 piece,0
PROD00534,MSE03360,West Bengal,Siliguri,Services,Digital Services,Digital Marketing,Digital Marketing by Siliguri Enterprise 3360 in Siliguri.,491.02,1 kg,0
PROD00535,MSE01139,Haryana,Panipat,Fashion,Women's Apparel,Silk Stole,Silk Stole by Panipat Enterprise 1139 in Panipat.,3109.97,2 piece,1
PROD00536,MSE02253,Maharashtra,Nagpur,Agriculture,Seeds,Herbal Saplings,Herbal Saplings by Nagpur Enterprise 2253 in Nagpur.,85.05,250 ml,0
PROD00537,MSE00842,Gujarat,Surat,Fashion,Women's Apparel,Kurta Fabric,Kurta Fabric by Surat Enterprise 842 in Surat.,1725.89,1 piece,1
PROD00538,MSE02919,Madhya Pradesh,Jabalpur,Food & Beverage,Packaged Foods,Papad,Papad by Jabalpur Enterprise 2919 in Jabalpur.,328.29,250 ml,1
PROD00539,MSE02050,Jharkhand,Jamshedpur,Beauty & Personal Care,Skincare,Herbal Face Pack,Herbal Face Pack by Jamshedpur Enterprise 2050 in Jamshedpur.,1294.37,1 kg,0
PROD00540,MSE04441,Uttar Pradesh,Lucknow,Food & Beverage,Packaged Foods,Mango Pickle,Mango Pickle by Lucknow Enterprise 4441 in Lucknow.,307.1,1 piece,1
PROD00541,MSE04570,Manipur,Imphal West,Handicrafts & Handloom,Crafts,Papier-mache Decor,Papier-mache Decor by Imphal West Enterprise 4570 in Imphal West.,1793.25,200 gram,1
PROD00542,MSE02536,Jharkhand,Dhanbad,Services,Digital Services,IT Support,IT Support by Dhanbad Enterprise 2536 in Dhanbad.,323.25,250 ml,0
PROD00543,MSE02837,Rajasthan,Jodhpur,Fashion,Women's Apparel,Kurta Fabric,Kurta Fabric by Jodhpur Enterprise 2837 in Jodhpur.,1032.54,2 piece,1
PROD00544,MSE03558,Uttar Pradesh,Kanpur Nagar,Beauty & Personal Care,Skincare,Herbal Face Pack,Herbal Face Pack by Kanpur Nagar Enterprise 3558 in Kanpur Nagar.,476.65,200 gram,0
PROD00545,MSE04044,Rajasthan,Udaipur,Handicrafts & Handloom,Crafts,Papier-mache Decor,Papier-mache Decor by Udaipur Enterprise 4044 in Udaipur.,4195.05,2 piece,1
PROD00546,MSE04061,Maharashtra,Nagpur,Services,Digital Services,Catalog Design,Catalog Design by Nagpur Enterprise 4061 in Nagpur.,1567.88,1 kg,0
PROD00547,MSE01102,Bihar,Gaya,Agriculture,Seeds,Compost,Compost by Gaya Enterprise 1102 in Gaya.,268.0,2 piece,0
PROD00548,MSE01969,West Bengal,Kolkata,Home & Kitchen,Home Decor,Wooden Chair,Wooden Chair by Kolkata Enterprise 1969 in Kolkata.,3044.51,200 gram,0
PROD00549,MSE03847,Tamil Nadu,Coimbatore,Home & Kitchen,Home Decor,Storage Rack,Storage Rack by Coimbatore Enterprise 3847 in Coimbatore.,1713.22,1 piece,0
PROD00550,MSE01290,Rajasthan,Jaipur,Home & Kitchen,Home Decor,Storage Rack,Storage Rack by Jaipur Enterprise 1290 in Jaipur.,3461.76,1 kg,0
PROD00551,MSE04943,Madhya Pradesh,Indore,Home & Kitchen,Home Decor,Wooden Chair,Wooden Chair by Indore Enterprise 4943 in Indore.,1574.17,250 ml,0
PROD00552,MSE00031,Chhattisgarh,Bilaspur,Fashion,Women's Apparel,Cotton Saree,Cotton Saree by Bilaspur Enterprise 31 in Bilaspur.,2572.72,2 piece,1
PROD00553,MSE04655,Madhya Pradesh,Jabalpur,Food & Beverage,Packaged Foods,Mango Pickle,Mango Pickle by Jabalpur Enterprise 4655 in Jabalpur.,220.77,2 piece,1
PROD00554,MSE03242,Haryana,Gurugram,Agriculture,Seeds,Organic Fertilizer,Organic Fertilizer by Gurugram Enterprise 3242 in Gurugram.,985.45,500 gram,0
PROD00555,MSE00554,Delhi,South East Delhi,Food & Beverage,Packaged Foods,Masala Mix,Masala Mix by South East Delhi Enterprise 554 in South East Delhi.,391.87,1 kg,1
PROD00556,MSE02895,Chhattisgarh,Raipur,Agriculture,Seeds,Organic Fertilizer,Organic Fertilizer by Raipur Enterprise 2895 in Raipur.,1090.23,500 gram,0
PROD00557,MSE00405,Gujarat,Ahmedabad,Electronics,Mobile & Accessories,Mobile Charger,Mobile Charger by Ahmedabad Enterprise 405 in Ahmedabad.,1677.5,2 piece,0
PROD00558,MSE00490,Kerala,Thiruvananthapuram,Home & Kitchen,Home Decor,Wooden Chair,Wooden Chair by Thiruvananthapuram Enterprise 490 in Thiruvananthapuram.,215.58,2 piece,0
PROD00559,MSE01247,Manipur,Imphal West,Handicrafts & Handloom,Crafts,Wooden Craft,Wooden Craft by Imphal West Enterprise 1247 in Imphal West.,309.04,2 piece,1
PROD00560,MSE03077,Odisha,Khordha,Food & Beverage,Packaged Foods,Masala Mix,Masala Mix by Khordha Enterprise 3077 in Khordha.,288.73,1 kg,1
PROD00561,MSE02038,Karnataka,Mysuru,Services,Digital Services,Digital Marketing,Digital Marketing by Mysuru Enterprise 2038 in Mysuru.,2503.17,250 ml,0
PROD00562,MSE00677,Gujarat,Rajkot,Handicrafts & Handloom,Crafts,Terracotta Pot,Terracotta Pot by Rajkot Enterprise 677 in Rajkot.,2969.22,1 piece,1
PROD00563,MSE03168,Gujarat,Surat,Home & Kitchen,Home Decor,Decorative Shelf,Decorative Shelf by Surat Enterprise 3168 in Surat.,2715.14,200 gram,0
PROD00564,MSE02824,Odisha,Khordha,Food & Beverage,Packaged Foods,Ready-to-Eat Snacks,Ready-to-Eat Snacks by Khordha Enterprise 2824 in Khordha.,354.95,2 piece,1
PROD00565,MSE00332,Chhattisgarh,Raipur,Beauty & Personal Care,Skincare,Ayurvedic Balm,Ayurvedic Balm by Raipur Enterprise 332 in Raipur.,1376.17,2 piece,0
PROD00566,MSE02978,Uttar Pradesh,Lucknow,Fashion,Women's Apparel,Cotton Saree,Cotton Saree by Lucknow Enterprise 2978 in Lucknow.,644.82,500 gram,1
PROD00567,MSE02283,Kerala,Thiruvananthapuram,Electronics,Mobile & Accessories,Earphones,Earphones by Thiruvananthapuram Enterprise 2283 in Thiruvananthapuram.,2724.08,2 piece,0
PROD00568,MSE00377,Bihar,Patna,Beauty & Personal Care,Skincare,Ayurvedic Balm,Ayurvedic Balm by Patna Enterprise 377 in Patna.,1299.74,1 piece,0
PROD00569,MSE01845,West Bengal,Howrah,Food & Beverage,Packaged Foods,Mango Pickle,Mango Pickle by Howrah Enterprise 1845 in Howrah.,105.01,1 piece,1
PROD00570,MSE01665,Delhi,New Delhi,Agriculture,Seeds,Organic Fertilizer,Organic Fertilizer by New Delhi Enterprise 1665 in New Delhi.,1134.24,200 gram,0
PROD00571,MSE03078,Karnataka,Belagavi,Agriculture,Seeds,Organic Fertilizer,Organic Fertilizer by Belagavi Enterprise 3078 in Belagavi.,931.25,1 kg,0
PROD00572,MSE00974,Chhattisgarh,Durg,Handicrafts & Handloom,Crafts,Brass Lamp,Brass Lamp by Durg Enterprise 974 in Durg.,1216.4,250 ml,1
PROD00573,MSE01889,Rajasthan,Jodhpur,Food & Beverage,Packaged Foods,Masala Mix,Masala Mix by Jodhpur Enterprise 1889 in Jodhpur.,241.48,1 piece,1
PROD00574,MSE02888,Assam,Dibrugarh,Services,Digital Services,Web Development,Web Development by Dibrugarh Enterprise 2888 in Dibrugarh.,3156.45,1 piece,0
PROD00575,MSE00083,Telangana,Nizamabad,Beauty & Personal Care,Skincare,Essential Oil,Essential Oil by Nizamabad Enterprise 83 in Nizamabad.,542.7,2 piece,0
PROD00576,MSE04983,Uttar Pradesh,Lucknow,Food & Beverage,Packaged Foods,Papad,Papad by Lucknow Enterprise 4983 in Lucknow.,127.97,200 gram,1
PROD00577,MSE04579,Maharashtra,Nagpur,Services,Digital Services,Web Development,Web Development by Nagpur Enterprise 4579 in Nagpur.,4375.74,1 kg,0
PROD00578,MSE03063,Tamil Nadu,Madurai,Food & Beverage,Packaged Foods,Masala Mix,Masala Mix by Madurai Enterprise 3063 in Madurai.,261.73,500 gram,1
PROD00579,MSE04455,Uttar Pradesh,Varanasi,Food & Beverage,Packaged Foods,Ready-to-Eat Snacks,Ready-to-Eat Snacks by Varanasi Enterprise 4455 in Varanasi.,394.05,250 ml,1
PROD00580,MSE03400,Gujarat,Ahmedabad,Food & Beverage,Packaged Foods,Masala Mix,Masala Mix by Ahmedabad Enterprise 3400 in Ahmedabad.,354.05,200 gram,1
PROD00581,MSE02322,Delhi,New Delhi,Food & Beverage,Packaged Foods,Mango Pickle,Mango Pickle by New Delhi Enterprise 2322 in New Delhi.,336.75,200 gram,1
PROD00582,MSE00081,West Bengal,Howrah,Food & Beverage,Packaged Foods,Mango Pickle,Mango Pickle by Howrah Enterprise 81 in Howrah.,311.05,200 gram,1
PROD00583,MSE01168,Karnataka,Bengaluru Urban,Services,Digital Services,Web Development,Web Development by Bengaluru Urban Enterprise 1168 in Bengaluru Urban.,5619.08,200 gram,0
PROD00584,MSE02908,Jammu & Kashmir,Srinagar,Beauty & Personal Care,Skincare,Natural Soap,Natural Soap by Srinagar Enterprise 2908 in Srinagar.,1546.03,1 kg,0
PROD00585,MSE03385,Jharkhand,Jamshedpur,Fashion,Women's Apparel,Handloom Dupatta,Handloom Dupatta by Jamshedpur Enterprise 3385 in Jamshedpur.,1197.01,1 kg,1
PROD00586,MSE02408,West Bengal,Siliguri,Fashion,Women's Apparel,Kurta Fabric,Kurta Fabric by Siliguri Enterprise 2408 in Siliguri.,358.0,500 gram,1
PROD00587,MSE01424,Haryana,Gurugram,Services,Digital Services,Digital Marketing,Digital Marketing by Gurugram Enterprise 1424 in Gurugram.,3886.71,200 gram,0
PROD00588,MSE03941,Kerala,Ernakulam,Home & Kitchen,Home Decor,Storage Rack,Storage Rack by Ernakulam Enterprise 3941 in Ernakulam.,1818.47,200 gram,0
PROD00589,MSE01608,Rajasthan,Jaipur,Handicrafts & Handloom,Crafts,Papier-mache Decor,Papier-mache Decor by Jaipur Enterprise 1608 in Jaipur.,1159.11,500 gram,1
PROD00590,MSE00342,Andhra Pradesh,Visakhapatnam,Agriculture,Seeds,Herbal Saplings,Herbal Saplings by Visakhapatnam Enterprise 342 in Visakhapatnam.,408.54,500 gram,0
PROD00591,MSE02706,Gujarat,Rajkot,Agriculture,Seeds,Compost,Compost by Rajkot Enterprise 2706 in Rajkot.,751.66,1 piece,0
PROD00592,MSE01403,Gujarat,Ahmedabad,Home & Kitchen,Home Decor,Storage Rack,Storage Rack by Ahmedabad Enterprise 1403 in Ahmedabad.,2494.58,1 piece,0
PROD00593,MSE01998,Tamil Nadu,Coimbatore,Handicrafts & Handloom,Crafts,Wooden Craft,Wooden Craft by Coimbatore Enterprise 1998 in Coimbatore.,1431.12,250 ml,1
PROD00594,MSE04924,Jammu & Kashmir,Jammu,Food & Beverage,Packaged Foods,Masala Mix,Masala Mix by Jammu Enterprise 4924 in Jammu.,214.45,1 kg,1
PROD00595,MSE03122,Maharashtra,Pune,Agriculture,Seeds,Compost,Compost by Pune Enterprise 3122 in Pune.,266.95,250 ml,0
PROD00596,MSE02873,Punjab,Jalandhar,Services,Digital Services,Web Development,Web Development by Jalandhar Enterprise 2873 in Jalandhar.,3028.46,250 ml,0
PROD00597,MSE02672,Andhra Pradesh,Visakhapatnam,Handicrafts & Handloom,Crafts,Papier-mache Decor,Papier-mache Decor by Visakhapatnam Enterprise 2672 in Visakhapatnam.,2877.12,2 piece,1
PROD00598,MSE04957,Gujarat,Rajkot,Food & Beverage,Packaged Foods,Masala Mix,Masala Mix by Rajkot Enterprise 4957 in Rajkot.,144.49,500 gram,1
PROD00599,MSE04623,Assam,Silchar,Food & Beverage,Packaged Foods,Papad,Papad by Silchar Enterprise 4623 in Silchar.,274.12,500 gram,1
PROD00600,MSE00059,Madhya Pradesh,Indore,Fashion,Women's Apparel,Kurta Fabric,Kurta Fabric by Indore Enterprise 59 in Indore.,2723.3,250 ml,1
PROD00601,MSE03425,Tamil Nadu,Coimbatore,Beauty & Personal Care,Skincare,Herbal Face Pack,Herbal Face Pack by Coimbatore Enterprise 3425 in Coimbatore.,139.7,250 ml,0
PROD00602,MSE00381,Tamil Nadu,Madurai,Handicrafts & Handloom,Crafts,Brass Lamp,Brass Lamp by Madurai Enterprise 381 in Madurai.,2009.89,250 ml,1
PROD00603,MSE01187,Tamil Nadu,Coimbatore,Handicrafts & Handloom,Crafts,Papier-mache Decor,Papier-mache Decor by Coimbatore Enterprise 1187 in Coimbatore.,1292.55,200 gram,1
PROD00604,MSE02461,Karnataka,Mysuru,Agriculture,Seeds,Herbal Saplings,Herbal Saplings by Mysuru Enterprise 2461 in Mysuru.,326.27,500 gram,0
PROD00605,MSE01150,Chhattisgarh,Durg,Electronics,Mobile & Accessories,Mobile Charger,Mobile Charger by Durg Enterprise 1150 in Durg.,4632.97,250 ml,0
PROD00606,MSE04000,West Bengal,Kolkata,Food & Beverage,Packaged Foods,Papad,Papad by Kolkata Enterprise 4000 in Kolkata.,249.3,500 gram,1
PROD00607,MSE01656,Tamil Nadu,Chennai,Handicrafts & Handloom,Crafts,Brass Lamp,Brass Lamp by Chennai Enterprise 1656 in Chennai.,2036.72,500 gram,1
PROD00608,MSE04940,Jharkhand,Ranchi,Electronics,Mobile & Accessories,Mobile Charger,Mobile Charger by Ranchi Enterprise 4940 in Ranchi.,5034.57,500 gram,0
PROD00609,MSE00237,Uttar Pradesh,Kanpur Nagar,Beauty & Personal Care,Skincare,Herbal Face Pack,Herbal Face Pack by Kanpur Nagar Enterprise 237 in Kanpur Nagar.,1254.81,500 gram,0
PROD00610,MSE04247,Madhya Pradesh,Indore,Agriculture,Seeds,Organic Fertilizer,Organic Fertilizer by Indore Enterprise 4247 in Indore.,326.72,1 piece,0
PROD00611,MSE04659,Gujarat,Rajkot,Beauty & Personal Care,Skincare,Ayurvedic Balm,Ayurvedic Balm by Rajkot Enterprise 4659 in Rajkot.,272.68,250 ml,0
PROD00612,MSE03179,Uttar Pradesh,Varanasi,Fashion,Women's Apparel,Cotton Saree,Cotton Saree by Varanasi Enterprise 3179 in Varanasi.,2483.75,2 piece,1
PROD00613,MSE01773,Punjab,Amritsar,Home & Kitchen,Home Decor,Decorative Shelf,Decorative Shelf by Amritsar Enterprise 1773 in Amritsar.,641.28,1 kg,0
PROD00614,MSE02640,Maharashtra,Mumbai,Home & Kitchen,Home Decor,Decorative Shelf,Decorative Shelf by Mumbai Enterprise 2640 in Mumbai.,2913.42,2 piece,0
PROD00615,MSE00539,Jharkhand,Jamshedpur,Handicrafts & Handloom,Crafts,Wooden Craft,Wooden Craft by Jamshedpur Enterprise 539 in Jamshedpur.,1245.24,250 ml,1
PROD00616,MSE04130,Odisha,Cuttack,Electronics,Mobile & Accessories,LED Bulb,LED Bulb by Cuttack Enterprise 4130 in Cuttack.,2104.24,500 gram,0
PROD00617,MSE01204,West Bengal,Siliguri,Handicrafts & Handloom,Crafts,Papier-mache Decor,Papier-mache Decor by Siliguri Enterprise 1204 in Siliguri.,2785.85,500 gram,1
PROD00618,MSE01815,Uttar Pradesh,Lucknow,Fashion,Women's Apparel,Kurta Fabric,Kurta Fabric by Lucknow Enterprise 1815 in Lucknow.,1109.44,500 gram,1
PROD00619,MSE01760,Tamil Nadu,Madurai,Home & Kitchen,Home Decor,Wooden Chair,Wooden Chair by Madurai Enterprise 1760 in Madurai.,1398.72,500 gram,0
PROD00620,MSE01261,Gujarat,Surat,Handicrafts & Handloom,Crafts,Papier-mache Decor,Papier-mache Decor by Surat Enterprise 1261 in Surat.,1807.73,250 ml,1
PROD00621,MSE02750,Gujarat,Ahmedabad,Handicrafts & Handloom,Crafts,Terracotta Pot,Terracotta Pot by Ahmedabad Enterprise 2750 in Ahmedabad.,3742.7,200 gram,1
PROD00622,MSE00894,Telangana,Hyderabad,Home & Kitchen,Home Decor,Storage Rack,Storage Rack by Hyderabad Enterprise 894 in Hyderabad.,462.85,1 piece,0
PROD00623,MSE04111,Maharashtra,Mumbai,Food & Beverage,Packaged Foods,Papad,Papad by Mumbai Enterprise 4111 in Mumbai.,83.54,1 piece,1
PROD00624,MSE02556,Kerala,Ernakulam,Home & Kitchen,Home Decor,Decorative Shelf,Decorative Shelf by Ernakulam Enterprise 2556 in Ernakulam.,1857.69,1 kg,0
PROD00625,MSE04692,Bihar,Muzaffarpur,Services,Digital Services,Catalog Design,Catalog Design by Muzaffarpur Enterprise 4692 in Muzaffarpur.,5219.65,250 ml,0
PROD00626,MSE00756,Delhi,North West Delhi,Food & Beverage,Packaged Foods,Mango Pickle,Mango Pickle by North West Delhi Enterprise 756 in North West Delhi.,103.71,500 gram,1
PROD00627,MSE02363,Rajasthan,Jodhpur,Fashion,Women's Apparel,Silk Stole,Silk Stole by Jodhpur Enterprise 2363 in Jodhpur.,1355.97,250 ml,1
PROD00628,MSE02431,Rajasthan,Jaipur,Home & Kitchen,Home Decor,Wooden Chair,Wooden Chair by Jaipur Enterprise 2431 in Jaipur.,912.95,1 kg,0
PROD00629,MSE02192,Gujarat,Rajkot,Fashion,Women's Apparel,Cotton Saree,Cotton Saree by Rajkot Enterprise 2192 in Rajkot.,1411.85,2 piece,1
PROD00630,MSE01125,Maharashtra,Mumbai,Food & Beverage,Packaged Foods,Papad,Papad by Mumbai Enterprise 1125 in Mumbai.,140.56,250 ml,1
PROD00631,MSE00003,Nagaland,Dimapur,Handicrafts & Handloom,Crafts,Wooden Craft,Wooden Craft by Dimapur Enterprise 3 in Dimapur.,2263.72,500 gram,1
PROD00632,MSE03045,Tamil Nadu,Madurai,Home & Kitchen,Home Decor,Kitchen Organizer,Kitchen Organizer by Madurai Enterprise 3045 in Madurai.,290.06,1 piece,0
PROD00633,MSE02577,Uttar Pradesh,Kanpur Nagar,Fashion,Women's Apparel,Kurta Fabric,Kurta Fabric by Kanpur Nagar Enterprise 2577 in Kanpur Nagar.,1892.5,2 piece,1
PROD00634,MSE01864,Himachal Pradesh,Shimla,Home & Kitchen,Home Decor,Kitchen Organizer,Kitchen Organizer by Shimla Enterprise 1864 in Shimla.,2731.47,200 gram,0
PROD00635,MSE01193,Uttar Pradesh,Kanpur Nagar,Fashion,Women's Apparel,Handloom Dupatta,Handloom Dupatta by Kanpur Nagar Enterprise 1193 in Kanpur Nagar.,551.42,250 ml,1
PROD00636,MSE00788,Uttar Pradesh,Lucknow,Beauty & Personal Care,Skincare,Essential Oil,Essential Oil by Lucknow Enterprise 788 in Lucknow.,1340.09,500 gram,0
PROD00637,MSE04263,Maharashtra,Mumbai,Handicrafts & Handloom,Crafts,Brass Lamp,Brass Lamp by Mumbai Enterprise 4263 in Mumbai.,3287.78,2 piece,1
PROD00638,MSE02773,Uttar Pradesh,Varanasi,Agriculture,Seeds,Vegetable Seeds,Vegetable Seeds by Varanasi Enterprise 2773 in Varanasi.,1148.34,200 gram,0
PROD00639,MSE02937,Rajasthan,Jodhpur,Handicrafts & Handloom,Crafts,Brass Lamp,Brass Lamp by Jodhpur Enterprise 2937 in Jodhpur.,853.89,200 gram,1
PROD00640,MSE01053,Karnataka,Belagavi,Beauty & Personal Care,Skincare,Essential Oil,Essential Oil by Belagavi Enterprise 1053 in Belagavi.,633.46,500 gram,0
PROD00641,MSE00297,West Bengal,Kolkata,Food & Beverage,Packaged Foods,Papad,Papad by Kolkata Enterprise 297 in Kolkata.,206.97,1 piece,1
PROD00642,MSE03966,Andhra Pradesh,Visakhapatnam,Food & Beverage,Packaged Foods,Masala Mix,Masala Mix by Visakhapatnam Enterprise 3966 in Visakhapatnam.,112.28,500 gram,1
PROD00643,MSE00753,Madhya Pradesh,Bhopal,Fashion,Women's Apparel,Handloom Dupatta,Handloom Dupatta by Bhopal Enterprise 753 in Bhopal.,2776.02,1 kg,1
PROD00644,MSE03748,Gujarat,Surat,Beauty & Personal Care,Skincare,Ayurvedic Balm,Ayurvedic Balm by Surat Enterprise 3748 in Surat.,1577.75,1 piece,0
PROD00645,MSE00166,West Bengal,Howrah,Agriculture,Seeds,Compost,Compost by Howrah Enterprise 166 in Howrah.,931.45,1 kg,0
PROD00646,MSE03996,Bihar,Patna,Food & Beverage,Packaged Foods,Masala Mix,Masala Mix by Patna Enterprise 3996 in Patna.,372.46,1 piece,1
PROD00647,MSE01925,Madhya Pradesh,Jabalpur,Fashion,Women's Apparel,Cotton Saree,Cotton Saree by Jabalpur Enterprise 1925 in Jabalpur.,1461.52,500 gram,1
PROD00648,MSE03729,West Bengal,Kolkata,Handicrafts & Handloom,Crafts,Papier-mache Decor,Papier-mache Decor by Kolkata Enterprise 3729 in Kolkata.,2094.21,2 piece,1
PROD00649,MSE01190,Tripura,Sepahijala,Fashion,Women's Apparel,Kurta Fabric,Kurta Fabric by Sepahijala Enterprise 1190 in Sepahijala.,2151.51,200 gram,1
PROD00650,MSE00541,Punjab,Amritsar,Fashion,Women's Apparel,Handloom Dupatta,Handloom Dupatta by Amritsar Enterprise 541 in Amritsar.,1210.86,250 ml,1
PROD00651,MSE04580,Bihar,Muzaffarpur,Home & Kitchen,Home Decor,Kitchen Organizer,Kitchen Organizer by Muzaffarpur Enterprise 4580 in Muzaffarpur.,2518.48,1 piece,0
PROD00652,MSE03945,Karnataka,Mysuru,Fashion,Women's Apparel,Silk Stole,Silk Stole by Mysuru Enterprise 3945 in Mysuru.,2897.04,2 piece,1
PROD00653,MSE04731,Meghalaya,Ri-Bhoi,Services,Digital Services,Web Development,Web Development by Ri-Bhoi Enterprise 4731 in Ri-Bhoi.,2506.75,500 gram,0
PROD00654,MSE03272,Punjab,Amritsar,Fashion,Women's Apparel,Cotton Saree,Cotton Saree by Amritsar Enterprise 3272 in Amritsar.,863.56,250 ml,1
PROD00655,MSE00021,Uttar Pradesh,Lucknow,Agriculture,Seeds,Organic Fertilizer,Organic Fertilizer by Lucknow Enterprise 21 in Lucknow.,244.44,1 piece,0
PROD00656,MSE02776,Arunachal Pradesh,Itanagar,Services,Digital Services,Catalog Design,Catalog Design by Itanagar Enterprise 2776 in Itanagar.,5214.47,1 kg,0
PROD00657,MSE04207,Uttar Pradesh,Varanasi,Services,Digital Services,Catalog Design,Catalog Design by Varanasi Enterprise 4207 in Varanasi.,4318.26,250 ml,0
PROD00658,MSE00213,Karnataka,Belagavi,Fashion,Women's Apparel,Handloom Dupatta,Handloom Dupatta by Belagavi Enterprise 213 in Belagavi.,2957.95,1 piece,1
PROD00659,MSE03363,Maharashtra,Nagpur,Fashion,Women's Apparel,Kurta Fabric,Kurta Fabric by Nagpur Enterprise 3363 in Nagpur.,2931.46,250 ml,1
PROD00660,MSE03735,Chhattisgarh,Bilaspur,Fashion,Women's Apparel,Kurta Fabric,Kurta Fabric by Bilaspur Enterprise 3735 in Bilaspur.,621.86,1 kg,1
PROD00661,MSE03205,Karnataka,Belagavi,Services,Digital Services,IT Support,IT Support by Belagavi Enterprise 3205 in Belagavi.,5972.94,1 piece,0
PROD00662,MSE02554,Jharkhand,Jamshedpur,Food & Beverage,Packaged Foods,Papad,Papad by Jamshedpur Enterprise 2554 in Jamshedpur.,259.75,500 gram,1
PROD00663,MSE00510,Andhra Pradesh,Vijayawada,Agriculture,Seeds,Compost,Compost by Vijayawada Enterprise 510 in Vijayawada.,1198.16,2 piece,0
PROD00664,MSE02856,Rajasthan,Jaipur,Food & Beverage,Packaged Foods,Masala Mix,Masala Mix by Jaipur Enterprise 2856 in Jaipur.,409.81,1 piece,1
PROD00665,MSE00615,Gujarat,Ahmedabad,Home & Kitchen,Home Decor,Storage Rack,Storage Rack by Ahmedabad Enterprise 615 in Ahmedabad.,813.25,1 kg,0
PROD00666,MSE00009,Karnataka,Mysuru,Food & Beverage,Packaged Foods,Masala Mix,Masala Mix by Mysuru Enterprise 9 in Mysuru.,370.44,2 piece,1
PROD00667,MSE03607,Delhi,North West Delhi,Services,Digital Services,Digital Marketing,Digital Marketing by North West Delhi Enterprise 3607 in North West Delhi.,2280.09,1 piece,0
PROD00668,MSE04709,Karnataka,Belagavi,Home & Kitchen,Home Decor,Storage Rack,Storage Rack by Belagavi Enterprise 4709 in Belagavi.,924.3,200 gram,0
PROD00669,MSE01885,Rajasthan,Udaipur,Services,Digital Services,IT Support,IT Support by Udaipur Enterprise 1885 in Udaipur.,4904.33,1 piece,0
PROD00670,MSE04848,Chhattisgarh,Bilaspur,Handicrafts & Handloom,Crafts,Papier-mache Decor,Papier-mache Decor by Bilaspur Enterprise 4848 in Bilaspur.,3018.83,250 ml,1
PROD00671,MSE03795,Punjab,Amritsar,Food & Beverage,Packaged Foods,Mango Pickle,Mango Pickle by Amritsar Enterprise 3795 in Amritsar.,191.33,2 piece,1
PROD00672,MSE01968,Jharkhand,Ranchi,Fashion,Women's Apparel,Silk Stole,Silk Stole by Ranchi Enterprise 1968 in Ranchi.,1231.77,1 piece,1
PROD00673,MSE01836,Uttar Pradesh,Lucknow,Handicrafts & Handloom,Crafts,Wooden Craft,Wooden Craft by Lucknow Enterprise 1836 in Lucknow.,2813.78,2 piece,1
PROD00674,MSE03108,Uttar Pradesh,Lucknow,Handicrafts & Handloom,Crafts,Wooden Craft,Wooden Craft by Lucknow Enterprise 3108 in Lucknow.,3460.78,250 ml,1
PROD00675,MSE04243,Karnataka,Belagavi,Food & Beverage,Packaged Foods,Ready-to-Eat Snacks,Ready-to-Eat Snacks by Belagavi Enterprise 4243 in Belagavi.,190.19,250 ml,1
PROD00676,MSE00882,Bihar,Patna,Agriculture,Seeds,Organic Fertilizer,Organic Fertilizer by Patna Enterprise 882 in Patna.,1057.49,1 kg,0
PROD00677,MSE00719,Uttar Pradesh,Kanpur Nagar,Agriculture,Seeds,Organic Fertilizer,Organic Fertilizer by Kanpur Nagar Enterprise 719 in Kanpur Nagar.,1180.41,1 piece,0
PROD00678,MSE02887,Odisha,Sambalpur,Agriculture,Seeds,Vegetable Seeds,Vegetable Seeds by Sambalpur Enterprise 2887 in Sambalpur.,959.39,2 piece,0
PROD00679,MSE04337,Gujarat,Rajkot,Food & Beverage,Packaged Foods,Papad,Papad by Rajkot Enterprise 4337 in Rajkot.,415.91,1 kg,1
PROD00680,MSE01987,Kerala,Ernakulam,Home & Kitchen,Home Decor,Kitchen Organizer,Kitchen Organizer by Ernakulam Enterprise 1987 in Ernakulam.,1896.9,250 ml,0
PROD00681,MSE04334,West Bengal,Kolkata,Fashion,Women's Apparel,Handloom Dupatta,Handloom Dupatta by Kolkata Enterprise 4334 in Kolkata.,1744.81,200 gram,1
PROD00682,MSE01698,Uttar Pradesh,Lucknow,Electronics,Mobile & Accessories,LED Bulb,LED Bulb by Lucknow Enterprise 1698 in Lucknow.,3668.68,500 gram,0
PROD00683,MSE02325,Assam,Dibrugarh,Home & Kitchen,Home Decor,Storage Rack,Storage Rack by Dibrugarh Enterprise 2325 in Dibrugarh.,977.57,1 kg,0
PROD00684,MSE03470,Karnataka,Belagavi,Handicrafts & Handloom,Crafts,Wooden Craft,Wooden Craft by Belagavi Enterprise 3470 in Belagavi.,2260.97,2 piece,1
PROD00685,MSE02761,Tamil Nadu,Madurai,Fashion,Women's Apparel,Silk Stole,Silk Stole by Madurai Enterprise 2761 in Madurai.,735.89,200 gram,1
PROD00686,MSE01939,Punjab,Amritsar,Fashion,Women's Apparel,Handloom Dupatta,Handloom Dupatta by Amritsar Enterprise 1939 in Amritsar.,2125.6,200 gram,1
PROD00687,MSE04112,Telangana,Nizamabad,Food & Beverage,Packaged Foods,Ready-to-Eat Snacks,Ready-to-Eat Snacks by Nizamabad Enterprise 4112 in Nizamabad.,152.15,1 piece,1
PROD00688,MSE00378,Assam,Dibrugarh,Fashion,Women's Apparel,Kurta Fabric,Kurta Fabric by Dibrugarh Enterprise 378 in Dibrugarh.,1634.31,500 gram,1
PROD00689,MSE04809,Rajasthan,Jodhpur,Fashion,Women's Apparel,Handloom Dupatta,Handloom Dupatta by Jodhpur Enterprise 4809 in Jodhpur.,2057.89,500 gram,1
PROD00690,MSE03267,Tamil Nadu,Coimbatore,Fashion,Women's Apparel,Kurta Fabric,Kurta Fabric by Coimbatore Enterprise 3267 in Coimbatore.,1551.69,200 gram,1
PROD00691,MSE01598,Punjab,Jalandhar,Services,Digital Services,Catalog Design,Catalog Design by Jalandhar Enterprise 1598 in Jalandhar.,5019.14,1 piece,0
PROD00692,MSE04618,Bihar,Muzaffarpur,Home & Kitchen,Home Decor,Decorative Shelf,Decorative Shelf by Muzaffarpur Enterprise 4618 in Muzaffarpur.,2775.05,2 piece,0
PROD00693,MSE01197,Uttar Pradesh,Lucknow,Handicrafts & Handloom,Crafts,Terracotta Pot,Terracotta Pot by Lucknow Enterprise 1197 in Lucknow.,3771.44,1 kg,1
PROD00694,MSE02653,Himachal Pradesh,Shimla,Home & Kitchen,Home Decor,Storage Rack,Storage Rack by Shimla Enterprise 2653 in Shimla.,1121.84,500 gram,0
PROD00695,MSE02276,Rajasthan,Jodhpur,Fashion,Women's Apparel,Handloom Dupatta,Handloom Dupatta by Jodhpur Enterprise 2276 in Jodhpur.,2166.0,500 gram,1
PROD00696,MSE02754,Maharashtra,Nagpur,Agriculture,Seeds,Compost,Compost by Nagpur Enterprise 2754 in Nagpur.,1069.29,500 gram,0
PROD00697,MSE03687,Bihar,Gaya,Agriculture,Seeds,Herbal Saplings,Herbal Saplings by Gaya Enterprise 3687 in Gaya.,506.33,1 kg,0
PROD00698,MSE03686,Sikkim,South Sikkim,Home & Kitchen,Home Decor,Wooden Chair,Wooden Chair by South Sikkim Enterprise 3686 in South Sikkim.,500.05,200 gram,0
PROD00699,MSE01688,Gujarat,Ahmedabad,Food & Beverage,Packaged Foods,Mango Pickle,Mango Pickle by Ahmedabad Enterprise 1688 in Ahmedabad.,282.3,200 gram,1
PROD00700,MSE00289,Gujarat,Rajkot,Home & Kitchen,Home Decor,Decorative Shelf,Decorative Shelf by Rajkot Enterprise 289 in Rajkot.,1290.35,1 piece,0
PROD00701,MSE01879,Assam,Kamrup Metro,Food & Beverage,Packaged Foods,Mango Pickle,Mango Pickle by Kamrup Metro Enterprise 1879 in Kamrup Metro.,217.75,1 kg,1
PROD00702,MSE01662,Tamil Nadu,Madurai,Agriculture,Seeds,Vegetable Seeds,Vegetable Seeds by Madurai Enterprise 1662 in Madurai.,315.99,250 ml,0
PROD00703,MSE00521,Uttarakhand,Dehradun,Fashion,Women's Apparel,Cotton Saree,Cotton Saree by Dehradun Enterprise 521 in Dehradun.,1599.55,1 kg,1
PROD00704,MSE04903,Karnataka,Mysuru,Home & Kitchen,Home Decor,Storage Rack,Storage Rack by Mysuru Enterprise 4903 in Mysuru.,1129.06,500 gram,0
PROD00705,MSE02553,Jammu & Kashmir,Anantnag,Fashion,Women's Apparel,Cotton Saree,Cotton Saree by Anantnag Enterprise 2553 in Anantnag.,2500.96,1 kg,1
PROD00706,MSE04725,Maharashtra,Mumbai,Handicrafts & Handloom,Crafts,Papier-mache Decor,Papier-mache Decor by Mumbai Enterprise 4725 in Mumbai.,4023.7,250 ml,1
PROD00707,MSE02484,Delhi,New Delhi,Home & Kitchen,Home Decor,Storage Rack,Storage Rack by New Delhi Enterprise 2484 in New Delhi.,2802.61,2 piece,0
PROD00708,MSE03377,Kerala,Ernakulam,Beauty & Personal Care,Skincare,Essential Oil,Essential Oil by Ernakulam Enterprise 3377 in Ernakulam.,1729.78,500 gram,0
PROD00709,MSE00524,Maharashtra,Nagpur,Food & Beverage,Packaged Foods,Papad,Papad by Nagpur Enterprise 524 in Nagpur.,115.43,250 ml,1
PROD00710,MSE02803,Jharkhand,Dhanbad,Fashion,Women's Apparel,Kurta Fabric,Kurta Fabric by Dhanbad Enterprise 2803 in Dhanbad.,2223.34,1 piece,1
PROD00711,MSE04176,Nagaland,Dimapur,Home & Kitchen,Home Decor,Decorative Shelf,Decorative Shelf by Dimapur Enterprise 4176 in Dimapur.,1885.88,250 ml,0
PROD00712,MSE04976,Maharashtra,Mumbai,Food & Beverage,Packaged Foods,Ready-to-Eat Snacks,Ready-to-Eat Snacks by Mumbai Enterprise 4976 in Mumbai.,110.75,250 ml,1
PROD00713,MSE00406,Uttar Pradesh,Kanpur Nagar,Food & Beverage,Packaged Foods,Masala Mix,Masala Mix by Kanpur Nagar Enterprise 406 in Kanpur Nagar.,399.97,1 kg,1
PROD00714,MSE04233,Tamil Nadu,Coimbatore,Food & Beverage,Packaged Foods,Mango Pickle,Mango Pickle by Coimbatore Enterprise 4233 in Coimbatore.,258.22,250 ml,1
PROD00715,MSE00497,Himachal Pradesh,Kangra,Electronics,Mobile & Accessories,LED Bulb,LED Bulb by Kangra Enterprise 497 in Kangra.,8558.78,200 gram,0
PROD00716,MSE03925,Rajasthan,Jaipur,Fashion,Women's Apparel,Silk Stole,Silk Stole by Jaipur Enterprise 3925 in Jaipur.,2506.48,1 piece,1
PROD00717,MSE00436,Andhra Pradesh,Tirupati,Handicrafts & Handloom,Crafts,Terracotta Pot,Terracotta Pot by Tirupati Enterprise 436 in Tirupati.,2522.49,500 gram,1
PROD00718,MSE04728,Chhattisgarh,Raipur,Fashion,Women's Apparel,Kurta Fabric,Kurta Fabric by Raipur Enterprise 4728 in Raipur.,2719.02,250 ml,1
PROD00719,MSE03020,Puducherry,Karaikal,Handicrafts & Handloom,Crafts,Brass Lamp,Brass Lamp by Karaikal Enterprise 3020 in Karaikal.,3727.35,200 gram,1
PROD00720,MSE00971,Madhya Pradesh,Bhopal,Handicrafts & Handloom,Crafts,Papier-mache Decor,Papier-mache Decor by Bhopal Enterprise 971 in Bhopal.,2937.84,200 gram,1
PROD00721,MSE01152,Tamil Nadu,Chennai,Services,Digital Services,Web Development,Web Development by Chennai Enterprise 1152 in Chennai.,868.67,2 piece,0
PROD00722,MSE04349,Jharkhand,Ranchi,Home & Kitchen,Home Decor,Kitchen Organizer,Kitchen Organizer by Ranchi Enterprise 4349 in Ranchi.,1143.78,250 ml,0
PROD00723,MSE00939,West Bengal,Siliguri,Agriculture,Seeds,Vegetable Seeds,Vegetable Seeds by Siliguri Enterprise 939 in Siliguri.,1137.9,500 gram,0
PROD00724,MSE01849,Tamil Nadu,Coimbatore,Beauty & Personal Care,Skincare,Ayurvedic Balm,Ayurvedic Balm by Coimbatore Enterprise 1849 in Coimbatore.,310.46,250 ml,0
PROD00725,MSE02156,Delhi,North West Delhi,Fashion,Women's Apparel,Handloom Dupatta,Handloom Dupatta by North West Delhi Enterprise 2156 in North West Delhi.,3033.84,200 gram,1
PROD00726,MSE01451,Bihar,Patna,Fashion,Women's Apparel,Cotton Saree,Cotton Saree by Patna Enterprise 1451 in Patna.,2025.07,200 gram,1
PROD00727,MSE03510,Maharashtra,Nagpur,Food & Beverage,Packaged Foods,Papad,Papad by Nagpur Enterprise 3510 in Nagpur.,121.36,500 gram,1
PROD00728,MSE00007,Maharashtra,Mumbai,Home & Kitchen,Home Decor,Decorative Shelf,Decorative Shelf by Mumbai Enterprise 7 in Mumbai.,235.28,200 gram,0
PROD00729,MSE04041,Tamil Nadu,Coimbatore,Food & Beverage,Packaged Foods,Masala Mix,Masala Mix by Coimbatore Enterprise 4041 in Coimbatore.,336.05,200 gram,1
PROD00730,MSE02603,Maharashtra,Nagpur,Fashion,Women's Apparel,Silk Stole,Silk Stole by Nagpur Enterprise 2603 in Nagpur.,2643.41,1 piece,1
PROD00731,MSE04773,Bihar,Patna,Food & Beverage,Packaged Foods,Masala Mix,Masala Mix by Patna Enterprise 4773 in Patna.,419.84,1 piece,1
PROD00732,MSE02318,Rajasthan,Udaipur,Food & Beverage,Packaged Foods,Masala Mix,Masala Mix by Udaipur Enterprise 2318 in Udaipur.,360.46,1 piece,1
PROD00733,MSE02902,Gujarat,Surat,Home & Kitchen,Home Decor,Wooden Chair,Wooden Chair by Surat Enterprise 2902 in Surat.,3442.82,2 piece,0
PROD00734,MSE00109,Gujarat,Ahmedabad,Services,Digital Services,Web Development,Web Development by Ahmedabad Enterprise 109 in Ahmedabad.,5272.2,250 ml,0
PROD00735,MSE03253,Tamil Nadu,Chennai,Home & Kitchen,Home Decor,Storage Rack,Storage Rack by Chennai Enterprise 3253 in Chennai.,2574.93,1 piece,0
PROD00736,MSE02356,Gujarat,Rajkot,Handicrafts & Handloom,Crafts,Papier-mache Decor,Papier-mache Decor by Rajkot Enterprise 2356 in Rajkot.,2646.08,1 kg,1
PROD00737,MSE00832,Maharashtra,Pune,Fashion,Women's Apparel,Kurta Fabric,Kurta Fabric by Pune Enterprise 832 in Pune.,691.68,250 ml,1
PROD00738,MSE04030,Delhi,North West Delhi,Home & Kitchen,Home Decor,Wooden Chair,Wooden Chair by North West Delhi Enterprise 4030 in North West Delhi.,1574.79,500 gram,0
PROD00739,MSE00768,Uttar Pradesh,Lucknow,Home & Kitchen,Home Decor,Wooden Chair,Wooden Chair by Lucknow Enterprise 768 in Lucknow.,3312.31,1 piece,0
PROD00740,MSE00234,Gujarat,Surat,Food & Beverage,Packaged Foods,Mango Pickle,Mango Pickle by Surat Enterprise 234 in Surat.,205.62,1 kg,1
PROD00741,MSE02813,West Bengal,Kolkata,Services,Digital Services,Web Development,Web Development by Kolkata Enterprise 2813 in Kolkata.,3162.37,250 ml,0
PROD00742,MSE04653,Uttar Pradesh,Lucknow,Agriculture,Seeds,Vegetable Seeds,Vegetable Seeds by Lucknow Enterprise 4653 in Lucknow.,1059.0,1 kg,0
PROD00743,MSE02360,Madhya Pradesh,Bhopal,Agriculture,Seeds,Organic Fertilizer,Organic Fertilizer by Bhopal Enterprise 2360 in Bhopal.,752.97,500 gram,0
PROD00744,MSE04382,Rajasthan,Jodhpur,Services,Digital Services,IT Support,IT Support by Jodhpur Enterprise 4382 in Jodhpur.,3249.22,500 gram,0
PROD00745,MSE01054,Odisha,Cuttack,Home & Kitchen,Home Decor,Kitchen Organizer,Kitchen Organizer by Cuttack Enterprise 1054 in Cuttack.,219.51,2 piece,0
PROD00746,MSE03052,Uttar Pradesh,Kanpur Nagar,Fashion,Women's Apparel,Kurta Fabric,Kurta Fabric by Kanpur Nagar Enterprise 3052 in Kanpur Nagar.,2550.66,250 ml,1
PROD00747,MSE03579,Maharashtra,Mumbai,Fashion,Women's Apparel,Handloom Dupatta,Handloom Dupatta by Mumbai Enterprise 3579 in Mumbai.,2624.66,500 gram,1
PROD00748,MSE01115,Uttar Pradesh,Kanpur Nagar,Home & Kitchen,Home Decor,Kitchen Organizer,Kitchen Organizer by Kanpur Nagar Enterprise 1115 in Kanpur Nagar.,2180.85,1 piece,0
PROD00749,MSE00399,Haryana,Panipat,Agriculture,Seeds,Compost,Compost by Panipat Enterprise 399 in Panipat.,635.36,200 gram,0
PROD00750,MSE04915,Maharashtra,Pune,Food & Beverage,Packaged Foods,Ready-to-Eat Snacks,Ready-to-Eat Snacks by Pune Enterprise 4915 in Pune.,211.2,200 gram,1
PROD00751,MSE01793,Chhattisgarh,Durg,Home & Kitchen,Home Decor,Wooden Chair,Wooden Chair by Durg Enterprise 1793 in Durg.,1075.98,1 piece,0
PROD00752,MSE04319,Punjab,Ludhiana,Food & Beverage,Packaged Foods,Masala Mix,Masala Mix by Ludhiana Enterprise 4319 in Ludhiana.,141.0,1 piece,1
PROD00753,MSE01771,Assam,Silchar,Handicrafts & Handloom,Crafts,Brass Lamp,Brass Lamp by Silchar Enterprise 1771 in Silchar.,2057.93,250 ml,1
PROD00754,MSE04240,West Bengal,Siliguri,Electronics,Mobile & Accessories,Earphones,Earphones by Siliguri Enterprise 4240 in Siliguri.,4892.75,1 piece,0
PROD00755,MSE02860,Gujarat,Ahmedabad,Services,Digital Services,Digital Marketing,Digital Marketing by Ahmedabad Enterprise 2860 in Ahmedabad.,3632.87,500 gram,0
PROD00756,MSE01875,West Bengal,Siliguri,Agriculture,Seeds,Herbal Saplings,Herbal Saplings by Siliguri Enterprise 1875 in Siliguri.,342.39,1 piece,0
PROD00757,MSE03880,West Bengal,Howrah,Handicrafts & Handloom,Crafts,Wooden Craft,Wooden Craft by Howrah Enterprise 3880 in Howrah.,1789.39,200 gram,1
PROD00758,MSE02764,Uttar Pradesh,Varanasi,Fashion,Women's Apparel,Kurta Fabric,Kurta Fabric by Varanasi Enterprise 2764 in Varanasi.,605.98,2 piece,1
PROD00759,MSE01714,Karnataka,Belagavi,Fashion,Women's Apparel,Kurta Fabric,Kurta Fabric by Belagavi Enterprise 1714 in Belagavi.,2763.96,250 ml,1
PROD00760,MSE02003,Rajasthan,Jodhpur,Handicrafts & Handloom,Crafts,Wooden Craft,Wooden Craft by Jodhpur Enterprise 2003 in Jodhpur.,3801.93,2 piece,1
PROD00761,MSE01816,Goa,North Goa,Agriculture,Seeds,Herbal Saplings,Herbal Saplings by North Goa Enterprise 1816 in North Goa.,1185.31,250 ml,0
PROD00762,MSE03134,Madhya Pradesh,Jabalpur,Fashion,Women's Apparel,Handloom Dupatta,Handloom Dupatta by Jabalpur Enterprise 3134 in Jabalpur.,634.47,500 gram,1
PROD00763,MSE02164,Uttar Pradesh,Varanasi,Services,Digital Services,Catalog Design,Catalog Design by Varanasi Enterprise 2164 in Varanasi.,5281.46,2 piece,0
PROD00764,MSE03230,Tamil Nadu,Coimbatore,Agriculture,Seeds,Herbal Saplings,Herbal Saplings by Coimbatore Enterprise 3230 in Coimbatore.,137.2,250 ml,0
PROD00765,MSE02135,Andhra Pradesh,Vijayawada,Services,Digital Services,Web Development,Web Development by Vijayawada Enterprise 2135 in Vijayawada.,5956.32,500 gram,0
PROD00766,MSE00027,Maharashtra,Pune,Home & Kitchen,Home Decor,Decorative Shelf,Decorative Shelf by Pune Enterprise 27 in Pune.,1441.01,500 gram,0
PROD00767,MSE04194,Uttar Pradesh,Varanasi,Food & Beverage,Packaged Foods,Ready-to-Eat Snacks,Ready-to-Eat Snacks by Varanasi Enterprise 4194 in Varanasi.,291.62,500 gram,1
PROD00768,MSE00915,Kerala,Kozhikode,Home & Kitchen,Home Decor,Wooden Chair,Wooden Chair by Kozhikode Enterprise 915 in Kozhikode.,1468.86,500 gram,0
PROD00769,MSE03834,Kerala,Kozhikode,Home & Kitchen,Home Decor,Storage Rack,Storage Rack by Kozhikode Enterprise 3834 in Kozhikode.,3398.26,1 piece,0
PROD00770,MSE03404,Uttar Pradesh,Kanpur Nagar,Food & Beverage,Packaged Foods,Mango Pickle,Mango Pickle by Kanpur Nagar Enterprise 3404 in Kanpur Nagar.,121.78,1 piece,1
PROD00771,MSE01570,Punjab,Jalandhar,Fashion,Women's Apparel,Silk Stole,Silk Stole by Jalandhar Enterprise 1570 in Jalandhar.,2695.78,200 gram,1
PROD00772,MSE01003,Andhra Pradesh,Vijayawada,Home & Kitchen,Home Decor,Kitchen Organizer,Kitchen Organizer by Vijayawada Enterprise 1003 in Vijayawada.,1117.74,250 ml,0
PROD00773,MSE04889,Odisha,Cuttack,Food & Beverage,Packaged Foods,Masala Mix,Masala Mix by Cuttack Enterprise 4889 in Cuttack.,214.78,500 gram,1
PROD00774,MSE03536,Karnataka,Mysuru,Food & Beverage,Packaged Foods,Papad,Papad by Mysuru Enterprise 3536 in Mysuru.,173.82,1 kg,1
PROD00775,MSE01221,Uttar Pradesh,Varanasi,Food & Beverage,Packaged Foods,Papad,Papad by Varanasi Enterprise 1221 in Varanasi.,282.62,1 piece,1
PROD00776,MSE01017,Uttar Pradesh,Varanasi,Handicrafts & Handloom,Crafts,Terracotta Pot,Terracotta Pot by Varanasi Enterprise 1017 in Varanasi.,3825.72,500 gram,1
PROD00777,MSE04102,Andhra Pradesh,Vijayawada,Food & Beverage,Packaged Foods,Ready-to-Eat Snacks,Ready-to-Eat Snacks by Vijayawada Enterprise 4102 in Vijayawada.,227.43,200 gram,1
PROD00778,MSE00311,Punjab,Jalandhar,Electronics,Mobile & Accessories,Power Adapter,Power Adapter by Jalandhar Enterprise 311 in Jalandhar.,5354.64,2 piece,0
PROD00779,MSE00937,Tamil Nadu,Chennai,Home & Kitchen,Home Decor,Wooden Chair,Wooden Chair by Chennai Enterprise 937 in Chennai.,3455.79,250 ml,0
PROD00780,MSE00396,Maharashtra,Mumbai,Home & Kitchen,Home Decor,Decorative Shelf,Decorative Shelf by Mumbai Enterprise 396 in Mumbai.,3095.53,1 kg,0
PROD00781,MSE02494,Tamil Nadu,Madurai,Handicrafts & Handloom,Crafts,Wooden Craft,Wooden Craft by Madurai Enterprise 2494 in Madurai.,1672.48,500 gram,1
PROD00782,MSE03526,Telangana,Warangal,Handicrafts & Handloom,Crafts,Wooden Craft,Wooden Craft by Warangal Enterprise 3526 in Warangal.,503.23,250 ml,1
PROD00783,MSE03125,Gujarat,Surat,Fashion,Women's Apparel,Kurta Fabric,Kurta Fabric by Surat Enterprise 3125 in Surat.,634.12,250 ml,1
PROD00784,MSE02935,Rajasthan,Jodhpur,Home & Kitchen,Home Decor,Storage Rack,Storage Rack by Jodhpur Enterprise 2935 in Jodhpur.,2720.82,2 piece,0
PROD00785,MSE04294,Karnataka,Mysuru,Food & Beverage,Packaged Foods,Mango Pickle,Mango Pickle by Mysuru Enterprise 4294 in Mysuru.,309.39,1 piece,1
PROD00786,MSE01745,Andhra Pradesh,Visakhapatnam,Fashion,Women's Apparel,Silk Stole,Silk Stole by Visakhapatnam Enterprise 1745 in Visakhapatnam.,2008.42,250 ml,1
PROD00787,MSE04561,Nagaland,Dimapur,Electronics,Mobile & Accessories,Mobile Charger,Mobile Charger by Dimapur Enterprise 4561 in Dimapur.,8560.27,500 gram,0
PROD00788,MSE02161,Tamil Nadu,Chennai,Food & Beverage,Packaged Foods,Papad,Papad by Chennai Enterprise 2161 in Chennai.,156.77,1 piece,1
PROD00789,MSE00482,Gujarat,Surat,Handicrafts & Handloom,Crafts,Terracotta Pot,Terracotta Pot by Surat Enterprise 482 in Surat.,4214.25,500 gram,1
PROD00790,MSE01436,Maharashtra,Pune,Food & Beverage,Packaged Foods,Papad,Papad by Pune Enterprise 1436 in Pune.,162.27,200 gram,1
PROD00791,MSE04479,Karnataka,Bengaluru Urban,Services,Digital Services,Digital Marketing,Digital Marketing by Bengaluru Urban Enterprise 4479 in Bengaluru Urban.,2717.06,200 gram,0
PROD00792,MSE04626,Uttar Pradesh,Lucknow,Food & Beverage,Packaged Foods,Papad,Papad by Lucknow Enterprise 4626 in Lucknow.,370.65,250 ml,1
PROD00793,MSE03513,Punjab,Ludhiana,Food & Beverage,Packaged Foods,Papad,Papad by Ludhiana Enterprise 3513 in Ludhiana.,398.11,1 kg,1
PROD00794,MSE00562,Meghalaya,West Garo Hills,Agriculture,Seeds,Vegetable Seeds,Vegetable Seeds by West Garo Hills Enterprise 562 in West Garo Hills.,460.23,250 ml,0
PROD00795,MSE04189,Andhra Pradesh,Tirupati,Home & Kitchen,Home Decor,Wooden Chair,Wooden Chair by Tirupati Enterprise 4189 in Tirupati.,3301.68,1 piece,0
PROD00796,MSE02579,Tamil Nadu,Chennai,Food & Beverage,Packaged Foods,Mango Pickle,Mango Pickle by Chennai Enterprise 2579 in Chennai.,346.45,500 gram,1
PROD00797,MSE00859,Tamil Nadu,Madurai,Home & Kitchen,Home Decor,Storage Rack,Storage Rack by Madurai Enterprise 859 in Madurai.,1888.56,1 piece,0
PROD00798,MSE00295,Madhya Pradesh,Indore,Food & Beverage,Packaged Foods,Papad,Papad by Indore Enterprise 295 in Indore.,161.33,200 gram,1
PROD00799,MSE01640,Uttar Pradesh,Kanpur Nagar,Food & Beverage,Packaged Foods,Papad,Papad by Kanpur Nagar Enterprise 1640 in Kanpur Nagar.,300.45,250 ml,1
PROD00800,MSE02366,Gujarat,Surat,Services,Digital Services,IT Support,IT Support by Surat Enterprise 2366 in Surat.,1053.18,500 gram,0
PROD00801,MSE03788,Tamil Nadu,Coimbatore,Home & Kitchen,Home Decor,Decorative Shelf,Decorative Shelf by Coimbatore Enterprise 3788 in Coimbatore.,1687.86,1 piece,0
PROD00802,MSE03344,Bihar,Gaya,Home & Kitchen,Home Decor,Kitchen Organizer,Kitchen Organizer by Gaya Enterprise 3344 in Gaya.,2020.29,1 piece,0
PROD00803,MSE04564,Gujarat,Surat,Home & Kitchen,Home Decor,Kitchen Organizer,Kitchen Organizer by Surat Enterprise 4564 in Surat.,3448.58,250 ml,0
PROD00804,MSE00579,West Bengal,Howrah,Fashion,Women's Apparel,Handloom Dupatta,Handloom Dupatta by Howrah Enterprise 579 in Howrah.,1545.24,500 gram,1
PROD00805,MSE00597,Maharashtra,Pune,Agriculture,Seeds,Organic Fertilizer,Organic Fertilizer by Pune Enterprise 597 in Pune.,760.47,2 piece,0
PROD00806,MSE03677,Rajasthan,Jodhpur,Services,Digital Services,IT Support,IT Support by Jodhpur Enterprise 3677 in Jodhpur.,494.67,250 ml,0
PROD00807,MSE00212,Gujarat,Ahmedabad,Fashion,Women's Apparel,Kurta Fabric,Kurta Fabric by Ahmedabad Enterprise 212 in Ahmedabad.,2549.34,1 piece,1
PROD00808,MSE04538,Jammu & Kashmir,Jammu,Handicrafts & Handloom,Crafts,Brass Lamp,Brass Lamp by Jammu Enterprise 4538 in Jammu.,2440.19,200 gram,1
PROD00809,MSE02958,Chhattisgarh,Durg,Handicrafts & Handloom,Crafts,Brass Lamp,Brass Lamp by Durg Enterprise 2958 in Durg.,1698.85,2 piece,1
PROD00810,MSE04926,Maharashtra,Nagpur,Food & Beverage,Packaged Foods,Mango Pickle,Mango Pickle by Nagpur Enterprise 4926 in Nagpur.,172.07,2 piece,1
PROD00811,MSE03275,Uttar Pradesh,Lucknow,Home & Kitchen,Home Decor,Kitchen Organizer,Kitchen Organizer by Lucknow Enterprise 3275 in Lucknow.,3390.83,1 piece,0
PROD00812,MSE03487,Rajasthan,Jaipur,Food & Beverage,Packaged Foods,Ready-to-Eat Snacks,Ready-to-Eat Snacks by Jaipur Enterprise 3487 in Jaipur.,156.8,500 gram,1
PROD00813,MSE03455,Tamil Nadu,Madurai,Home & Kitchen,Home Decor,Wooden Chair,Wooden Chair by Madurai Enterprise 3455 in Madurai.,1411.61,1 kg,0
PROD00814,MSE04187,Rajasthan,Udaipur,Beauty & Personal Care,Skincare,Natural Soap,Natural Soap by Udaipur Enterprise 4187 in Udaipur.,885.34,250 ml,0
PROD00815,MSE01458,Karnataka,Bengaluru Urban,Food & Beverage,Packaged Foods,Masala Mix,Masala Mix by Bengaluru Urban Enterprise 1458 in Bengaluru Urban.,328.82,2 piece,1
PROD00816,MSE03300,Assam,Dibrugarh,Food & Beverage,Packaged Foods,Masala Mix,Masala Mix by Dibrugarh Enterprise 3300 in Dibrugarh.,181.18,2 piece,1
PROD00817,MSE03018,Tamil Nadu,Chennai,Fashion,Women's Apparel,Kurta Fabric,Kurta Fabric by Chennai Enterprise 3018 in Chennai.,1948.22,200 gram,1
PROD00818,MSE00157,Telangana,Hyderabad,Electronics,Mobile & Accessories,Earphones,Earphones by Hyderabad Enterprise 157 in Hyderabad.,4448.38,500 gram,0
PROD00819,MSE00161,Maharashtra,Nagpur,Home & Kitchen,Home Decor,Decorative Shelf,Decorative Shelf by Nagpur Enterprise 161 in Nagpur.,665.66,250 ml,0
PROD00820,MSE03465,Telangana,Warangal,Food & Beverage,Packaged Foods,Ready-to-Eat Snacks,Ready-to-Eat Snacks by Warangal Enterprise 3465 in Warangal.,146.24,2 piece,1
PROD00821,MSE03399,Lakshadweep,Kavaratti,Agriculture,Seeds,Herbal Saplings,Herbal Saplings by Kavaratti Enterprise 3399 in Kavaratti.,326.33,2 piece,0
PROD00822,MSE04624,Madhya Pradesh,Bhopal,Handicrafts & Handloom,Crafts,Brass Lamp,Brass Lamp by Bhopal Enterprise 4624 in Bhopal.,557.09,250 ml,1
PROD00823,MSE00798,Andhra Pradesh,Tirupati,Fashion,Women's Apparel,Kurta Fabric,Kurta Fabric by Tirupati Enterprise 798 in Tirupati.,652.16,250 ml,1
PROD00824,MSE00699,Maharashtra,Nagpur,Beauty & Personal Care,Skincare,Natural Soap,Natural Soap by Nagpur Enterprise 699 in Nagpur.,913.18,500 gram,0
PROD00825,MSE04701,Meghalaya,East Khasi Hills,Agriculture,Seeds,Compost,Compost by East Khasi Hills Enterprise 4701 in East Khasi Hills.,295.06,2 piece,0
PROD00826,MSE01472,Goa,North Goa,Food & Beverage,Packaged Foods,Mango Pickle,Mango Pickle by North Goa Enterprise 1472 in North Goa.,82.15,250 ml,1
PROD00827,MSE01239,Uttar Pradesh,Lucknow,Home & Kitchen,Home Decor,Wooden Chair,Wooden Chair by Lucknow Enterprise 1239 in Lucknow.,1404.9,2 piece,0
PROD00828,MSE00018,Madhya Pradesh,Jabalpur,Fashion,Women's Apparel,Handloom Dupatta,Handloom Dupatta by Jabalpur Enterprise 18 in Jabalpur.,2347.48,1 piece,1
PROD00829,MSE03088,Maharashtra,Pune,Handicrafts & Handloom,Crafts,Terracotta Pot,Terracotta Pot by Pune Enterprise 3088 in Pune.,3544.84,500 gram,1
PROD00830,MSE02996,Delhi,North West Delhi,Fashion,Women's Apparel,Kurta Fabric,Kurta Fabric by North West Delhi Enterprise 2996 in North West Delhi.,2721.24,2 piece,1
PROD00831,MSE01042,Tripura,West Tripura,Home & Kitchen,Home Decor,Wooden Chair,Wooden Chair by West Tripura Enterprise 1042 in West Tripura.,976.51,250 ml,0
PROD00832,MSE03738,Manipur,Thoubal,Beauty & Personal Care,Skincare,Herbal Face Pack,Herbal Face Pack by Thoubal Enterprise 3738 in Thoubal.,1739.07,1 piece,0
PROD00833,MSE00024,Gujarat,Ahmedabad,Food & Beverage,Packaged Foods,Mango Pickle,Mango Pickle by Ahmedabad Enterprise 24 in Ahmedabad.,198.14,1 kg,1
PROD00834,MSE04722,Karnataka,Belagavi,Food & Beverage,Packaged Foods,Masala Mix,Masala Mix by Belagavi Enterprise 4722 in Belagavi.,275.36,250 ml,1
PROD00835,MSE01860,Madhya Pradesh,Jabalpur,Handicrafts & Handloom,Crafts,Papier-mache Decor,Papier-mache Decor by Jabalpur Enterprise 1860 in Jabalpur.,1703.09,2 piece,1
PROD00836,MSE03005,Maharashtra,Mumbai,Fashion,Women's Apparel,Silk Stole,Silk Stole by Mumbai Enterprise 3005 in Mumbai.,1026.06,2 piece,1
PROD00837,MSE02502,Tamil Nadu,Madurai,Beauty & Personal Care,Skincare,Essential Oil,Essential Oil by Madurai Enterprise 2502 in Madurai.,414.76,1 piece,0
PROD00838,MSE04781,Gujarat,Ahmedabad,Handicrafts & Handloom,Crafts,Papier-mache Decor,Papier-mache Decor by Ahmedabad Enterprise 4781 in Ahmedabad.,3661.47,250 ml,1
PROD00839,MSE00208,Maharashtra,Mumbai,Agriculture,Seeds,Organic Fertilizer,Organic Fertilizer by Mumbai Enterprise 208 in Mumbai.,924.87,200 gram,0
PROD00840,MSE01028,Madhya Pradesh,Bhopal,Home & Kitchen,Home Decor,Kitchen Organizer,Kitchen Organizer by Bhopal Enterprise 1028 in Bhopal.,3269.76,500 gram,0
PROD00841,MSE00448,Dadra & Nagar Haveli,Dadra and Nagar Haveli,Home & Kitchen,Home Decor,Kitchen Organizer,Kitchen Organizer by Dadra and Nagar Haveli Enterprise 448 in Dadra and Nagar Haveli.,1115.45,200 gram,0
PROD00842,MSE02212,Uttar Pradesh,Kanpur Nagar,Home & Kitchen,Home Decor,Kitchen Organizer,Kitchen Organizer by Kanpur Nagar Enterprise 2212 in Kanpur Nagar.,3342.24,2 piece,0
PROD00843,MSE00308,Telangana,Warangal,Services,Digital Services,IT Support,IT Support by Warangal Enterprise 308 in Warangal.,2089.74,2 piece,0
PROD00844,MSE03165,Telangana,Warangal,Home & Kitchen,Home Decor,Wooden Chair,Wooden Chair by Warangal Enterprise 3165 in Warangal.,492.53,200 gram,0
PROD00845,MSE04851,Odisha,Khordha,Fashion,Women's Apparel,Kurta Fabric,Kurta Fabric by Khordha Enterprise 4851 in Khordha.,884.7,1 kg,1
PROD00846,MSE00402,Gujarat,Surat,Handicrafts & Handloom,Crafts,Papier-mache Decor,Papier-mache Decor by Surat Enterprise 402 in Surat.,3745.28,1 kg,1
PROD00847,MSE04511,Maharashtra,Nagpur,Handicrafts & Handloom,Crafts,Wooden Craft,Wooden Craft by Nagpur Enterprise 4511 in Nagpur.,3494.85,2 piece,1
PROD00848,MSE00992,Gujarat,Ahmedabad,Food & Beverage,Packaged Foods,Mango Pickle,Mango Pickle by Ahmedabad Enterprise 992 in Ahmedabad.,341.09,1 piece,1
PROD00849,MSE00565,Uttar Pradesh,Lucknow,Food & Beverage,Packaged Foods,Mango Pickle,Mango Pickle by Lucknow Enterprise 565 in Lucknow.,166.64,250 ml,1
PROD00850,MSE03027,Maharashtra,Pune,Food & Beverage,Packaged Foods,Papad,Papad by Pune Enterprise 3027 in Pune.,88.77,1 piece,1
PROD00851,MSE00022,Uttar Pradesh,Varanasi,Food & Beverage,Packaged Foods,Mango Pickle,Mango Pickle by Varanasi Enterprise 22 in Varanasi.,157.73,2 piece,1
PROD00852,MSE04040,Maharashtra,Mumbai,Services,Digital Services,Web Development,Web Development by Mumbai Enterprise 4040 in Mumbai.,491.45,250 ml,0
PROD00853,MSE00825,Delhi,New Delhi,Fashion,Women's Apparel,Silk Stole,Silk Stole by New Delhi Enterprise 825 in New Delhi.,3059.95,2 piece,1
PROD00854,MSE00810,Andhra Pradesh,Vijayawada,Fashion,Women's Apparel,Silk Stole,Silk Stole by Vijayawada Enterprise 810 in Vijayawada.,1336.75,500 gram,1
PROD00855,MSE04933,Assam,Kamrup Metro,Food & Beverage,Packaged Foods,Mango Pickle,Mango Pickle by Kamrup Metro Enterprise 4933 in Kamrup Metro.,315.82,250 ml,1
PROD00856,MSE04175,Uttar Pradesh,Lucknow,Services,Digital Services,Catalog Design,Catalog Design by Lucknow Enterprise 4175 in Lucknow.,2099.99,1 piece,0
PROD00857,MSE04923,Chhattisgarh,Durg,Services,Digital Services,Web Development,Web Development by Durg Enterprise 4923 in Durg.,4888.99,200 gram,0
PROD00858,MSE04821,Delhi,New Delhi,Handicrafts & Handloom,Crafts,Terracotta Pot,Terracotta Pot by New Delhi Enterprise 4821 in New Delhi.,4443.94,2 piece,1
PROD00859,MSE03370,West Bengal,Siliguri,Food & Beverage,Packaged Foods,Mango Pickle,Mango Pickle by Siliguri Enterprise 3370 in Siliguri.,349.83,200 gram,1
PROD00860,MSE02139,Kerala,Ernakulam,Fashion,Women's Apparel,Handloom Dupatta,Handloom Dupatta by Ernakulam Enterprise 2139 in Ernakulam.,689.55,1 kg,1
PROD00861,MSE03663,Maharashtra,Nagpur,Home & Kitchen,Home Decor,Decorative Shelf,Decorative Shelf by Nagpur Enterprise 3663 in Nagpur.,3002.65,2 piece,0
PROD00862,MSE04877,Tamil Nadu,Coimbatore,Handicrafts & Handloom,Crafts,Wooden Craft,Wooden Craft by Coimbatore Enterprise 4877 in Coimbatore.,1550.16,1 piece,1
PROD00863,MSE00337,Uttar Pradesh,Kanpur Nagar,Beauty & Personal Care,Skincare,Herbal Face Pack,Herbal Face Pack by Kanpur Nagar Enterprise 337 in Kanpur Nagar.,142.0,200 gram,0
PROD00864,MSE02674,Uttar Pradesh,Lucknow,Handicrafts & Handloom,Crafts,Papier-mache Decor,Papier-mache Decor by Lucknow Enterprise 2674 in Lucknow.,2280.94,2 piece,1
PROD00865,MSE02277,Tamil Nadu,Madurai,Food & Beverage,Packaged Foods,Papad,Papad by Madurai Enterprise 2277 in Madurai.,367.45,500 gram,1
PROD00866,MSE02019,Nagaland,Kohima,Handicrafts & Handloom,Crafts,Terracotta Pot,Terracotta Pot by Kohima Enterprise 2019 in Kohima.,1859.3,500 gram,1
PROD00867,MSE00127,Bihar,Gaya,Handicrafts & Handloom,Crafts,Wooden Craft,Wooden Craft by Gaya Enterprise 127 in Gaya.,2963.37,2 piece,1
PROD00868,MSE01774,Jharkhand,Ranchi,Fashion,Women's Apparel,Handloom Dupatta,Handloom Dupatta by Ranchi Enterprise 1774 in Ranchi.,1137.0,250 ml,1
PROD00869,MSE04847,Madhya Pradesh,Jabalpur,Handicrafts & Handloom,Crafts,Brass Lamp,Brass Lamp by Jabalpur Enterprise 4847 in Jabalpur.,1223.77,500 gram,1
PROD00870,MSE01121,Uttar Pradesh,Kanpur Nagar,Home & Kitchen,Home Decor,Wooden Chair,Wooden Chair by Kanpur Nagar Enterprise 1121 in Kanpur Nagar.,508.72,1 kg,0
PROD00871,MSE00205,Uttar Pradesh,Kanpur Nagar,Agriculture,Seeds,Herbal Saplings,Herbal Saplings by Kanpur Nagar Enterprise 205 in Kanpur Nagar.,752.92,1 kg,0
PROD00872,MSE01544,Karnataka,Mysuru,Services,Digital Services,Catalog Design,Catalog Design by Mysuru Enterprise 1544 in Mysuru.,3116.34,200 gram,0
PROD00873,MSE02758,Gujarat,Surat,Home & Kitchen,Home Decor,Storage Rack,Storage Rack by Surat Enterprise 2758 in Surat.,2634.06,200 gram,0
PROD00874,MSE02870,West Bengal,Howrah,Home & Kitchen,Home Decor,Wooden Chair,Wooden Chair by Howrah Enterprise 2870 in Howrah.,3392.65,1 kg,0
PROD00875,MSE03160,Nagaland,Dimapur,Handicrafts & Handloom,Crafts,Wooden Craft,Wooden Craft by Dimapur Enterprise 3160 in Dimapur.,1791.82,500 gram,1
PROD00876,MSE03837,Jammu & Kashmir,Srinagar,Services,Digital Services,Web Development,Web Development by Srinagar Enterprise 3837 in Srinagar.,3197.68,200 gram,0
PROD00877,MSE03599,Uttar Pradesh,Lucknow,Food & Beverage,Packaged Foods,Papad,Papad by Lucknow Enterprise 3599 in Lucknow.,369.26,500 gram,1
PROD00878,MSE03810,Tamil Nadu,Madurai,Food & Beverage,Packaged Foods,Masala Mix,Masala Mix by Madurai Enterprise 3810 in Madurai.,85.54,500 gram,1
PROD00879,MSE01577,Odisha,Sambalpur,Agriculture,Seeds,Organic Fertilizer,Organic Fertilizer by Sambalpur Enterprise 1577 in Sambalpur.,977.1,1 piece,0
PROD00880,MSE04363,Tamil Nadu,Chennai,Fashion,Women's Apparel,Silk Stole,Silk Stole by Chennai Enterprise 4363 in Chennai.,2281.69,250 ml,1
PROD00881,MSE02965,West Bengal,Howrah,Food & Beverage,Packaged Foods,Papad,Papad by Howrah Enterprise 2965 in Howrah.,152.18,1 kg,1
PROD00882,MSE03654,Telangana,Warangal,Electronics,Mobile & Accessories,Mobile Charger,Mobile Charger by Warangal Enterprise 3654 in Warangal.,5904.33,200 gram,0
PROD00883,MSE04640,West Bengal,Howrah,Fashion,Women's Apparel,Kurta Fabric,Kurta Fabric by Howrah Enterprise 4640 in Howrah.,2180.31,500 gram,1
PROD00884,MSE03550,Uttar Pradesh,Kanpur Nagar,Fashion,Women's Apparel,Cotton Saree,Cotton Saree by Kanpur Nagar Enterprise 3550 in Kanpur Nagar.,400.45,2 piece,1
PROD00885,MSE04143,Uttar Pradesh,Lucknow,Food & Beverage,Packaged Foods,Mango Pickle,Mango Pickle by Lucknow Enterprise 4143 in Lucknow.,231.41,500 gram,1
PROD00886,MSE00256,West Bengal,Kolkata,Food & Beverage,Packaged Foods,Mango Pickle,Mango Pickle by Kolkata Enterprise 256 in Kolkata.,193.06,200 gram,1
PROD00887,MSE03961,Telangana,Nizamabad,Handicrafts & Handloom,Crafts,Papier-mache Decor,Papier-mache Decor by Nizamabad Enterprise 3961 in Nizamabad.,4446.23,1 kg,1
PROD00888,MSE00605,Rajasthan,Jaipur,Fashion,Women's Apparel,Cotton Saree,Cotton Saree by Jaipur Enterprise 605 in Jaipur.,2950.3,2 piece,1
PROD00889,MSE04895,Karnataka,Mysuru,Home & Kitchen,Home Decor,Kitchen Organizer,Kitchen Organizer by Mysuru Enterprise 4895 in Mysuru.,1736.66,250 ml,0
PROD00890,MSE04142,Madhya Pradesh,Bhopal,Handicrafts & Handloom,Crafts,Terracotta Pot,Terracotta Pot by Bhopal Enterprise 4142 in Bhopal.,4259.46,250 ml,1
PROD00891,MSE03821,Uttar Pradesh,Kanpur Nagar,Home & Kitchen,Home Decor,Kitchen Organizer,Kitchen Organizer by Kanpur Nagar Enterprise 3821 in Kanpur Nagar.,2250.59,1 piece,0
PROD00892,MSE00536,Madhya Pradesh,Jabalpur,Food & Beverage,Packaged Foods,Papad,Papad by Jabalpur Enterprise 536 in Jabalpur.,344.25,250 ml,1
PROD00893,MSE00780,Kerala,Ernakulam,Services,Digital Services,IT Support,IT Support by Ernakulam Enterprise 780 in Ernakulam.,3816.16,250 ml,0
PROD00894,MSE00373,Maharashtra,Mumbai,Handicrafts & Handloom,Crafts,Brass Lamp,Brass Lamp by Mumbai Enterprise 373 in Mumbai.,2486.89,500 gram,1
PROD00895,MSE04885,Rajasthan,Jodhpur,Food & Beverage,Packaged Foods,Ready-to-Eat Snacks,Ready-to-Eat Snacks by Jodhpur Enterprise 4885 in Jodhpur.,348.99,1 kg,1
PROD00896,MSE02433,Assam,Silchar,Home & Kitchen,Home Decor,Wooden Chair,Wooden Chair by Silchar Enterprise 2433 in Silchar.,1247.07,250 ml,0
PROD00897,MSE02162,Andhra Pradesh,Vijayawada,Food & Beverage,Packaged Foods,Masala Mix,Masala Mix by Vijayawada Enterprise 2162 in Vijayawada.,256.07,1 kg,1
PROD00898,MSE00848,Haryana,Panipat,Fashion,Women's Apparel,Kurta Fabric,Kurta Fabric by Panipat Enterprise 848 in Panipat.,1215.41,200 gram,1
PROD00899,MSE02755,Sikkim,West Sikkim,Food & Beverage,Packaged Foods,Masala Mix,Masala Mix by West Sikkim Enterprise 2755 in West Sikkim.,172.33,250 ml,1
PROD00900,MSE04824,Uttar Pradesh,Varanasi,Home & Kitchen,Home Decor,Wooden Chair,Wooden Chair by Varanasi Enterprise 4824 in Varanasi.,3149.25,1 kg,0
PROD00901,MSE01278,Tamil Nadu,Madurai,Food & Beverage,Packaged Foods,Mango Pickle,Mango Pickle by Madurai Enterprise 1278 in Madurai.,363.85,250 ml,1
PROD00902,MSE00927,Assam,Dibrugarh,Home & Kitchen,Home Decor,Decorative Shelf,Decorative Shelf by Dibrugarh Enterprise 927 in Dibrugarh.,2061.61,1 piece,0
PROD00903,MSE02456,Uttar Pradesh,Kanpur Nagar,Services,Digital Services,Web Development,Web Development by Kanpur Nagar Enterprise 2456 in Kanpur Nagar.,1061.16,1 piece,0
PROD00904,MSE03058,Andaman & Nicobar,Nicobar,Fashion,Women's Apparel,Handloom Dupatta,Handloom Dupatta by Nicobar Enterprise 3058 in Nicobar.,2695.64,1 kg,1
PROD00905,MSE00612,Uttar Pradesh,Varanasi,Food & Beverage,Packaged Foods,Ready-to-Eat Snacks,Ready-to-Eat Snacks by Varanasi Enterprise 612 in Varanasi.,94.15,200 gram,1
PROD00906,MSE01351,Telangana,Nizamabad,Home & Kitchen,Home Decor,Decorative Shelf,Decorative Shelf by Nizamabad Enterprise 1351 in Nizamabad.,2557.35,1 kg,0
PROD00907,MSE01307,Karnataka,Belagavi,Food & Beverage,Packaged Foods,Masala Mix,Masala Mix by Belagavi Enterprise 1307 in Belagavi.,234.51,250 ml,1
PROD00908,MSE01895,Tamil Nadu,Madurai,Services,Digital Services,Web Development,Web Development by Madurai Enterprise 1895 in Madurai.,5092.27,200 gram,0
PROD00909,MSE04034,West Bengal,Howrah,Food & Beverage,Packaged Foods,Papad,Papad by Howrah Enterprise 4034 in Howrah.,276.27,1 piece,1
PROD00910,MSE01814,Maharashtra,Mumbai,Services,Digital Services,IT Support,IT Support by Mumbai Enterprise 1814 in Mumbai.,1871.27,250 ml,0
PROD00911,MSE03043,Karnataka,Belagavi,Beauty & Personal Care,Skincare,Herbal Face Pack,Herbal Face Pack by Belagavi Enterprise 3043 in Belagavi.,1092.81,500 gram,0
PROD00912,MSE02792,Tamil Nadu,Coimbatore,Beauty & Personal Care,Skincare,Essential Oil,Essential Oil by Coimbatore Enterprise 2792 in Coimbatore.,1702.34,500 gram,0
PROD00913,MSE01257,Manipur,Imphal West,Fashion,Women's Apparel,Silk Stole,Silk Stole by Imphal West Enterprise 1257 in Imphal West.,840.86,500 gram,1
PROD00914,MSE04811,Assam,Kamrup Metro,Fashion,Women's Apparel,Kurta Fabric,Kurta Fabric by Kamrup Metro Enterprise 4811 in Kamrup Metro.,1982.27,250 ml,1
PROD00915,MSE00513,Maharashtra,Pune,Beauty & Personal Care,Skincare,Ayurvedic Balm,Ayurvedic Balm by Pune Enterprise 513 in Pune.,397.46,250 ml,0
PROD00916,MSE00196,Rajasthan,Jaipur,Electronics,Mobile & Accessories,Power Adapter,Power Adapter by Jaipur Enterprise 196 in Jaipur.,1546.16,1 piece,0
PROD00917,MSE04439,Madhya Pradesh,Bhopal,Food & Beverage,Packaged Foods,Mango Pickle,Mango Pickle by Bhopal Enterprise 4439 in Bhopal.,339.34,250 ml,1
PROD00918,MSE01397,Odisha,Cuttack,Fashion,Women's Apparel,Kurta Fabric,Kurta Fabric by Cuttack Enterprise 1397 in Cuttack.,354.01,500 gram,1
PROD00919,MSE02802,Himachal Pradesh,Kangra,Fashion,Women's Apparel,Silk Stole,Silk Stole by Kangra Enterprise 2802 in Kangra.,435.56,250 ml,1
PROD00920,MSE02914,Gujarat,Rajkot,Food & Beverage,Packaged Foods,Masala Mix,Masala Mix by Rajkot Enterprise 2914 in Rajkot.,416.91,500 gram,1
PROD00921,MSE02790,Uttarakhand,Nainital,Fashion,Women's Apparel,Kurta Fabric,Kurta Fabric by Nainital Enterprise 2790 in Nainital.,2598.42,2 piece,1
PROD00922,MSE03845,Gujarat,Ahmedabad,Fashion,Women's Apparel,Silk Stole,Silk Stole by Ahmedabad Enterprise 3845 in Ahmedabad.,2140.92,200 gram,1
PROD00923,MSE04660,Rajasthan,Udaipur,Services,Digital Services,Web Development,Web Development by Udaipur Enterprise 4660 in Udaipur.,2353.39,1 piece,0
PROD00924,MSE02941,Gujarat,Ahmedabad,Home & Kitchen,Home Decor,Wooden Chair,Wooden Chair by Ahmedabad Enterprise 2941 in Ahmedabad.,3261.43,1 kg,0
PROD00925,MSE02513,Karnataka,Belagavi,Home & Kitchen,Home Decor,Kitchen Organizer,Kitchen Organizer by Belagavi Enterprise 2513 in Belagavi.,2025.42,500 gram,0
PROD00926,MSE02179,Rajasthan,Udaipur,Food & Beverage,Packaged Foods,Ready-to-Eat Snacks,Ready-to-Eat Snacks by Udaipur Enterprise 2179 in Udaipur.,92.96,2 piece,1
PROD00927,MSE01192,Telangana,Warangal,Food & Beverage,Packaged Foods,Papad,Papad by Warangal Enterprise 1192 in Warangal.,338.19,2 piece,1
PROD00928,MSE01635,Chhattisgarh,Raipur,Electronics,Mobile & Accessories,Earphones,Earphones by Raipur Enterprise 1635 in Raipur.,7967.77,500 gram,0
PROD00929,MSE00340,Uttar Pradesh,Lucknow,Handicrafts & Handloom,Crafts,Terracotta Pot,Terracotta Pot by Lucknow Enterprise 340 in Lucknow.,3000.89,2 piece,1
PROD00930,MSE00450,Nagaland,Mokokchung,Beauty & Personal Care,Skincare,Ayurvedic Balm,Ayurvedic Balm by Mokokchung Enterprise 450 in Mokokchung.,544.56,500 gram,0
PROD00931,MSE00445,Bihar,Patna,Home & Kitchen,Home Decor,Kitchen Organizer,Kitchen Organizer by Patna Enterprise 445 in Patna.,851.6,250 ml,0
PROD00932,MSE00146,Maharashtra,Nagpur,Food & Beverage,Packaged Foods,Papad,Papad by Nagpur Enterprise 146 in Nagpur.,296.17,200 gram,1
PROD00933,MSE00172,Andhra Pradesh,Visakhapatnam,Services,Digital Services,Web Development,Web Development by Visakhapatnam Enterprise 172 in Visakhapatnam.,3060.24,250 ml,0
PROD00934,MSE00473,Kerala,Thiruvananthapuram,Agriculture,Seeds,Vegetable Seeds,Vegetable Seeds by Thiruvananthapuram Enterprise 473 in Thiruvananthapuram.,883.1,2 piece,0
PROD00935,MSE01329,West Bengal,Kolkata,Beauty & Personal Care,Skincare,Essential Oil,Essential Oil by Kolkata Enterprise 1329 in Kolkata.,562.25,1 kg,0
PROD00936,MSE01943,Kerala,Thiruvananthapuram,Home & Kitchen,Home Decor,Kitchen Organizer,Kitchen Organizer by Thiruvananthapuram Enterprise 1943 in Thiruvananthapuram.,1658.49,250 ml,0
PROD00937,MSE00017,Karnataka,Mysuru,Home & Kitchen,Home Decor,Storage Rack,Storage Rack by Mysuru Enterprise 17 in Mysuru.,866.67,200 gram,0
PROD00938,MSE03503,Maharashtra,Nagpur,Food & Beverage,Packaged Foods,Ready-to-Eat Snacks,Ready-to-Eat Snacks by Nagpur Enterprise 3503 in Nagpur.,182.49,200 gram,1
PROD00939,MSE03805,Uttar Pradesh,Lucknow,Fashion,Women's Apparel,Handloom Dupatta,Handloom Dupatta by Lucknow Enterprise 3805 in Lucknow.,1744.43,500 gram,1
PROD00940,MSE04958,Tamil Nadu,Chennai,Electronics,Mobile & Accessories,Earphones,Earphones by Chennai Enterprise 4958 in Chennai.,8482.56,1 kg,0
PROD00941,MSE04463,Uttar Pradesh,Lucknow,Agriculture,Seeds,Vegetable Seeds,Vegetable Seeds by Lucknow Enterprise 4463 in Lucknow.,223.35,1 kg,0
PROD00942,MSE04181,Punjab,Amritsar,Fashion,Women's Apparel,Handloom Dupatta,Handloom Dupatta by Amritsar Enterprise 4181 in Amritsar.,2963.05,200 gram,1
PROD00943,MSE04845,Gujarat,Rajkot,Fashion,Women's Apparel,Handloom Dupatta,Handloom Dupatta by Rajkot Enterprise 4845 in Rajkot.,2906.43,250 ml,1
PROD00944,MSE00724,Telangana,Nizamabad,Food & Beverage,Packaged Foods,Papad,Papad by Nizamabad Enterprise 724 in Nizamabad.,179.13,1 piece,1
PROD00945,MSE02197,Karnataka,Belagavi,Food & Beverage,Packaged Foods,Masala Mix,Masala Mix by Belagavi Enterprise 2197 in Belagavi.,110.3,250 ml,1
PROD00946,MSE02392,Maharashtra,Mumbai,Handicrafts & Handloom,Crafts,Papier-mache Decor,Papier-mache Decor by Mumbai Enterprise 2392 in Mumbai.,3945.98,200 gram,1
PROD00947,MSE02216,Maharashtra,Mumbai,Electronics,Mobile & Accessories,LED Bulb,LED Bulb by Mumbai Enterprise 2216 in Mumbai.,4860.02,200 gram,0
PROD00948,MSE02900,Gujarat,Ahmedabad,Handicrafts & Handloom,Crafts,Papier-mache Decor,Papier-mache Decor by Ahmedabad Enterprise 2900 in Ahmedabad.,290.85,1 piece,1
PROD00949,MSE00259,Tamil Nadu,Chennai,Home & Kitchen,Home Decor,Wooden Chair,Wooden Chair by Chennai Enterprise 259 in Chennai.,2167.26,1 kg,0
PROD00950,MSE04420,Bihar,Patna,Handicrafts & Handloom,Crafts,Terracotta Pot,Terracotta Pot by Patna Enterprise 4420 in Patna.,1621.33,2 piece,1
PROD00951,MSE04350,Haryana,Gurugram,Food & Beverage,Packaged Foods,Papad,Papad by Gurugram Enterprise 4350 in Gurugram.,351.53,1 piece,1
PROD00952,MSE02335,Maharashtra,Mumbai,Home & Kitchen,Home Decor,Wooden Chair,Wooden Chair by Mumbai Enterprise 2335 in Mumbai.,2572.09,200 gram,0
PROD00953,MSE03618,Bihar,Patna,Fashion,Women's Apparel,Silk Stole,Silk Stole by Patna Enterprise 3618 in Patna.,2457.25,1 piece,1
PROD00954,MSE00931,Kerala,Kozhikode,Food & Beverage,Packaged Foods,Mango Pickle,Mango Pickle by Kozhikode Enterprise 931 in Kozhikode.,252.87,200 gram,1
PROD00955,MSE04074,Jharkhand,Dhanbad,Food & Beverage,Packaged Foods,Ready-to-Eat Snacks,Ready-to-Eat Snacks by Dhanbad Enterprise 4074 in Dhanbad.,292.05,1 piece,1
PROD00956,MSE02157,Uttar Pradesh,Lucknow,Fashion,Women's Apparel,Cotton Saree,Cotton Saree by Lucknow Enterprise 2157 in Lucknow.,1561.81,250 ml,1
PROD00957,MSE03924,Maharashtra,Mumbai,Food & Beverage,Packaged Foods,Ready-to-Eat Snacks,Ready-to-Eat Snacks by Mumbai Enterprise 3924 in Mumbai.,369.93,1 kg,1
PROD00958,MSE03353,Telangana,Hyderabad,Food & Beverage,Packaged Foods,Mango Pickle,Mango Pickle by Hyderabad Enterprise 3353 in Hyderabad.,396.17,200 gram,1
PROD00959,MSE01973,Maharashtra,Nagpur,Home & Kitchen,Home Decor,Decorative Shelf,Decorative Shelf by Nagpur Enterprise 1973 in Nagpur.,1014.46,2 piece,0
PROD00960,MSE02234,Kerala,Kozhikode,Electronics,Mobile & Accessories,Mobile Charger,Mobile Charger by Kozhikode Enterprise 2234 in Kozhikode.,5601.47,500 gram,0
PROD00961,MSE02666,Karnataka,Bengaluru Urban,Food & Beverage,Packaged Foods,Masala Mix,Masala Mix by Bengaluru Urban Enterprise 2666 in Bengaluru Urban.,270.03,2 piece,1
PROD00962,MSE00085,West Bengal,Siliguri,Food & Beverage,Packaged Foods,Mango Pickle,Mango Pickle by Siliguri Enterprise 85 in Siliguri.,258.81,1 kg,1
PROD00963,MSE00344,Uttarakhand,Haridwar,Services,Digital Services,Digital Marketing,Digital Marketing by Haridwar Enterprise 344 in Haridwar.,2868.81,1 piece,0
PROD00964,MSE00618,Jharkhand,Ranchi,Fashion,Women's Apparel,Silk Stole,Silk Stole by Ranchi Enterprise 618 in Ranchi.,785.96,1 kg,1
PROD00965,MSE02478,Gujarat,Surat,Beauty & Personal Care,Skincare,Ayurvedic Balm,Ayurvedic Balm by Surat Enterprise 2478 in Surat.,1619.62,1 piece,0
PROD00966,MSE03350,Gujarat,Surat,Services,Digital Services,Digital Marketing,Digital Marketing by Surat Enterprise 3350 in Surat.,1494.12,2 piece,0
PROD00967,MSE03085,Assam,Dibrugarh,Agriculture,Seeds,Organic Fertilizer,Organic Fertilizer by Dibrugarh Enterprise 3085 in Dibrugarh.,484.88,1 kg,0
PROD00968,MSE01008,Gujarat,Surat,Home & Kitchen,Home Decor,Kitchen Organizer,Kitchen Organizer by Surat Enterprise 1008 in Surat.,1656.63,2 piece,0
PROD00969,MSE02072,Bihar,Muzaffarpur,Handicrafts & Handloom,Crafts,Papier-mache Decor,Papier-mache Decor by Muzaffarpur Enterprise 2072 in Muzaffarpur.,565.73,500 gram,1
PROD00970,MSE02552,Uttar Pradesh,Varanasi,Handicrafts & Handloom,Crafts,Terracotta Pot,Terracotta Pot by Varanasi Enterprise 2552 in Varanasi.,2007.7,1 piece,1
PROD00971,MSE03851,Telangana,Nizamabad,Agriculture,Seeds,Vegetable Seeds,Vegetable Seeds by Nizamabad Enterprise 3851 in Nizamabad.,290.35,200 gram,0
PROD00972,MSE00206,Haryana,Faridabad,Home & Kitchen,Home Decor,Wooden Chair,Wooden Chair by Faridabad Enterprise 206 in Faridabad.,2470.76,2 piece,0
PROD00973,MSE04278,West Bengal,Kolkata,Food & Beverage,Packaged Foods,Papad,Papad by Kolkata Enterprise 4278 in Kolkata.,358.51,1 kg,1
PROD00974,MSE03718,Rajasthan,Jodhpur,Beauty & Personal Care,Skincare,Ayurvedic Balm,Ayurvedic Balm by Jodhpur Enterprise 3718 in Jodhpur.,155.73,200 gram,0
PROD00975,MSE00225,Bihar,Patna,Handicrafts & Handloom,Crafts,Terracotta Pot,Terracotta Pot by Patna Enterprise 225 in Patna.,1817.23,2 piece,1
PROD00976,MSE01902,Maharashtra,Nagpur,Food & Beverage,Packaged Foods,Masala Mix,Masala Mix by Nagpur Enterprise 1902 in Nagpur.,269.46,1 piece,1
PROD00977,MSE03331,Odisha,Sambalpur,Fashion,Women's Apparel,Cotton Saree,Cotton Saree by Sambalpur Enterprise 3331 in Sambalpur.,1509.58,250 ml,1
PROD00978,MSE02020,Kerala,Kozhikode,Agriculture,Seeds,Compost,Compost by Kozhikode Enterprise 2020 in Kozhikode.,687.83,250 ml,0
PROD00979,MSE02954,Kerala,Thiruvananthapuram,Food & Beverage,Packaged Foods,Papad,Papad by Thiruvananthapuram Enterprise 2954 in Thiruvananthapuram.,398.55,1 piece,1
PROD00980,MSE03327,Delhi,North West Delhi,Fashion,Women's Apparel,Silk Stole,Silk Stole by North West Delhi Enterprise 3327 in North West Delhi.,1648.59,1 piece,1
PROD00981,MSE04656,Kerala,Thiruvananthapuram,Services,Digital Services,Web Development,Web Development by Thiruvananthapuram Enterprise 4656 in Thiruvananthapuram.,1221.67,200 gram,0
PROD00982,MSE04004,Uttar Pradesh,Lucknow,Fashion,Women's Apparel,Handloom Dupatta,Handloom Dupatta by Lucknow Enterprise 4004 in Lucknow.,917.89,250 ml,1
PROD00983,MSE00005,Rajasthan,Udaipur,Beauty & Personal Care,Skincare,Essential Oil,Essential Oil by Udaipur Enterprise 5 in Udaipur.,445.62,250 ml,0
PROD00984,MSE02743,Tamil Nadu,Chennai,Fashion,Women's Apparel,Kurta Fabric,Kurta Fabric by Chennai Enterprise 2743 in Chennai.,3051.21,500 gram,1
PROD00985,MSE02104,Madhya Pradesh,Bhopal,Home & Kitchen,Home Decor,Wooden Chair,Wooden Chair by Bhopal Enterprise 2104 in Bhopal.,938.62,2 piece,0
PROD00986,MSE03196,West Bengal,Howrah,Handicrafts & Handloom,Crafts,Papier-mache Decor,Papier-mache Decor by Howrah Enterprise 3196 in Howrah.,4089.14,250 ml,1
PROD00987,MSE01539,Telangana,Hyderabad,Food & Beverage,Packaged Foods,Papad,Papad by Hyderabad Enterprise 1539 in Hyderabad.,328.5,250 ml,1
PROD00988,MSE01114,Odisha,Cuttack,Food & Beverage,Packaged Foods,Ready-to-Eat Snacks,Ready-to-Eat Snacks by Cuttack Enterprise 1114 in Cuttack.,304.89,1 kg,1
PROD00989,MSE03022,Madhya Pradesh,Indore,Fashion,Women's Apparel,Kurta Fabric,Kurta Fabric by Indore Enterprise 3022 in Indore.,418.09,2 piece,1
PROD00990,MSE01408,West Bengal,Siliguri,Beauty & Personal Care,Skincare,Natural Soap,Natural Soap by Siliguri Enterprise 1408 in Siliguri.,361.34,1 piece,0
PROD00991,MSE04875,Maharashtra,Nagpur,Agriculture,Seeds,Herbal Saplings,Herbal Saplings by Nagpur Enterprise 4875 in Nagpur.,1089.21,2 piece,0
PROD00992,MSE04457,Punjab,Jalandhar,Food & Beverage,Packaged Foods,Masala Mix,Masala Mix by Jalandhar Enterprise 4457 in Jalandhar.,165.74,250 ml,1
PROD00993,MSE04621,West Bengal,Kolkata,Electronics,Mobile & Accessories,Power Adapter,Power Adapter by Kolkata Enterprise 4621 in Kolkata.,8582.59,1 piece,0
PROD00994,MSE04001,West Bengal,Kolkata,Handicrafts & Handloom,Crafts,Terracotta Pot,Terracotta Pot by Kolkata Enterprise 4001 in Kolkata.,756.09,2 piece,1
PROD00995,MSE01609,Maharashtra,Nagpur,Food & Beverage,Packaged Foods,Papad,Papad by Nagpur Enterprise 1609 in Nagpur.,119.93,2 piece,1
PROD00996,MSE03226,Maharashtra,Nagpur,Food & Beverage,Packaged Foods,Papad,Papad by Nagpur Enterprise 3226 in Nagpur.,144.76,200 gram,1
PROD00997,MSE04198,Tamil Nadu,Madurai,Fashion,Women's Apparel,Handloom Dupatta,Handloom Dupatta by Madurai Enterprise 4198 in Madurai.,1827.26,250 ml,1
PROD00998,MSE03710,Delhi,South East Delhi,Home & Kitchen,Home Decor,Kitchen Organizer,Kitchen Organizer by South East Delhi Enterprise 3710 in South East Delhi.,2444.72,200 gram,0
PROD00999,MSE03802,Assam,Dibrugarh,Food & Beverage,Packaged Foods,Masala Mix,Masala Mix by Dibrugarh Enterprise 3802 in Dibrugarh.,174.5,200 gram,1
PROD01000,MSE02155,Rajasthan,Udaipur,Beauty & Personal Care,Skincare,Ayurvedic Balm,Ayurvedic Balm by Udaipur Enterprise 2155 in Udaipur.,862.57,250 ml,0
PROD01001,MSE02286,Andhra Pradesh,Tirupati,Beauty & Personal Care,Skincare,Natural Soap,Natural Soap by Tirupati Enterprise 2286 in Tirupati.,1537.2,500 gram,0
PROD01002,MSE00857,Maharashtra,Nagpur,Fashion,Women's Apparel,Silk Stole,Silk Stole by Nagpur Enterprise 857 in Nagpur.,377.4,500 gram,1
PROD01003,MSE01552,Gujarat,Rajkot,Home & Kitchen,Home Decor,Decorative Shelf,Decorative Shelf by Rajkot Enterprise 1552 in Rajkot.,1913.04,2 piece,0
PROD01004,MSE02521,Gujarat,Ahmedabad,Electronics,Mobile & Accessories,Earphones,Earphones by Ahmedabad Enterprise 2521 in Ahmedabad.,7528.28,200 gram,0
PROD01005,MSE00313,Maharashtra,Mumbai,Fashion,Women's Apparel,Handloom Dupatta,Handloom Dupatta by Mumbai Enterprise 313 in Mumbai.,865.66,1 piece,1
PROD01006,MSE02053,Nagaland,Kohima,Home & Kitchen,Home Decor,Wooden Chair,Wooden Chair by Kohima Enterprise 2053 in Kohima.,3215.24,2 piece,0
PROD01007,MSE04462,Chhattisgarh,Durg,Beauty & Personal Care,Skincare,Essential Oil,Essential Oil by Durg Enterprise 4462 in Durg.,1549.7,250 ml,0
PROD01008,MSE03169,Tamil Nadu,Coimbatore,Fashion,Women's Apparel,Cotton Saree,Cotton Saree by Coimbatore Enterprise 3169 in Coimbatore.,699.29,250 ml,1
PROD01009,MSE03238,Haryana,Faridabad,Fashion,Women's Apparel,Silk Stole,Silk Stole by Faridabad Enterprise 3238 in Faridabad.,2366.89,250 ml,1
PROD01010,MSE00747,Uttar Pradesh,Lucknow,Fashion,Women's Apparel,Cotton Saree,Cotton Saree by Lucknow Enterprise 747 in Lucknow.,777.01,250 ml,1
PROD01011,MSE02296,Maharashtra,Pune,Fashion,Women's Apparel,Silk Stole,Silk Stole by Pune Enterprise 2296 in Pune.,1020.04,500 gram,1
PROD01012,MSE02852,Tamil Nadu,Madurai,Food & Beverage,Packaged Foods,Ready-to-Eat Snacks,Ready-to-Eat Snacks by Madurai Enterprise 2852 in Madurai.,141.21,500 gram,1
PROD01013,MSE02998,West Bengal,Kolkata,Home & Kitchen,Home Decor,Wooden Chair,Wooden Chair by Kolkata Enterprise 2998 in Kolkata.,3448.78,500 gram,0
PROD01014,MSE01149,Uttar Pradesh,Kanpur Nagar,Food & Beverage,Packaged Foods,Ready-to-Eat Snacks,Ready-to-Eat Snacks by Kanpur Nagar Enterprise 1149 in Kanpur Nagar.,188.38,1 piece,1
PROD01015,MSE01132,Telangana,Hyderabad,Services,Digital Services,Web Development,Web Development by Hyderabad Enterprise 1132 in Hyderabad.,3221.6,1 kg,0
PROD01016,MSE03467,Jharkhand,Jamshedpur,Food & Beverage,Packaged Foods,Masala Mix,Masala Mix by Jamshedpur Enterprise 3467 in Jamshedpur.,171.08,1 piece,1
PROD01017,MSE02447,Bihar,Patna,Home & Kitchen,Home Decor,Decorative Shelf,Decorative Shelf by Patna Enterprise 2447 in Patna.,1703.61,250 ml,0
PROD01018,MSE04083,Kerala,Kozhikode,Food & Beverage,Packaged Foods,Masala Mix,Masala Mix by Kozhikode Enterprise 4083 in Kozhikode.,225.79,2 piece,1
PROD01019,MSE03342,Uttarakhand,Nainital,Handicrafts & Handloom,Crafts,Brass Lamp,Brass Lamp by Nainital Enterprise 3342 in Nainital.,3136.47,1 kg,1
PROD01020,MSE04787,Maharashtra,Nagpur,Food & Beverage,Packaged Foods,Masala Mix,Masala Mix by Nagpur Enterprise 4787 in Nagpur.,189.33,1 piece,1
PROD01021,MSE00125,Haryana,Faridabad,Agriculture,Seeds,Herbal Saplings,Herbal Saplings by Faridabad Enterprise 125 in Faridabad.,604.23,250 ml,0
PROD01022,MSE02889,Uttar Pradesh,Kanpur Nagar,Electronics,Mobile & Accessories,Power Adapter,Power Adapter by Kanpur Nagar Enterprise 2889 in Kanpur Nagar.,750.03,1 kg,0
PROD01023,MSE03362,Gujarat,Surat,Services,Digital Services,IT Support,IT Support by Surat Enterprise 3362 in Surat.,4780.62,2 piece,0
PROD01024,MSE04290,Uttar Pradesh,Kanpur Nagar,Food & Beverage,Packaged Foods,Ready-to-Eat Snacks,Ready-to-Eat Snacks by Kanpur Nagar Enterprise 4290 in Kanpur Nagar.,159.21,200 gram,1
PROD01025,MSE02176,Delhi,South East Delhi,Home & Kitchen,Home Decor,Kitchen Organizer,Kitchen Organizer by South East Delhi Enterprise 2176 in South East Delhi.,2602.64,1 piece,0
PROD01026,MSE02505,Assam,Kamrup Metro,Fashion,Women's Apparel,Silk Stole,Silk Stole by Kamrup Metro Enterprise 2505 in Kamrup Metro.,1122.16,500 gram,1
PROD01027,MSE01504,Maharashtra,Pune,Home & Kitchen,Home Decor,Kitchen Organizer,Kitchen Organizer by Pune Enterprise 1504 in Pune.,2473.29,1 piece,0
PROD01028,MSE04762,Maharashtra,Mumbai,Beauty & Personal Care,Skincare,Ayurvedic Balm,Ayurvedic Balm by Mumbai Enterprise 4762 in Mumbai.,1772.99,200 gram,0
PROD01029,MSE03154,Odisha,Khordha,Services,Digital Services,IT Support,IT Support by Khordha Enterprise 3154 in Khordha.,1930.51,1 piece,0
PROD01030,MSE00185,Puducherry,Puducherry,Home & Kitchen,Home Decor,Kitchen Organizer,Kitchen Organizer by Puducherry Enterprise 185 in Puducherry.,303.47,1 piece,0
PROD01031,MSE02455,Uttar Pradesh,Kanpur Nagar,Agriculture,Seeds,Organic Fertilizer,Organic Fertilizer by Kanpur Nagar Enterprise 2455 in Kanpur Nagar.,537.04,500 gram,0
PROD01032,MSE00362,Tamil Nadu,Coimbatore,Food & Beverage,Packaged Foods,Masala Mix,Masala Mix by Coimbatore Enterprise 362 in Coimbatore.,240.69,1 piece,1
PROD01033,MSE01748,West Bengal,Howrah,Home & Kitchen,Home Decor,Wooden Chair,Wooden Chair by Howrah Enterprise 1748 in Howrah.,3063.25,2 piece,0
PROD01034,MSE01391,Uttar Pradesh,Lucknow,Food & Beverage,Packaged Foods,Papad,Papad by Lucknow Enterprise 1391 in Lucknow.,86.33,500 gram,1
PROD01035,MSE02834,Andhra Pradesh,Vijayawada,Agriculture,Seeds,Compost,Compost by Vijayawada Enterprise 2834 in Vijayawada.,546.07,200 gram,0
PROD01036,MSE03836,Haryana,Faridabad,Home & Kitchen,Home Decor,Storage Rack,Storage Rack by Faridabad Enterprise 3836 in Faridabad.,2556.57,250 ml,0
PROD01037,MSE03343,Rajasthan,Udaipur,Handicrafts & Handloom,Crafts,Terracotta Pot,Terracotta Pot by Udaipur Enterprise 3343 in Udaipur.,2360.67,2 piece,1
PROD01038,MSE04741,Uttar Pradesh,Varanasi,Home & Kitchen,Home Decor,Decorative Shelf,Decorative Shelf by Varanasi Enterprise 4741 in Varanasi.,1603.56,1 piece,0
PROD01039,MSE04994,Karnataka,Belagavi,Fashion,Women's Apparel,Cotton Saree,Cotton Saree by Belagavi Enterprise 4994 in Belagavi.,1703.72,200 gram,1
PROD01040,MSE03461,West Bengal,Siliguri,Agriculture,Seeds,Herbal Saplings,Herbal Saplings by Siliguri Enterprise 3461 in Siliguri.,1180.39,200 gram,0
PROD01041,MSE02025,Gujarat,Surat,Home & Kitchen,Home Decor,Kitchen Organizer,Kitchen Organizer by Surat Enterprise 2025 in Surat.,557.05,200 gram,0
PROD01042,MSE02526,Gujarat,Ahmedabad,Home & Kitchen,Home Decor,Storage Rack,Storage Rack by Ahmedabad Enterprise 2526 in Ahmedabad.,1823.58,500 gram,0
PROD01043,MSE01384,Maharashtra,Pune,Food & Beverage,Packaged Foods,Ready-to-Eat Snacks,Ready-to-Eat Snacks by Pune Enterprise 1384 in Pune.,344.5,2 piece,1
PROD01044,MSE04629,Tamil Nadu,Madurai,Handicrafts & Handloom,Crafts,Wooden Craft,Wooden Craft by Madurai Enterprise 4629 in Madurai.,1544.77,200 gram,1
PROD01045,MSE02201,Maharashtra,Mumbai,Food & Beverage,Packaged Foods,Ready-to-Eat Snacks,Ready-to-Eat Snacks by Mumbai Enterprise 2201 in Mumbai.,159.78,2 piece,1
PROD01046,MSE04383,Odisha,Cuttack,Electronics,Mobile & Accessories,Mobile Charger,Mobile Charger by Cuttack Enterprise 4383 in Cuttack.,6284.35,250 ml,0
PROD01047,MSE03538,Tamil Nadu,Chennai,Handicrafts & Handloom,Crafts,Papier-mache Decor,Papier-mache Decor by Chennai Enterprise 3538 in Chennai.,820.68,500 gram,1
PROD01048,MSE00995,West Bengal,Siliguri,Handicrafts & Handloom,Crafts,Terracotta Pot,Terracotta Pot by Siliguri Enterprise 995 in Siliguri.,789.3,1 piece,1
PROD01049,MSE03146,Chhattisgarh,Durg,Home & Kitchen,Home Decor,Storage Rack,Storage Rack by Durg Enterprise 3146 in Durg.,1645.28,1 piece,0
PROD01050,MSE03695,Gujarat,Rajkot,Home & Kitchen,Home Decor,Storage Rack,Storage Rack by Rajkot Enterprise 3695 in Rajkot.,3090.37,200 gram,0
PROD01051,MSE02089,Andhra Pradesh,Visakhapatnam,Agriculture,Seeds,Compost,Compost by Visakhapatnam Enterprise 2089 in Visakhapatnam.,726.59,200 gram,0
PROD01052,MSE02508,Andhra Pradesh,Tirupati,Home & Kitchen,Home Decor,Wooden Chair,Wooden Chair by Tirupati Enterprise 2508 in Tirupati.,1936.2,250 ml,0
PROD01053,MSE01547,Gujarat,Ahmedabad,Fashion,Women's Apparel,Kurta Fabric,Kurta Fabric by Ahmedabad Enterprise 1547 in Ahmedabad.,734.21,1 piece,1
PROD01054,MSE01174,Tamil Nadu,Madurai,Home & Kitchen,Home Decor,Kitchen Organizer,Kitchen Organizer by Madurai Enterprise 1174 in Madurai.,2740.69,1 kg,0
PROD01055,MSE03091,Tamil Nadu,Chennai,Food & Beverage,Packaged Foods,Ready-to-Eat Snacks,Ready-to-Eat Snacks by Chennai Enterprise 3091 in Chennai.,285.42,200 gram,1
PROD01056,MSE01373,Uttar Pradesh,Kanpur Nagar,Handicrafts & Handloom,Crafts,Papier-mache Decor,Papier-mache Decor by Kanpur Nagar Enterprise 1373 in Kanpur Nagar.,665.22,2 piece,1
PROD01057,MSE01586,Madhya Pradesh,Indore,Electronics,Mobile & Accessories,Mobile Charger,Mobile Charger by Indore Enterprise 1586 in Indore.,3845.99,1 piece,0
PROD01058,MSE03357,Haryana,Panipat,Food & Beverage,Packaged Foods,Mango Pickle,Mango Pickle by Panipat Enterprise 3357 in Panipat.,112.47,500 gram,1
PROD01059,MSE04599,Uttar Pradesh,Lucknow,Home & Kitchen,Home Decor,Wooden Chair,Wooden Chair by Lucknow Enterprise 4599 in Lucknow.,2913.65,250 ml,0
PROD01060,MSE04395,West Bengal,Siliguri,Beauty & Personal Care,Skincare,Herbal Face Pack,Herbal Face Pack by Siliguri Enterprise 4395 in Siliguri.,1707.48,500 gram,0
PROD01061,MSE03518,Andhra Pradesh,Visakhapatnam,Fashion,Women's Apparel,Cotton Saree,Cotton Saree by Visakhapatnam Enterprise 3518 in Visakhapatnam.,1324.0,500 gram,1
PROD01062,MSE00300,Uttar Pradesh,Varanasi,Services,Digital Services,IT Support,IT Support by Varanasi Enterprise 300 in Varanasi.,1936.01,1 kg,0
PROD01063,MSE03540,Bihar,Gaya,Fashion,Women's Apparel,Kurta Fabric,Kurta Fabric by Gaya Enterprise 3540 in Gaya.,2258.24,200 gram,1
PROD01064,MSE04188,West Bengal,Kolkata,Fashion,Women's Apparel,Cotton Saree,Cotton Saree by Kolkata Enterprise 4188 in Kolkata.,2336.76,1 kg,1
PROD01065,MSE00808,Uttarakhand,Haridwar,Handicrafts & Handloom,Crafts,Terracotta Pot,Terracotta Pot by Haridwar Enterprise 808 in Haridwar.,1464.62,250 ml,1
PROD01066,MSE04948,Bihar,Patna,Agriculture,Seeds,Compost,Compost by Patna Enterprise 4948 in Patna.,545.32,200 gram,0
PROD01067,MSE02555,Gujarat,Surat,Services,Digital Services,Web Development,Web Development by Surat Enterprise 2555 in Surat.,2644.94,200 gram,0
PROD01068,MSE03997,Jharkhand,Dhanbad,Food & Beverage,Packaged Foods,Masala Mix,Masala Mix by Dhanbad Enterprise 3997 in Dhanbad.,168.17,2 piece,1
PROD01069,MSE04018,Punjab,Ludhiana,Food & Beverage,Packaged Foods,Masala Mix,Masala Mix by Ludhiana Enterprise 4018 in Ludhiana.,253.81,250 ml,1
PROD01070,MSE03298,Uttar Pradesh,Lucknow,Services,Digital Services,Digital Marketing,Digital Marketing by Lucknow Enterprise 3298 in Lucknow.,4826.38,200 gram,0
PROD01071,MSE04533,Tamil Nadu,Madurai,Fashion,Women's Apparel,Cotton Saree,Cotton Saree by Madurai Enterprise 4533 in Madurai.,1555.79,1 piece,1
PROD01072,MSE02141,Karnataka,Bengaluru Urban,Home & Kitchen,Home Decor,Storage Rack,Storage Rack by Bengaluru Urban Enterprise 2141 in Bengaluru Urban.,1275.65,200 gram,0
PROD01073,MSE01649,Kerala,Ernakulam,Fashion,Women's Apparel,Handloom Dupatta,Handloom Dupatta by Ernakulam Enterprise 1649 in Ernakulam.,512.75,500 gram,1
PROD01074,MSE03131,Gujarat,Rajkot,Home & Kitchen,Home Decor,Wooden Chair,Wooden Chair by Rajkot Enterprise 3131 in Rajkot.,873.98,2 piece,0
PROD01075,MSE02033,Chhattisgarh,Durg,Electronics,Mobile & Accessories,Mobile Charger,Mobile Charger by Durg Enterprise 2033 in Durg.,8964.84,1 kg,0
PROD01076,MSE01146,Bihar,Gaya,Fashion,Women's Apparel,Handloom Dupatta,Handloom Dupatta by Gaya Enterprise 1146 in Gaya.,1276.62,500 gram,1
PROD01077,MSE00818,Jammu & Kashmir,Anantnag,Fashion,Women's Apparel,Silk Stole,Silk Stole by Anantnag Enterprise 818 in Anantnag.,2627.64,1 kg,1
PROD01078,MSE03209,Andhra Pradesh,Vijayawada,Home & Kitchen,Home Decor,Kitchen Organizer,Kitchen Organizer by Vijayawada Enterprise 3209 in Vijayawada.,3400.59,200 gram,0
PROD01079,MSE02806,Gujarat,Rajkot,Fashion,Women's Apparel,Cotton Saree,Cotton Saree by Rajkot Enterprise 2806 in Rajkot.,2908.62,2 piece,1
PROD01080,MSE00628,Haryana,Faridabad,Handicrafts & Handloom,Crafts,Papier-mache Decor,Papier-mache Decor by Faridabad Enterprise 628 in Faridabad.,1605.35,200 gram,1
PROD01081,MSE04608,Rajasthan,Jodhpur,Home & Kitchen,Home Decor,Kitchen Organizer,Kitchen Organizer by Jodhpur Enterprise 4608 in Jodhpur.,2243.74,500 gram,0
PROD01082,MSE03988,Delhi,South East Delhi,Beauty & Personal Care,Skincare,Ayurvedic Balm,Ayurvedic Balm by South East Delhi Enterprise 3988 in South East Delhi.,1651.21,2 piece,0
PROD01083,MSE01861,Delhi,North West Delhi,Agriculture,Seeds,Vegetable Seeds,Vegetable Seeds by North West Delhi Enterprise 1861 in North West Delhi.,1131.52,250 ml,0
PROD01084,MSE01871,Odisha,Sambalpur,Food & Beverage,Packaged Foods,Ready-to-Eat Snacks,Ready-to-Eat Snacks by Sambalpur Enterprise 1871 in Sambalpur.,160.73,500 gram,1
PROD01085,MSE04838,Kerala,Ernakulam,Food & Beverage,Packaged Foods,Ready-to-Eat Snacks,Ready-to-Eat Snacks by Ernakulam Enterprise 4838 in Ernakulam.,267.59,200 gram,1
PROD01086,MSE01288,Sikkim,South Sikkim,Agriculture,Seeds,Compost,Compost by South Sikkim Enterprise 1288 in South Sikkim.,206.15,200 gram,0
PROD01087,MSE03427,Telangana,Nizamabad,Beauty & Personal Care,Skincare,Natural Soap,Natural Soap by Nizamabad Enterprise 3427 in Nizamabad.,510.74,500 gram,0
PROD01088,MSE03622,Chandigarh,Chandigarh,Food & Beverage,Packaged Foods,Mango Pickle,Mango Pickle by Chandigarh Enterprise 3622 in Chandigarh.,148.34,250 ml,1
PROD01089,MSE03736,Bihar,Muzaffarpur,Food & Beverage,Packaged Foods,Mango Pickle,Mango Pickle by Muzaffarpur Enterprise 3736 in Muzaffarpur.,399.97,1 kg,1
PROD01090,MSE01098,Andhra Pradesh,Vijayawada,Home & Kitchen,Home Decor,Wooden Chair,Wooden Chair by Vijayawada Enterprise 1098 in Vijayawada.,835.06,250 ml,0
PROD01091,MSE04291,Maharashtra,Mumbai,Fashion,Women's Apparel,Silk Stole,Silk Stole by Mumbai Enterprise 4291 in Mumbai.,2036.36,250 ml,1
PROD01092,MSE04971,Punjab,Jalandhar,Agriculture,Seeds,Herbal Saplings,Herbal Saplings by Jalandhar Enterprise 4971 in Jalandhar.,1115.8,1 piece,0
PROD01093,MSE00685,Tamil Nadu,Coimbatore,Food & Beverage,Packaged Foods,Mango Pickle,Mango Pickle by Coimbatore Enterprise 685 in Coimbatore.,243.7,1 piece,1
PROD01094,MSE00043,Uttar Pradesh,Varanasi,Agriculture,Seeds,Vegetable Seeds,Vegetable Seeds by Varanasi Enterprise 43 in Varanasi.,200.64,250 ml,0
PROD01095,MSE02055,Himachal Pradesh,Shimla,Fashion,Women's Apparel,Handloom Dupatta,Handloom Dupatta by Shimla Enterprise 2055 in Shimla.,2224.78,250 ml,1
PROD01096,MSE01211,Jammu & Kashmir,Jammu,Beauty & Personal Care,Skincare,Ayurvedic Balm,Ayurvedic Balm by Jammu Enterprise 1211 in Jammu.,244.12,500 gram,0
PROD01097,MSE02723,Rajasthan,Jaipur,Electronics,Mobile & Accessories,LED Bulb,LED Bulb by Jaipur Enterprise 2723 in Jaipur.,6299.78,1 piece,0
PROD01098,MSE02703,Haryana,Faridabad,Agriculture,Seeds,Organic Fertilizer,Organic Fertilizer by Faridabad Enterprise 2703 in Faridabad.,137.93,200 gram,0
PROD01099,MSE00922,Assam,Silchar,Home & Kitchen,Home Decor,Decorative Shelf,Decorative Shelf by Silchar Enterprise 922 in Silchar.,272.96,500 gram,0
PROD01100,MSE03876,Uttar Pradesh,Lucknow,Agriculture,Seeds,Vegetable Seeds,Vegetable Seeds by Lucknow Enterprise 3876 in Lucknow.,900.0,2 piece,0
PROD01101,MSE00380,Bihar,Muzaffarpur,Food & Beverage,Packaged Foods,Ready-to-Eat Snacks,Ready-to-Eat Snacks by Muzaffarpur Enterprise 380 in Muzaffarpur.,272.58,1 piece,1
PROD01102,MSE00091,Gujarat,Ahmedabad,Agriculture,Seeds,Organic Fertilizer,Organic Fertilizer by Ahmedabad Enterprise 91 in Ahmedabad.,437.76,2 piece,0
PROD01103,MSE01852,Tamil Nadu,Chennai,Home & Kitchen,Home Decor,Decorative Shelf,Decorative Shelf by Chennai Enterprise 1852 in Chennai.,2014.82,200 gram,0
PROD01104,MSE02731,Uttar Pradesh,Varanasi,Food & Beverage,Packaged Foods,Ready-to-Eat Snacks,Ready-to-Eat Snacks by Varanasi Enterprise 2731 in Varanasi.,139.88,2 piece,1
PROD01105,MSE02345,Kerala,Thiruvananthapuram,Food & Beverage,Packaged Foods,Papad,Papad by Thiruvananthapuram Enterprise 2345 in Thiruvananthapuram.,320.82,250 ml,1
PROD01106,MSE04783,Andhra Pradesh,Tirupati,Food & Beverage,Packaged Foods,Mango Pickle,Mango Pickle by Tirupati Enterprise 4783 in Tirupati.,154.08,1 kg,1
PROD01107,MSE04814,Punjab,Amritsar,Handicrafts & Handloom,Crafts,Wooden Craft,Wooden Craft by Amritsar Enterprise 4814 in Amritsar.,2882.57,250 ml,1
PROD01108,MSE04854,Karnataka,Belagavi,Food & Beverage,Packaged Foods,Masala Mix,Masala Mix by Belagavi Enterprise 4854 in Belagavi.,413.84,200 gram,1
PROD01109,MSE02354,Maharashtra,Mumbai,Food & Beverage,Packaged Foods,Papad,Papad by Mumbai Enterprise 2354 in Mumbai.,182.78,1 piece,1
PROD01110,MSE00287,Madhya Pradesh,Jabalpur,Food & Beverage,Packaged Foods,Papad,Papad by Jabalpur Enterprise 287 in Jabalpur.,307.07,200 gram,1
PROD01111,MSE02628,Madhya Pradesh,Indore,Home & Kitchen,Home Decor,Storage Rack,Storage Rack by Indore Enterprise 2628 in Indore.,2083.65,500 gram,0
PROD01112,MSE00916,Manipur,Churachandpur,Fashion,Women's Apparel,Kurta Fabric,Kurta Fabric by Churachandpur Enterprise 916 in Churachandpur.,2896.81,200 gram,1
PROD01113,MSE03532,Manipur,Imphal West,Agriculture,Seeds,Vegetable Seeds,Vegetable Seeds by Imphal West Enterprise 3532 in Imphal West.,620.75,200 gram,0
PROD01114,MSE03657,Gujarat,Ahmedabad,Food & Beverage,Packaged Foods,Mango Pickle,Mango Pickle by Ahmedabad Enterprise 3657 in Ahmedabad.,190.61,500 gram,1
PROD01115,MSE03454,Maharashtra,Pune,Electronics,Mobile & Accessories,Mobile Charger,Mobile Charger by Pune Enterprise 3454 in Pune.,4425.62,2 piece,0
PROD01116,MSE00371,Assam,Dibrugarh,Handicrafts & Handloom,Crafts,Brass Lamp,Brass Lamp by Dibrugarh Enterprise 371 in Dibrugarh.,1096.16,500 gram,1
PROD01117,MSE00573,Andhra Pradesh,Tirupati,Services,Digital Services,Digital Marketing,Digital Marketing by Tirupati Enterprise 573 in Tirupati.,640.09,200 gram,0
PROD01118,MSE00032,Andhra Pradesh,Visakhapatnam,Services,Digital Services,Digital Marketing,Digital Marketing by Visakhapatnam Enterprise 32 in Visakhapatnam.,2382.4,1 piece,0
PROD01119,MSE00989,Gujarat,Surat,Food & Beverage,Packaged Foods,Ready-to-Eat Snacks,Ready-to-Eat Snacks by Surat Enterprise 989 in Surat.,221.76,200 gram,1
PROD01120,MSE00485,Uttar Pradesh,Lucknow,Home & Kitchen,Home Decor,Storage Rack,Storage Rack by Lucknow Enterprise 485 in Lucknow.,443.81,500 gram,0
PROD01121,MSE03562,Kerala,Kozhikode,Fashion,Women's Apparel,Kurta Fabric,Kurta Fabric by Kozhikode Enterprise 3562 in Kozhikode.,1675.5,500 gram,1
PROD01122,MSE02861,Jammu & Kashmir,Srinagar,Agriculture,Seeds,Vegetable Seeds,Vegetable Seeds by Srinagar Enterprise 2861 in Srinagar.,142.41,500 gram,0
PROD01123,MSE04715,Tamil Nadu,Coimbatore,Fashion,Women's Apparel,Silk Stole,Silk Stole by Coimbatore Enterprise 4715 in Coimbatore.,1468.17,200 gram,1
PROD01124,MSE02022,Tamil Nadu,Chennai,Services,Digital Services,IT Support,IT Support by Chennai Enterprise 2022 in Chennai.,3025.18,1 piece,0
PROD01125,MSE01469,Rajasthan,Jodhpur,Services,Digital Services,IT Support,IT Support by Jodhpur Enterprise 1469 in Jodhpur.,964.38,2 piece,0
PROD01126,MSE03496,Madhya Pradesh,Bhopal,Agriculture,Seeds,Herbal Saplings,Herbal Saplings by Bhopal Enterprise 3496 in Bhopal.,772.19,250 ml,0
PROD01127,MSE04095,Maharashtra,Mumbai,Electronics,Mobile & Accessories,Earphones,Earphones by Mumbai Enterprise 4095 in Mumbai.,2679.92,200 gram,0
PROD01128,MSE00669,Uttar Pradesh,Kanpur Nagar,Home & Kitchen,Home Decor,Storage Rack,Storage Rack by Kanpur Nagar Enterprise 669 in Kanpur Nagar.,1096.89,500 gram,0
PROD01129,MSE03468,Maharashtra,Mumbai,Home & Kitchen,Home Decor,Storage Rack,Storage Rack by Mumbai Enterprise 3468 in Mumbai.,1288.99,2 piece,0
PROD01130,MSE04899,Rajasthan,Jaipur,Agriculture,Seeds,Herbal Saplings,Herbal Saplings by Jaipur Enterprise 4899 in Jaipur.,632.1,1 piece,0
PROD01131,MSE04513,Tamil Nadu,Chennai,Food & Beverage,Packaged Foods,Ready-to-Eat Snacks,Ready-to-Eat Snacks by Chennai Enterprise 4513 in Chennai.,314.48,250 ml,1
PROD01132,MSE02922,Karnataka,Belagavi,Home & Kitchen,Home Decor,Kitchen Organizer,Kitchen Organizer by Belagavi Enterprise 2922 in Belagavi.,3096.28,500 gram,0
PROD01133,MSE00688,Tamil Nadu,Chennai,Electronics,Mobile & Accessories,Earphones,Earphones by Chennai Enterprise 688 in Chennai.,4455.21,200 gram,0
PROD01134,MSE02851,Uttar Pradesh,Kanpur Nagar,Handicrafts & Handloom,Crafts,Wooden Craft,Wooden Craft by Kanpur Nagar Enterprise 2851 in Kanpur Nagar.,4220.28,500 gram,1
PROD01135,MSE00816,Uttar Pradesh,Lucknow,Handicrafts & Handloom,Crafts,Brass Lamp,Brass Lamp by Lucknow Enterprise 816 in Lucknow.,2841.76,1 piece,1
PROD01136,MSE04277,Chhattisgarh,Durg,Fashion,Women's Apparel,Cotton Saree,Cotton Saree by Durg Enterprise 4277 in Durg.,1476.09,1 piece,1
PROD01137,MSE01945,Karnataka,Mysuru,Food & Beverage,Packaged Foods,Mango Pickle,Mango Pickle by Mysuru Enterprise 1945 in Mysuru.,407.31,500 gram,1
PROD01138,MSE00635,Madhya Pradesh,Bhopal,Home & Kitchen,Home Decor,Decorative Shelf,Decorative Shelf by Bhopal Enterprise 635 in Bhopal.,2492.34,500 gram,0
PROD01139,MSE01372,West Bengal,Howrah,Food & Beverage,Packaged Foods,Masala Mix,Masala Mix by Howrah Enterprise 1372 in Howrah.,324.69,200 gram,1
PROD01140,MSE03358,Chhattisgarh,Durg,Handicrafts & Handloom,Crafts,Wooden Craft,Wooden Craft by Durg Enterprise 3358 in Durg.,514.83,2 piece,1
PROD01141,MSE00496,Gujarat,Rajkot,Food & Beverage,Packaged Foods,Masala Mix,Masala Mix by Rajkot Enterprise 496 in Rajkot.,388.95,250 ml,1
PROD01142,MSE01362,Rajasthan,Jaipur,Home & Kitchen,Home Decor,Storage Rack,Storage Rack by Jaipur Enterprise 1362 in Jaipur.,1438.05,200 gram,0
PROD01143,MSE02910,Assam,Silchar,Fashion,Women's Apparel,Silk Stole,Silk Stole by Silchar Enterprise 2910 in Silchar.,1843.47,2 piece,1
PROD01144,MSE04360,Karnataka,Bengaluru Urban,Food & Beverage,Packaged Foods,Mango Pickle,Mango Pickle by Bengaluru Urban Enterprise 4360 in Bengaluru Urban.,383.05,2 piece,1
PROD01145,MSE03388,Tamil Nadu,Coimbatore,Food & Beverage,Packaged Foods,Mango Pickle,Mango Pickle by Coimbatore Enterprise 3388 in Coimbatore.,386.18,2 piece,1
PROD01146,MSE04156,Uttar Pradesh,Lucknow,Fashion,Women's Apparel,Silk Stole,Silk Stole by Lucknow Enterprise 4156 in Lucknow.,2363.65,1 kg,1
PROD01147,MSE04604,Uttar Pradesh,Kanpur Nagar,Agriculture,Seeds,Herbal Saplings,Herbal Saplings by Kanpur Nagar Enterprise 4604 in Kanpur Nagar.,491.26,500 gram,0
PROD01148,MSE04828,Maharashtra,Nagpur,Home & Kitchen,Home Decor,Storage Rack,Storage Rack by Nagpur Enterprise 4828 in Nagpur.,1739.75,500 gram,0
PROD01149,MSE02344,Telangana,Warangal,Food & Beverage,Packaged Foods,Papad,Papad by Warangal Enterprise 2344 in Warangal.,274.73,500 gram,1
PROD01150,MSE03827,Odisha,Khordha,Food & Beverage,Packaged Foods,Masala Mix,Masala Mix by Khordha Enterprise 3827 in Khordha.,383.54,1 piece,1
PROD01151,MSE01794,Rajasthan,Jaipur,Fashion,Women's Apparel,Kurta Fabric,Kurta Fabric by Jaipur Enterprise 1794 in Jaipur.,1329.07,200 gram,1
PROD01152,MSE03600,Goa,Mormugao,Home & Kitchen,Home Decor,Wooden Chair,Wooden Chair by Mormugao Enterprise 3600 in Mormugao.,3120.37,500 gram,0
PROD01153,MSE00858,Uttar Pradesh,Lucknow,Electronics,Mobile & Accessories,Earphones,Earphones by Lucknow Enterprise 858 in Lucknow.,7438.78,1 kg,0
PROD01154,MSE04267,Kerala,Kozhikode,Food & Beverage,Packaged Foods,Masala Mix,Masala Mix by Kozhikode Enterprise 4267 in Kozhikode.,215.82,1 piece,1
PROD01155,MSE02495,Uttar Pradesh,Kanpur Nagar,Fashion,Women's Apparel,Silk Stole,Silk Stole by Kanpur Nagar Enterprise 2495 in Kanpur Nagar.,2106.06,1 piece,1
PROD01156,MSE03213,Bihar,Gaya,Beauty & Personal Care,Skincare,Essential Oil,Essential Oil by Gaya Enterprise 3213 in Gaya.,1090.06,1 kg,0
PROD01157,MSE03613,Uttar Pradesh,Varanasi,Home & Kitchen,Home Decor,Wooden Chair,Wooden Chair by Varanasi Enterprise 3613 in Varanasi.,1506.26,2 piece,0
PROD01158,MSE00959,Madhya Pradesh,Jabalpur,Beauty & Personal Care,Skincare,Essential Oil,Essential Oil by Jabalpur Enterprise 959 in Jabalpur.,984.47,1 kg,0
PROD01159,MSE04829,Telangana,Nizamabad,Home & Kitchen,Home Decor,Storage Rack,Storage Rack by Nizamabad Enterprise 4829 in Nizamabad.,2244.12,250 ml,0
PROD01160,MSE02459,Uttar Pradesh,Varanasi,Handicrafts & Handloom,Crafts,Wooden Craft,Wooden Craft by Varanasi Enterprise 2459 in Varanasi.,1152.7,1 kg,1
PROD01161,MSE00019,Odisha,Khordha,Food & Beverage,Packaged Foods,Papad,Papad by Khordha Enterprise 19 in Khordha.,161.07,250 ml,1
PROD01162,MSE00936,Madhya Pradesh,Indore,Handicrafts & Handloom,Crafts,Papier-mache Decor,Papier-mache Decor by Indore Enterprise 936 in Indore.,3776.93,500 gram,1
PROD01163,MSE04921,Assam,Kamrup Metro,Food & Beverage,Packaged Foods,Masala Mix,Masala Mix by Kamrup Metro Enterprise 4921 in Kamrup Metro.,419.93,2 piece,1
PROD01164,MSE01981,Arunachal Pradesh,Itanagar,Home & Kitchen,Home Decor,Kitchen Organizer,Kitchen Organizer by Itanagar Enterprise 1981 in Itanagar.,3072.22,200 gram,0
PROD01165,MSE01691,Jharkhand,Ranchi,Beauty & Personal Care,Skincare,Herbal Face Pack,Herbal Face Pack by Ranchi Enterprise 1691 in Ranchi.,1617.79,250 ml,0
PROD01166,MSE04595,Tripura,Dhalai,Handicrafts & Handloom,Crafts,Wooden Craft,Wooden Craft by Dhalai Enterprise 4595 in Dhalai.,3829.4,2 piece,1
PROD01167,MSE03928,Andhra Pradesh,Vijayawada,Fashion,Women's Apparel,Kurta Fabric,Kurta Fabric by Vijayawada Enterprise 3928 in Vijayawada.,1132.93,500 gram,1
PROD01168,MSE00354,Tamil Nadu,Chennai,Food & Beverage,Packaged Foods,Ready-to-Eat Snacks,Ready-to-Eat Snacks by Chennai Enterprise 354 in Chennai.,345.14,500 gram,1
PROD01169,MSE02446,Uttar Pradesh,Lucknow,Fashion,Women's Apparel,Cotton Saree,Cotton Saree by Lucknow Enterprise 2446 in Lucknow.,2697.96,500 gram,1
PROD01170,MSE00720,Karnataka,Mysuru,Fashion,Women's Apparel,Cotton Saree,Cotton Saree by Mysuru Enterprise 720 in Mysuru.,2281.71,500 gram,1
PROD01171,MSE01982,Uttarakhand,Nainital,Home & Kitchen,Home Decor,Wooden Chair,Wooden Chair by Nainital Enterprise 1982 in Nainital.,2852.31,250 ml,0
PROD01172,MSE02043,Gujarat,Ahmedabad,Services,Digital Services,Catalog Design,Catalog Design by Ahmedabad Enterprise 2043 in Ahmedabad.,3975.3,1 kg,0
PROD01173,MSE00643,Jharkhand,Dhanbad,Agriculture,Seeds,Compost,Compost by Dhanbad Enterprise 643 in Dhanbad.,952.34,1 kg,0
PROD01174,MSE03520,Bihar,Muzaffarpur,Home & Kitchen,Home Decor,Decorative Shelf,Decorative Shelf by Muzaffarpur Enterprise 3520 in Muzaffarpur.,1840.23,200 gram,0
PROD01175,MSE03751,Telangana,Hyderabad,Electronics,Mobile & Accessories,Power Adapter,Power Adapter by Hyderabad Enterprise 3751 in Hyderabad.,5660.2,1 kg,0
PROD01176,MSE00986,Tamil Nadu,Coimbatore,Handicrafts & Handloom,Crafts,Terracotta Pot,Terracotta Pot by Coimbatore Enterprise 986 in Coimbatore.,2648.08,200 gram,1
PROD01177,MSE02804,Madhya Pradesh,Jabalpur,Handicrafts & Handloom,Crafts,Wooden Craft,Wooden Craft by Jabalpur Enterprise 2804 in Jabalpur.,2930.88,500 gram,1
PROD01178,MSE03792,Arunachal Pradesh,Tawang,Food & Beverage,Packaged Foods,Mango Pickle,Mango Pickle by Tawang Enterprise 3792 in Tawang.,147.12,250 ml,1
PROD01179,MSE02644,Maharashtra,Pune,Fashion,Women's Apparel,Cotton Saree,Cotton Saree by Pune Enterprise 2644 in Pune.,2871.05,1 piece,1
PROD01180,MSE03013,Maharashtra,Pune,Food & Beverage,Packaged Foods,Papad,Papad by Pune Enterprise 3013 in Pune.,353.15,1 piece,1
PROD01181,MSE01367,Maharashtra,Nagpur,Food & Beverage,Packaged Foods,Ready-to-Eat Snacks,Ready-to-Eat Snacks by Nagpur Enterprise 1367 in Nagpur.,371.43,2 piece,1
PROD01182,MSE01105,Uttar Pradesh,Lucknow,Handicrafts & Handloom,Crafts,Wooden Craft,Wooden Craft by Lucknow Enterprise 1105 in Lucknow.,3096.58,200 gram,1
PROD01183,MSE04310,Goa,Mormugao,Food & Beverage,Packaged Foods,Ready-to-Eat Snacks,Ready-to-Eat Snacks by Mormugao Enterprise 4310 in Mormugao.,205.29,200 gram,1
PROD01184,MSE00778,Karnataka,Bengaluru Urban,Home & Kitchen,Home Decor,Decorative Shelf,Decorative Shelf by Bengaluru Urban Enterprise 778 in Bengaluru Urban.,1079.98,200 gram,0
PROD01185,MSE02060,Assam,Silchar,Handicrafts & Handloom,Crafts,Brass Lamp,Brass Lamp by Silchar Enterprise 2060 in Silchar.,2445.16,500 gram,1
PROD01186,MSE00509,Gujarat,Surat,Home & Kitchen,Home Decor,Storage Rack,Storage Rack by Surat Enterprise 509 in Surat.,3453.81,200 gram,0
PROD01187,MSE00690,Rajasthan,Jodhpur,Agriculture,Seeds,Herbal Saplings,Herbal Saplings by Jodhpur Enterprise 690 in Jodhpur.,440.85,1 kg,0
PROD01188,MSE01587,Uttar Pradesh,Kanpur Nagar,Food & Beverage,Packaged Foods,Mango Pickle,Mango Pickle by Kanpur Nagar Enterprise 1587 in Kanpur Nagar.,376.34,500 gram,1
PROD01189,MSE03870,Punjab,Jalandhar,Fashion,Women's Apparel,Silk Stole,Silk Stole by Jalandhar Enterprise 3870 in Jalandhar.,2069.61,2 piece,1
PROD01190,MSE03024,Madhya Pradesh,Indore,Agriculture,Seeds,Herbal Saplings,Herbal Saplings by Indore Enterprise 3024 in Indore.,408.68,250 ml,0
PROD01191,MSE00748,Haryana,Faridabad,Services,Digital Services,Catalog Design,Catalog Design by Faridabad Enterprise 748 in Faridabad.,3781.06,1 piece,0
PROD01192,MSE00803,Telangana,Warangal,Food & Beverage,Packaged Foods,Masala Mix,Masala Mix by Warangal Enterprise 803 in Warangal.,350.26,250 ml,1
PROD01193,MSE02132,Rajasthan,Jodhpur,Services,Digital Services,Digital Marketing,Digital Marketing by Jodhpur Enterprise 2132 in Jodhpur.,5636.33,200 gram,0
PROD01194,MSE03000,Rajasthan,Jaipur,Fashion,Women's Apparel,Cotton Saree,Cotton Saree by Jaipur Enterprise 3000 in Jaipur.,1097.02,250 ml,1
PROD01195,MSE02382,Delhi,New Delhi,Services,Digital Services,Digital Marketing,Digital Marketing by New Delhi Enterprise 2382 in New Delhi.,4198.66,200 gram,0
PROD01196,MSE00080,Telangana,Nizamabad,Electronics,Mobile & Accessories,Power Adapter,Power Adapter by Nizamabad Enterprise 80 in Nizamabad.,7876.35,250 ml,0
PROD01197,MSE03953,Chhattisgarh,Raipur,Services,Digital Services,Digital Marketing,Digital Marketing by Raipur Enterprise 3953 in Raipur.,1627.19,1 kg,0
PROD01198,MSE01457,Jammu & Kashmir,Anantnag,Services,Digital Services,Web Development,Web Development by Anantnag Enterprise 1457 in Anantnag.,2918.5,250 ml,0
PROD01199,MSE01345,Himachal Pradesh,Kangra,Home & Kitchen,Home Decor,Wooden Chair,Wooden Chair by Kangra Enterprise 1345 in Kangra.,3302.87,250 ml,0
PROD01200,MSE01685,Telangana,Hyderabad,Home & Kitchen,Home Decor,Decorative Shelf,Decorative Shelf by Hyderabad Enterprise 1685 in Hyderabad.,867.35,200 gram,0
PROD01201,MSE02700,Andhra Pradesh,Vijayawada,Fashion,Women's Apparel,Handloom Dupatta,Handloom Dupatta by Vijayawada Enterprise 2700 in Vijayawada.,647.55,2 piece,1
PROD01202,MSE02437,West Bengal,Siliguri,Services,Digital Services,Web Development,Web Development by Siliguri Enterprise 2437 in Siliguri.,3184.29,500 gram,0
PROD01203,MSE03143,Kerala,Thiruvananthapuram,Agriculture,Seeds,Organic Fertilizer,Organic Fertilizer by Thiruvananthapuram Enterprise 3143 in Thiruvananthapuram.,360.81,250 ml,0
PROD01204,MSE02557,Kerala,Ernakulam,Food & Beverage,Packaged Foods,Papad,Papad by Ernakulam Enterprise 2557 in Ernakulam.,357.69,200 gram,1
PROD01205,MSE01701,Uttar Pradesh,Kanpur Nagar,Home & Kitchen,Home Decor,Kitchen Organizer,Kitchen Organizer by Kanpur Nagar Enterprise 1701 in Kanpur Nagar.,1289.4,2 piece,0
PROD01206,MSE01610,Assam,Kamrup Metro,Home & Kitchen,Home Decor,Wooden Chair,Wooden Chair by Kamrup Metro Enterprise 1610 in Kamrup Metro.,941.72,500 gram,0
PROD01207,MSE03462,Kerala,Thiruvananthapuram,Food & Beverage,Packaged Foods,Mango Pickle,Mango Pickle by Thiruvananthapuram Enterprise 3462 in Thiruvananthapuram.,123.58,1 kg,1
PROD01208,MSE00549,Maharashtra,Nagpur,Home & Kitchen,Home Decor,Decorative Shelf,Decorative Shelf by Nagpur Enterprise 549 in Nagpur.,1059.42,200 gram,0
PROD01209,MSE04179,Jharkhand,Dhanbad,Food & Beverage,Packaged Foods,Mango Pickle,Mango Pickle by Dhanbad Enterprise 4179 in Dhanbad.,299.33,250 ml,1
PROD01210,MSE03938,West Bengal,Kolkata,Food & Beverage,Packaged Foods,Mango Pickle,Mango Pickle by Kolkata Enterprise 3938 in Kolkata.,337.21,250 ml,1
PROD01211,MSE00096,Nagaland,Dimapur,Fashion,Women's Apparel,Silk Stole,Silk Stole by Dimapur Enterprise 96 in Dimapur.,1445.63,1 piece,1
PROD01212,MSE02080,Madhya Pradesh,Bhopal,Services,Digital Services,Digital Marketing,Digital Marketing by Bhopal Enterprise 2080 in Bhopal.,3851.98,2 piece,0
PROD01213,MSE00464,Uttar Pradesh,Lucknow,Food & Beverage,Packaged Foods,Masala Mix,Masala Mix by Lucknow Enterprise 464 in Lucknow.,371.69,200 gram,1
PROD01214,MSE01014,Gujarat,Surat,Agriculture,Seeds,Compost,Compost by Surat Enterprise 1014 in Surat.,1110.59,500 gram,0
PROD01215,MSE04438,Rajasthan,Jaipur,Beauty & Personal Care,Skincare,Essential Oil,Essential Oil by Jaipur Enterprise 4438 in Jaipur.,962.33,2 piece,0
PROD01216,MSE04432,Uttar Pradesh,Kanpur Nagar,Services,Digital Services,Digital Marketing,Digital Marketing by Kanpur Nagar Enterprise 4432 in Kanpur Nagar.,3512.72,250 ml,0
PROD01217,MSE04988,Chhattisgarh,Bilaspur,Home & Kitchen,Home Decor,Storage Rack,Storage Rack by Bilaspur Enterprise 4988 in Bilaspur.,1809.81,1 kg,0
PROD01218,MSE02507,Uttar Pradesh,Varanasi,Fashion,Women's Apparel,Kurta Fabric,Kurta Fabric by Varanasi Enterprise 2507 in Varanasi.,2417.01,2 piece,1
PROD01219,MSE04545,Rajasthan,Udaipur,Home & Kitchen,Home Decor,Wooden Chair,Wooden Chair by Udaipur Enterprise 4545 in Udaipur.,1133.47,200 gram,0
PROD01220,MSE02503,Haryana,Panipat,Food & Beverage,Packaged Foods,Ready-to-Eat Snacks,Ready-to-Eat Snacks by Panipat Enterprise 2503 in Panipat.,370.15,200 gram,1
PROD01221,MSE03661,Bihar,Muzaffarpur,Fashion,Women's Apparel,Silk Stole,Silk Stole by Muzaffarpur Enterprise 3661 in Muzaffarpur.,2733.75,250 ml,1
PROD01222,MSE02985,West Bengal,Siliguri,Food & Beverage,Packaged Foods,Mango Pickle,Mango Pickle by Siliguri Enterprise 2985 in Siliguri.,146.21,200 gram,1
PROD01223,MSE04480,Delhi,North West Delhi,Food & Beverage,Packaged Foods,Masala Mix,Masala Mix by North West Delhi Enterprise 4480 in North West Delhi.,134.35,200 gram,1
PROD01224,MSE01583,Madhya Pradesh,Bhopal,Handicrafts & Handloom,Crafts,Papier-mache Decor,Papier-mache Decor by Bhopal Enterprise 1583 in Bhopal.,1480.57,2 piece,1
PROD01225,MSE02582,Arunachal Pradesh,Pasighat,Beauty & Personal Care,Skincare,Ayurvedic Balm,Ayurvedic Balm by Pasighat Enterprise 2582 in Pasighat.,1424.07,1 piece,0
PROD01226,MSE01979,Maharashtra,Mumbai,Services,Digital Services,IT Support,IT Support by Mumbai Enterprise 1979 in Mumbai.,2555.0,1 kg,0
PROD01227,MSE01667,Madhya Pradesh,Bhopal,Services,Digital Services,Catalog Design,Catalog Design by Bhopal Enterprise 1667 in Bhopal.,3763.77,1 kg,0
PROD01228,MSE02362,Andhra Pradesh,Visakhapatnam,Services,Digital Services,Digital Marketing,Digital Marketing by Visakhapatnam Enterprise 2362 in Visakhapatnam.,823.59,1 kg,0
PROD01229,MSE02970,Uttar Pradesh,Kanpur Nagar,Food & Beverage,Packaged Foods,Mango Pickle,Mango Pickle by Kanpur Nagar Enterprise 2970 in Kanpur Nagar.,249.63,1 piece,1
PROD01230,MSE04766,Madhya Pradesh,Bhopal,Handicrafts & Handloom,Crafts,Papier-mache Decor,Papier-mache Decor by Bhopal Enterprise 4766 in Bhopal.,806.08,1 kg,1
PROD01231,MSE03832,Assam,Dibrugarh,Food & Beverage,Packaged Foods,Masala Mix,Masala Mix by Dibrugarh Enterprise 3832 in Dibrugarh.,235.77,1 piece,1
PROD01232,MSE02137,Uttar Pradesh,Varanasi,Agriculture,Seeds,Organic Fertilizer,Organic Fertilizer by Varanasi Enterprise 2137 in Varanasi.,820.6,200 gram,0
PROD01233,MSE01358,Rajasthan,Jodhpur,Food & Beverage,Packaged Foods,Papad,Papad by Jodhpur Enterprise 1358 in Jodhpur.,354.47,1 kg,1
PROD01234,MSE03135,Uttar Pradesh,Kanpur Nagar,Food & Beverage,Packaged Foods,Papad,Papad by Kanpur Nagar Enterprise 3135 in Kanpur Nagar.,388.96,200 gram,1
PROD01235,MSE04527,Maharashtra,Pune,Services,Digital Services,Web Development,Web Development by Pune Enterprise 4527 in Pune.,3104.77,1 piece,0
PROD01236,MSE01637,Madhya Pradesh,Jabalpur,Services,Digital Services,Catalog Design,Catalog Design by Jabalpur Enterprise 1637 in Jabalpur.,506.99,500 gram,0
PROD01237,MSE01232,Assam,Silchar,Food & Beverage,Packaged Foods,Masala Mix,Masala Mix by Silchar Enterprise 1232 in Silchar.,139.36,500 gram,1
PROD01238,MSE04211,Uttar Pradesh,Varanasi,Handicrafts & Handloom,Crafts,Brass Lamp,Brass Lamp by Varanasi Enterprise 4211 in Varanasi.,1429.7,250 ml,1
PROD01239,MSE04487,Punjab,Ludhiana,Electronics,Mobile & Accessories,Power Adapter,Power Adapter by Ludhiana Enterprise 4487 in Ludhiana.,303.8,1 piece,0
PROD01240,MSE04323,Himachal Pradesh,Mandi,Home & Kitchen,Home Decor,Decorative Shelf,Decorative Shelf by Mandi Enterprise 4323 in Mandi.,3090.49,1 piece,0
PROD01241,MSE02501,Delhi,South East Delhi,Home & Kitchen,Home Decor,Kitchen Organizer,Kitchen Organizer by South East Delhi Enterprise 2501 in South East Delhi.,1788.37,200 gram,0
PROD01242,MSE04813,Delhi,New Delhi,Food & Beverage,Packaged Foods,Ready-to-Eat Snacks,Ready-to-Eat Snacks by New Delhi Enterprise 4813 in New Delhi.,393.72,1 kg,1
PROD01243,MSE00263,Maharashtra,Mumbai,Agriculture,Seeds,Herbal Saplings,Herbal Saplings by Mumbai Enterprise 263 in Mumbai.,822.62,1 kg,0
PROD01244,MSE04775,Uttarakhand,Haridwar,Home & Kitchen,Home Decor,Decorative Shelf,Decorative Shelf by Haridwar Enterprise 4775 in Haridwar.,1792.12,1 kg,0
PROD01245,MSE03817,Uttar Pradesh,Lucknow,Agriculture,Seeds,Compost,Compost by Lucknow Enterprise 3817 in Lucknow.,149.26,250 ml,0
PROD01246,MSE03898,Telangana,Hyderabad,Handicrafts & Handloom,Crafts,Wooden Craft,Wooden Craft by Hyderabad Enterprise 3898 in Hyderabad.,1818.57,2 piece,1
PROD01247,MSE00204,Maharashtra,Pune,Beauty & Personal Care,Skincare,Herbal Face Pack,Herbal Face Pack by Pune Enterprise 204 in Pune.,1415.8,250 ml,0
PROD01248,MSE02496,Tamil Nadu,Chennai,Food & Beverage,Packaged Foods,Ready-to-Eat Snacks,Ready-to-Eat Snacks by Chennai Enterprise 2496 in Chennai.,389.62,250 ml,1
PROD01249,MSE00651,Madhya Pradesh,Jabalpur,Services,Digital Services,Catalog Design,Catalog Design by Jabalpur Enterprise 651 in Jabalpur.,2826.25,250 ml,0
PROD01250,MSE03608,Bihar,Muzaffarpur,Food & Beverage,Packaged Foods,Ready-to-Eat Snacks,Ready-to-Eat Snacks by Muzaffarpur Enterprise 3608 in Muzaffarpur.,138.57,500 gram,1
PROD01251,MSE00171,Madhya Pradesh,Bhopal,Agriculture,Seeds,Compost,Compost by Bhopal Enterprise 171 in Bhopal.,918.66,250 ml,0
PROD01252,MSE04134,Kerala,Thiruvananthapuram,Fashion,Women's Apparel,Silk Stole,Silk Stole by Thiruvananthapuram Enterprise 4134 in Thiruvananthapuram.,828.76,500 gram,1
PROD01253,MSE02627,Punjab,Jalandhar,Services,Digital Services,Web Development,Web Development by Jalandhar Enterprise 2627 in Jalandhar.,1219.29,500 gram,0
PROD01254,MSE03639,Rajasthan,Udaipur,Handicrafts & Handloom,Crafts,Wooden Craft,Wooden Craft by Udaipur Enterprise 3639 in Udaipur.,1661.11,200 gram,1
PROD01255,MSE00627,Punjab,Ludhiana,Home & Kitchen,Home Decor,Wooden Chair,Wooden Chair by Ludhiana Enterprise 627 in Ludhiana.,295.8,250 ml,0
PROD01256,MSE02303,Assam,Kamrup Metro,Agriculture,Seeds,Vegetable Seeds,Vegetable Seeds by Kamrup Metro Enterprise 2303 in Kamrup Metro.,670.49,250 ml,0
PROD01257,MSE03101,Rajasthan,Jaipur,Services,Digital Services,IT Support,IT Support by Jaipur Enterprise 3101 in Jaipur.,2872.2,200 gram,0
PROD01258,MSE01131,Odisha,Cuttack,Handicrafts & Handloom,Crafts,Wooden Craft,Wooden Craft by Cuttack Enterprise 1131 in Cuttack.,3999.89,2 piece,1
PROD01259,MSE04950,Uttar Pradesh,Lucknow,Fashion,Women's Apparel,Handloom Dupatta,Handloom Dupatta by Lucknow Enterprise 4950 in Lucknow.,3090.04,1 piece,1
PROD01260,MSE02314,Uttar Pradesh,Lucknow,Fashion,Women's Apparel,Kurta Fabric,Kurta Fabric by Lucknow Enterprise 2314 in Lucknow.,1232.6,2 piece,1
PROD01261,MSE03970,Mizoram,Aizawl,Home & Kitchen,Home Decor,Storage Rack,Storage Rack by Aizawl Enterprise 3970 in Aizawl.,3196.55,1 piece,0
PROD01262,MSE03033,Telangana,Nizamabad,Beauty & Personal Care,Skincare,Essential Oil,Essential Oil by Nizamabad Enterprise 3033 in Nizamabad.,1617.09,250 ml,0
PROD01263,MSE01393,Jharkhand,Dhanbad,Services,Digital Services,Catalog Design,Catalog Design by Dhanbad Enterprise 1393 in Dhanbad.,5022.2,1 kg,0
PROD01264,MSE04849,Meghalaya,West Garo Hills,Food & Beverage,Packaged Foods,Ready-to-Eat Snacks,Ready-to-Eat Snacks by West Garo Hills Enterprise 4849 in West Garo Hills.,308.0,1 piece,1
PROD01265,MSE02946,Maharashtra,Pune,Services,Digital Services,Catalog Design,Catalog Design by Pune Enterprise 2946 in Pune.,2296.53,1 piece,0
PROD01266,MSE04124,Maharashtra,Pune,Handicrafts & Handloom,Crafts,Wooden Craft,Wooden Craft by Pune Enterprise 4124 in Pune.,2099.75,2 piece,1
PROD01267,MSE00981,Maharashtra,Nagpur,Fashion,Women's Apparel,Cotton Saree,Cotton Saree by Nagpur Enterprise 981 in Nagpur.,1653.49,500 gram,1
PROD01268,MSE01831,Ladakh,Kargil,Services,Digital Services,Web Development,Web Development by Kargil Enterprise 1831 in Kargil.,445.41,1 piece,0
PROD01269,MSE01162,Tamil Nadu,Madurai,Handicrafts & Handloom,Crafts,Wooden Craft,Wooden Craft by Madurai Enterprise 1162 in Madurai.,3409.13,500 gram,1
PROD01270,MSE02190,Dadra & Nagar Haveli,Diu,Handicrafts & Handloom,Crafts,Wooden Craft,Wooden Craft by Diu Enterprise 2190 in Diu.,3368.61,500 gram,1
PROD01271,MSE00953,Uttar Pradesh,Varanasi,Agriculture,Seeds,Vegetable Seeds,Vegetable Seeds by Varanasi Enterprise 953 in Varanasi.,989.89,2 piece,0
PROD01272,MSE03631,Gujarat,Ahmedabad,Fashion,Women's Apparel,Kurta Fabric,Kurta Fabric by Ahmedabad Enterprise 3631 in Ahmedabad.,1840.37,1 piece,1
PROD01273,MSE00141,Andhra Pradesh,Vijayawada,Home & Kitchen,Home Decor,Kitchen Organizer,Kitchen Organizer by Vijayawada Enterprise 141 in Vijayawada.,1984.18,250 ml,0
PROD01274,MSE00830,Telangana,Nizamabad,Services,Digital Services,Web Development,Web Development by Nizamabad Enterprise 830 in Nizamabad.,4860.07,200 gram,0
PROD01275,MSE02681,Rajasthan,Jodhpur,Beauty & Personal Care,Skincare,Herbal Face Pack,Herbal Face Pack by Jodhpur Enterprise 2681 in Jodhpur.,770.36,1 kg,0
PROD01276,MSE00170,Karnataka,Bengaluru Urban,Fashion,Women's Apparel,Cotton Saree,Cotton Saree by Bengaluru Urban Enterprise 170 in Bengaluru Urban.,1899.77,200 gram,1
PROD01277,MSE00529,Telangana,Hyderabad,Food & Beverage,Packaged Foods,Ready-to-Eat Snacks,Ready-to-Eat Snacks by Hyderabad Enterprise 529 in Hyderabad.,187.2,200 gram,1
PROD01278,MSE03512,Delhi,South East Delhi,Home & Kitchen,Home Decor,Wooden Chair,Wooden Chair by South East Delhi Enterprise 3512 in South East Delhi.,976.23,250 ml,0
PROD01279,MSE04718,Odisha,Khordha,Food & Beverage,Packaged Foods,Masala Mix,Masala Mix by Khordha Enterprise 4718 in Khordha.,268.3,500 gram,1
PROD01280,MSE03476,Rajasthan,Jodhpur,Food & Beverage,Packaged Foods,Ready-to-Eat Snacks,Ready-to-Eat Snacks by Jodhpur Enterprise 3476 in Jodhpur.,276.09,200 gram,1
PROD01281,MSE02223,Delhi,South East Delhi,Food & Beverage,Packaged Foods,Papad,Papad by South East Delhi Enterprise 2223 in South East Delhi.,371.48,2 piece,1
PROD01282,MSE04365,Tamil Nadu,Madurai,Services,Digital Services,Catalog Design,Catalog Design by Madurai Enterprise 4365 in Madurai.,3226.37,250 ml,0
PROD01283,MSE02690,Gujarat,Ahmedabad,Fashion,Women's Apparel,Cotton Saree,Cotton Saree by Ahmedabad Enterprise 2690 in Ahmedabad.,1773.7,1 piece,1
PROD01284,MSE00766,Uttar Pradesh,Varanasi,Food & Beverage,Packaged Foods,Mango Pickle,Mango Pickle by Varanasi Enterprise 766 in Varanasi.,371.46,250 ml,1
PROD01285,MSE00961,West Bengal,Siliguri,Food & Beverage,Packaged Foods,Ready-to-Eat Snacks,Ready-to-Eat Snacks by Siliguri Enterprise 961 in Siliguri.,119.2,500 gram,1
PROD01286,MSE04567,Kerala,Thiruvananthapuram,Fashion,Women's Apparel,Handloom Dupatta,Handloom Dupatta by Thiruvananthapuram Enterprise 4567 in Thiruvananthapuram.,2556.04,500 gram,1
PROD01287,MSE02651,Uttar Pradesh,Kanpur Nagar,Food & Beverage,Packaged Foods,Ready-to-Eat Snacks,Ready-to-Eat Snacks by Kanpur Nagar Enterprise 2651 in Kanpur Nagar.,108.03,500 gram,1
PROD01288,MSE01910,Rajasthan,Udaipur,Services,Digital Services,Catalog Design,Catalog Design by Udaipur Enterprise 1910 in Udaipur.,591.06,200 gram,0
PROD01289,MSE00594,Uttar Pradesh,Kanpur Nagar,Agriculture,Seeds,Organic Fertilizer,Organic Fertilizer by Kanpur Nagar Enterprise 594 in Kanpur Nagar.,1198.81,200 gram,0
PROD01290,MSE02679,Kerala,Thiruvananthapuram,Fashion,Women's Apparel,Cotton Saree,Cotton Saree by Thiruvananthapuram Enterprise 2679 in Thiruvananthapuram.,2244.6,1 kg,1
PROD01291,MSE04916,Gujarat,Ahmedabad,Fashion,Women's Apparel,Handloom Dupatta,Handloom Dupatta by Ahmedabad Enterprise 4916 in Ahmedabad.,2752.44,250 ml,1
PROD01292,MSE00649,Gujarat,Surat,Fashion,Women's Apparel,Silk Stole,Silk Stole by Surat Enterprise 649 in Surat.,2828.6,1 kg,1
PROD01293,MSE01390,Maharashtra,Nagpur,Food & Beverage,Packaged Foods,Mango Pickle,Mango Pickle by Nagpur Enterprise 1390 in Nagpur.,384.84,1 piece,1
PROD01294,MSE04625,Assam,Dibrugarh,Services,Digital Services,Catalog Design,Catalog Design by Dibrugarh Enterprise 4625 in Dibrugarh.,4096.52,2 piece,0
PROD01295,MSE00318,Maharashtra,Pune,Food & Beverage,Packaged Foods,Ready-to-Eat Snacks,Ready-to-Eat Snacks by Pune Enterprise 318 in Pune.,87.23,1 piece,1
PROD01296,MSE03149,Odisha,Sambalpur,Handicrafts & Handloom,Crafts,Papier-mache Decor,Papier-mache Decor by Sambalpur Enterprise 3149 in Sambalpur.,3493.2,500 gram,1
PROD01297,MSE04528,Tamil Nadu,Coimbatore,Services,Digital Services,Digital Marketing,Digital Marketing by Coimbatore Enterprise 4528 in Coimbatore.,5102.68,1 kg,0
PROD01298,MSE04328,Kerala,Thiruvananthapuram,Home & Kitchen,Home Decor,Decorative Shelf,Decorative Shelf by Thiruvananthapuram Enterprise 4328 in Thiruvananthapuram.,386.61,250 ml,0
PROD01299,MSE01189,West Bengal,Howrah,Electronics,Mobile & Accessories,Power Adapter,Power Adapter by Howrah Enterprise 1189 in Howrah.,1432.54,2 piece,0
PROD01300,MSE03992,Kerala,Ernakulam,Services,Digital Services,Web Development,Web Development by Ernakulam Enterprise 3992 in Ernakulam.,1463.72,500 gram,0
PROD01301,MSE00094,Uttar Pradesh,Kanpur Nagar,Beauty & Personal Care,Skincare,Essential Oil,Essential Oil by Kanpur Nagar Enterprise 94 in Kanpur Nagar.,1306.05,1 kg,0
PROD01302,MSE01641,Maharashtra,Pune,Electronics,Mobile & Accessories,Mobile Charger,Mobile Charger by Pune Enterprise 1641 in Pune.,6218.13,1 piece,0
PROD01303,MSE04499,Arunachal Pradesh,Tawang,Food & Beverage,Packaged Foods,Ready-to-Eat Snacks,Ready-to-Eat Snacks by Tawang Enterprise 4499 in Tawang.,366.53,1 piece,1
PROD01304,MSE01515,Uttar Pradesh,Kanpur Nagar,Agriculture,Seeds,Organic Fertilizer,Organic Fertilizer by Kanpur Nagar Enterprise 1515 in Kanpur Nagar.,1177.06,200 gram,0
PROD01305,MSE00794,Kerala,Ernakulam,Home & Kitchen,Home Decor,Wooden Chair,Wooden Chair by Ernakulam Enterprise 794 in Ernakulam.,3326.94,1 kg,0
PROD01306,MSE04744,Tamil Nadu,Chennai,Beauty & Personal Care,Skincare,Natural Soap,Natural Soap by Chennai Enterprise 4744 in Chennai.,912.98,2 piece,0
PROD01307,MSE04406,Telangana,Hyderabad,Home & Kitchen,Home Decor,Decorative Shelf,Decorative Shelf by Hyderabad Enterprise 4406 in Hyderabad.,1878.46,200 gram,0
PROD01308,MSE02749,Telangana,Warangal,Agriculture,Seeds,Vegetable Seeds,Vegetable Seeds by Warangal Enterprise 2749 in Warangal.,1130.92,1 kg,0
PROD01309,MSE04730,Uttar Pradesh,Lucknow,Agriculture,Seeds,Compost,Compost by Lucknow Enterprise 4730 in Lucknow.,663.43,1 piece,0
PROD01310,MSE03899,West Bengal,Kolkata,Home & Kitchen,Home Decor,Storage Rack,Storage Rack by Kolkata Enterprise 3899 in Kolkata.,1185.43,500 gram,0
PROD01311,MSE04536,Andhra Pradesh,Vijayawada,Food & Beverage,Packaged Foods,Ready-to-Eat Snacks,Ready-to-Eat Snacks by Vijayawada Enterprise 4536 in Vijayawada.,98.2,2 piece,1
PROD01312,MSE04251,Bihar,Patna,Food & Beverage,Packaged Foods,Masala Mix,Masala Mix by Patna Enterprise 4251 in Patna.,166.57,1 piece,1
PROD01313,MSE02796,Tripura,West Tripura,Home & Kitchen,Home Decor,Storage Rack,Storage Rack by West Tripura Enterprise 2796 in West Tripura.,1140.79,200 gram,0
PROD01314,MSE02702,Uttar Pradesh,Lucknow,Handicrafts & Handloom,Crafts,Papier-mache Decor,Papier-mache Decor by Lucknow Enterprise 2702 in Lucknow.,3462.97,250 ml,1
PROD01315,MSE00020,Delhi,North West Delhi,Home & Kitchen,Home Decor,Wooden Chair,Wooden Chair by North West Delhi Enterprise 20 in North West Delhi.,1205.18,1 kg,0
PROD01316,MSE04675,Jharkhand,Dhanbad,Fashion,Women's Apparel,Silk Stole,Silk Stole by Dhanbad Enterprise 4675 in Dhanbad.,1200.27,200 gram,1
PROD01317,MSE00947,Rajasthan,Jodhpur,Food & Beverage,Packaged Foods,Masala Mix,Masala Mix by Jodhpur Enterprise 947 in Jodhpur.,324.98,2 piece,1
PROD01318,MSE04092,Rajasthan,Jaipur,Home & Kitchen,Home Decor,Storage Rack,Storage Rack by Jaipur Enterprise 4092 in Jaipur.,317.62,200 gram,0
PROD01319,MSE02890,Tamil Nadu,Coimbatore,Electronics,Mobile & Accessories,LED Bulb,LED Bulb by Coimbatore Enterprise 2890 in Coimbatore.,4846.87,2 piece,0
PROD01320,MSE00456,Maharashtra,Nagpur,Food & Beverage,Packaged Foods,Ready-to-Eat Snacks,Ready-to-Eat Snacks by Nagpur Enterprise 456 in Nagpur.,370.52,500 gram,1
PROD01321,MSE00902,Bihar,Gaya,Beauty & Personal Care,Skincare,Essential Oil,Essential Oil by Gaya Enterprise 902 in Gaya.,876.37,250 ml,0
PROD01322,MSE00465,West Bengal,Kolkata,Handicrafts & Handloom,Crafts,Terracotta Pot,Terracotta Pot by Kolkata Enterprise 465 in Kolkata.,341.67,250 ml,1
PROD01323,MSE00167,Punjab,Ludhiana,Electronics,Mobile & Accessories,Mobile Charger,Mobile Charger by Ludhiana Enterprise 167 in Ludhiana.,7096.09,250 ml,0
PROD01324,MSE01580,Delhi,South East Delhi,Handicrafts & Handloom,Crafts,Brass Lamp,Brass Lamp by South East Delhi Enterprise 1580 in South East Delhi.,1340.26,500 gram,1
PROD01325,MSE01075,Uttar Pradesh,Kanpur Nagar,Food & Beverage,Packaged Foods,Mango Pickle,Mango Pickle by Kanpur Nagar Enterprise 1075 in Kanpur Nagar.,387.33,2 piece,1
PROD01326,MSE02295,Odisha,Cuttack,Food & Beverage,Packaged Foods,Mango Pickle,Mango Pickle by Cuttack Enterprise 2295 in Cuttack.,216.55,1 piece,1
PROD01327,MSE03914,Maharashtra,Mumbai,Food & Beverage,Packaged Foods,Mango Pickle,Mango Pickle by Mumbai Enterprise 3914 in Mumbai.,184.25,500 gram,1
PROD01328,MSE02457,Uttar Pradesh,Kanpur Nagar,Home & Kitchen,Home Decor,Storage Rack,Storage Rack by Kanpur Nagar Enterprise 2457 in Kanpur Nagar.,3480.74,2 piece,0
PROD01329,MSE03215,Tamil Nadu,Coimbatore,Handicrafts & Handloom,Crafts,Wooden Craft,Wooden Craft by Coimbatore Enterprise 3215 in Coimbatore.,2881.78,200 gram,1
PROD01330,MSE01238,Telangana,Nizamabad,Services,Digital Services,Digital Marketing,Digital Marketing by Nizamabad Enterprise 1238 in Nizamabad.,2097.98,250 ml,0
PROD01331,MSE01942,Uttar Pradesh,Kanpur Nagar,Home & Kitchen,Home Decor,Wooden Chair,Wooden Chair by Kanpur Nagar Enterprise 1942 in Kanpur Nagar.,925.12,500 gram,0
PROD01332,MSE03683,Tamil Nadu,Chennai,Beauty & Personal Care,Skincare,Natural Soap,Natural Soap by Chennai Enterprise 3683 in Chennai.,1624.66,1 kg,0
PROD01333,MSE01937,Gujarat,Surat,Home & Kitchen,Home Decor,Decorative Shelf,Decorative Shelf by Surat Enterprise 1937 in Surat.,3121.07,500 gram,0
PROD01334,MSE00596,Gujarat,Rajkot,Food & Beverage,Packaged Foods,Masala Mix,Masala Mix by Rajkot Enterprise 596 in Rajkot.,316.42,500 gram,1
PROD01335,MSE02969,Tripura,Dhalai,Beauty & Personal Care,Skincare,Herbal Face Pack,Herbal Face Pack by Dhalai Enterprise 2969 in Dhalai.,829.18,1 piece,0
PROD01336,MSE03956,Uttar Pradesh,Kanpur Nagar,Beauty & Personal Care,Skincare,Herbal Face Pack,Herbal Face Pack by Kanpur Nagar Enterprise 3956 in Kanpur Nagar.,1201.29,250 ml,0
PROD01337,MSE02438,Uttar Pradesh,Lucknow,Home & Kitchen,Home Decor,Decorative Shelf,Decorative Shelf by Lucknow Enterprise 2438 in Lucknow.,1519.27,1 piece,0
PROD01338,MSE03354,Uttar Pradesh,Kanpur Nagar,Food & Beverage,Packaged Foods,Masala Mix,Masala Mix by Kanpur Nagar Enterprise 3354 in Kanpur Nagar.,122.78,500 gram,1
PROD01339,MSE00385,Rajasthan,Udaipur,Handicrafts & Handloom,Crafts,Papier-mache Decor,Papier-mache Decor by Udaipur Enterprise 385 in Udaipur.,2192.42,1 kg,1
PROD01340,MSE01322,Karnataka,Mysuru,Food & Beverage,Packaged Foods,Masala Mix,Masala Mix by Mysuru Enterprise 1322 in Mysuru.,170.74,2 piece,1
PROD01341,MSE03207,Karnataka,Bengaluru Urban,Fashion,Women's Apparel,Handloom Dupatta,Handloom Dupatta by Bengaluru Urban Enterprise 3207 in Bengaluru Urban.,660.95,1 kg,1
PROD01342,MSE00721,Tamil Nadu,Madurai,Electronics,Mobile & Accessories,Mobile Charger,Mobile Charger by Madurai Enterprise 721 in Madurai.,515.01,1 kg,0
PROD01343,MSE04186,Lakshadweep,Minicoy,Food & Beverage,Packaged Foods,Papad,Papad by Minicoy Enterprise 4186 in Minicoy.,89.09,500 gram,1
PROD01344,MSE01233,Punjab,Ludhiana,Fashion,Women's Apparel,Silk Stole,Silk Stole by Ludhiana Enterprise 1233 in Ludhiana.,2567.34,250 ml,1
PROD01345,MSE04639,Chhattisgarh,Durg,Food & Beverage,Packaged Foods,Ready-to-Eat Snacks,Ready-to-Eat Snacks by Durg Enterprise 4639 in Durg.,263.4,500 gram,1
PROD01346,MSE00097,Delhi,New Delhi,Agriculture,Seeds,Organic Fertilizer,Organic Fertilizer by New Delhi Enterprise 97 in New Delhi.,1096.29,500 gram,0
PROD01347,MSE04302,Uttar Pradesh,Kanpur Nagar,Home & Kitchen,Home Decor,Kitchen Organizer,Kitchen Organizer by Kanpur Nagar Enterprise 4302 in Kanpur Nagar.,2068.07,250 ml,0
PROD01348,MSE02248,West Bengal,Howrah,Handicrafts & Handloom,Crafts,Brass Lamp,Brass Lamp by Howrah Enterprise 2248 in Howrah.,2645.62,200 gram,1
PROD01349,MSE02883,Maharashtra,Mumbai,Food & Beverage,Packaged Foods,Papad,Papad by Mumbai Enterprise 2883 in Mumbai.,328.43,250 ml,1
PROD01350,MSE02324,Uttar Pradesh,Lucknow,Services,Digital Services,IT Support,IT Support by Lucknow Enterprise 2324 in Lucknow.,4829.58,2 piece,0
PROD01351,MSE04377,Maharashtra,Pune,Food & Beverage,Packaged Foods,Masala Mix,Masala Mix by Pune Enterprise 4377 in Pune.,147.74,1 piece,1
PROD01352,MSE02075,Punjab,Ludhiana,Electronics,Mobile & Accessories,Mobile Charger,Mobile Charger by Ludhiana Enterprise 2075 in Ludhiana.,1410.8,200 gram,0
PROD01353,MSE00363,Uttar Pradesh,Lucknow,Food & Beverage,Packaged Foods,Masala Mix,Masala Mix by Lucknow Enterprise 363 in Lucknow.,200.41,250 ml,1
PROD01354,MSE02733,Maharashtra,Pune,Agriculture,Seeds,Organic Fertilizer,Organic Fertilizer by Pune Enterprise 2733 in Pune.,199.44,250 ml,0
PROD01355,MSE00360,Assam,Kamrup Metro,Services,Digital Services,Digital Marketing,Digital Marketing by Kamrup Metro Enterprise 360 in Kamrup Metro.,5242.94,200 gram,0
PROD01356,MSE04369,Rajasthan,Udaipur,Food & Beverage,Packaged Foods,Papad,Papad by Udaipur Enterprise 4369 in Udaipur.,315.52,1 piece,1
PROD01357,MSE00616,Kerala,Thiruvananthapuram,Food & Beverage,Packaged Foods,Ready-to-Eat Snacks,Ready-to-Eat Snacks by Thiruvananthapuram Enterprise 616 in Thiruvananthapuram.,209.74,2 piece,1
PROD01358,MSE02875,Maharashtra,Nagpur,Fashion,Women's Apparel,Silk Stole,Silk Stole by Nagpur Enterprise 2875 in Nagpur.,1659.27,200 gram,1
PROD01359,MSE00454,Kerala,Kozhikode,Fashion,Women's Apparel,Handloom Dupatta,Handloom Dupatta by Kozhikode Enterprise 454 in Kozhikode.,1191.43,500 gram,1
PROD01360,MSE01948,Maharashtra,Nagpur,Fashion,Women's Apparel,Kurta Fabric,Kurta Fabric by Nagpur Enterprise 1948 in Nagpur.,1229.59,1 kg,1
PROD01361,MSE03568,Telangana,Warangal,Services,Digital Services,Digital Marketing,Digital Marketing by Warangal Enterprise 3568 in Warangal.,3141.12,2 piece,0
PROD01362,MSE02975,Kerala,Ernakulam,Home & Kitchen,Home Decor,Storage Rack,Storage Rack by Ernakulam Enterprise 2975 in Ernakulam.,2711.69,2 piece,0
PROD01363,MSE02725,Gujarat,Ahmedabad,Handicrafts & Handloom,Crafts,Terracotta Pot,Terracotta Pot by Ahmedabad Enterprise 2725 in Ahmedabad.,4005.98,2 piece,1
PROD01364,MSE01095,Mizoram,Lunglei,Services,Digital Services,IT Support,IT Support by Lunglei Enterprise 1095 in Lunglei.,5969.5,500 gram,0
PROD01365,MSE02585,Rajasthan,Udaipur,Food & Beverage,Packaged Foods,Ready-to-Eat Snacks,Ready-to-Eat Snacks by Udaipur Enterprise 2585 in Udaipur.,402.41,500 gram,1
PROD01366,MSE00898,Rajasthan,Jaipur,Beauty & Personal Care,Skincare,Herbal Face Pack,Herbal Face Pack by Jaipur Enterprise 898 in Jaipur.,1376.6,250 ml,0
PROD01367,MSE04952,Rajasthan,Jodhpur,Handicrafts & Handloom,Crafts,Papier-mache Decor,Papier-mache Decor by Jodhpur Enterprise 4952 in Jodhpur.,1504.96,200 gram,1
PROD01368,MSE00431,Andhra Pradesh,Visakhapatnam,Services,Digital Services,Catalog Design,Catalog Design by Visakhapatnam Enterprise 431 in Visakhapatnam.,3504.76,200 gram,0
PROD01369,MSE03728,Kerala,Ernakulam,Fashion,Women's Apparel,Silk Stole,Silk Stole by Ernakulam Enterprise 3728 in Ernakulam.,1273.66,1 kg,1
PROD01370,MSE04601,Maharashtra,Pune,Food & Beverage,Packaged Foods,Masala Mix,Masala Mix by Pune Enterprise 4601 in Pune.,408.07,2 piece,1
PROD01371,MSE02005,Maharashtra,Nagpur,Food & Beverage,Packaged Foods,Papad,Papad by Nagpur Enterprise 2005 in Nagpur.,216.68,200 gram,1
PROD01372,MSE01537,Karnataka,Mysuru,Agriculture,Seeds,Vegetable Seeds,Vegetable Seeds by Mysuru Enterprise 1537 in Mysuru.,339.72,1 piece,0
PROD01373,MSE00978,Madhya Pradesh,Bhopal,Food & Beverage,Packaged Foods,Ready-to-Eat Snacks,Ready-to-Eat Snacks by Bhopal Enterprise 978 in Bhopal.,354.43,2 piece,1
PROD01374,MSE00665,Odisha,Sambalpur,Agriculture,Seeds,Vegetable Seeds,Vegetable Seeds by Sambalpur Enterprise 665 in Sambalpur.,244.67,500 gram,0
PROD01375,MSE01040,Rajasthan,Jodhpur,Fashion,Women's Apparel,Kurta Fabric,Kurta Fabric by Jodhpur Enterprise 1040 in Jodhpur.,1309.4,250 ml,1
PROD01376,MSE01454,Rajasthan,Udaipur,Services,Digital Services,Digital Marketing,Digital Marketing by Udaipur Enterprise 1454 in Udaipur.,1388.51,250 ml,0
PROD01377,MSE00168,Maharashtra,Pune,Handicrafts & Handloom,Crafts,Papier-mache Decor,Papier-mache Decor by Pune Enterprise 168 in Pune.,3540.71,2 piece,1
PROD01378,MSE00620,Andhra Pradesh,Vijayawada,Services,Digital Services,Catalog Design,Catalog Design by Vijayawada Enterprise 620 in Vijayawada.,1787.77,2 piece,0
PROD01379,MSE01255,Gujarat,Rajkot,Handicrafts & Handloom,Crafts,Papier-mache Decor,Papier-mache Decor by Rajkot Enterprise 1255 in Rajkot.,2693.61,200 gram,1
PROD01380,MSE01399,Maharashtra,Pune,Services,Digital Services,Digital Marketing,Digital Marketing by Pune Enterprise 1399 in Pune.,5795.97,250 ml,0
PROD01381,MSE00684,Uttar Pradesh,Kanpur Nagar,Home & Kitchen,Home Decor,Decorative Shelf,Decorative Shelf by Kanpur Nagar Enterprise 684 in Kanpur Nagar.,2102.1,250 ml,0
PROD01382,MSE04568,Uttar Pradesh,Lucknow,Agriculture,Seeds,Vegetable Seeds,Vegetable Seeds by Lucknow Enterprise 4568 in Lucknow.,678.8,1 kg,0
PROD01383,MSE04425,Tripura,West Tripura,Handicrafts & Handloom,Crafts,Wooden Craft,Wooden Craft by West Tripura Enterprise 4425 in West Tripura.,3238.24,2 piece,1
PROD01384,MSE00462,Assam,Dibrugarh,Food & Beverage,Packaged Foods,Ready-to-Eat Snacks,Ready-to-Eat Snacks by Dibrugarh Enterprise 462 in Dibrugarh.,263.61,2 piece,1
PROD01385,MSE01185,Maharashtra,Pune,Food & Beverage,Packaged Foods,Papad,Papad by Pune Enterprise 1185 in Pune.,204.31,500 gram,1
PROD01386,MSE04017,Goa,Mormugao,Handicrafts & Handloom,Crafts,Brass Lamp,Brass Lamp by Mormugao Enterprise 4017 in Mormugao.,627.83,250 ml,1
PROD01387,MSE01045,Haryana,Panipat,Handicrafts & Handloom,Crafts,Brass Lamp,Brass Lamp by Panipat Enterprise 1045 in Panipat.,3021.71,250 ml,1
PROD01388,MSE02993,Rajasthan,Jaipur,Beauty & Personal Care,Skincare,Herbal Face Pack,Herbal Face Pack by Jaipur Enterprise 2993 in Jaipur.,228.3,2 piece,0
PROD01389,MSE00951,Uttarakhand,Haridwar,Food & Beverage,Packaged Foods,Papad,Papad by Haridwar Enterprise 951 in Haridwar.,237.92,200 gram,1
PROD01390,MSE01833,Madhya Pradesh,Bhopal,Home & Kitchen,Home Decor,Storage Rack,Storage Rack by Bhopal Enterprise 1833 in Bhopal.,2989.85,1 piece,0
PROD01391,MSE04970,Maharashtra,Nagpur,Services,Digital Services,IT Support,IT Support by Nagpur Enterprise 4970 in Nagpur.,2678.71,250 ml,0
PROD01392,MSE01965,Assam,Dibrugarh,Handicrafts & Handloom,Crafts,Terracotta Pot,Terracotta Pot by Dibrugarh Enterprise 1965 in Dibrugarh.,1925.83,500 gram,1
PROD01393,MSE03816,Gujarat,Ahmedabad,Agriculture,Seeds,Herbal Saplings,Herbal Saplings by Ahmedabad Enterprise 3816 in Ahmedabad.,92.58,1 kg,0
PROD01394,MSE03099,Karnataka,Mysuru,Home & Kitchen,Home Decor,Kitchen Organizer,Kitchen Organizer by Mysuru Enterprise 3099 in Mysuru.,2909.53,1 kg,0
PROD01395,MSE03252,Uttarakhand,Haridwar,Services,Digital Services,Digital Marketing,Digital Marketing by Haridwar Enterprise 3252 in Haridwar.,5468.33,2 piece,0
PROD01396,MSE04252,Andhra Pradesh,Tirupati,Food & Beverage,Packaged Foods,Papad,Papad by Tirupati Enterprise 4252 in Tirupati.,199.17,500 gram,1
PROD01397,MSE02352,Odisha,Khordha,Food & Beverage,Packaged Foods,Papad,Papad by Khordha Enterprise 2352 in Khordha.,389.32,2 piece,1
PROD01398,MSE03158,Maharashtra,Pune,Fashion,Women's Apparel,Handloom Dupatta,Handloom Dupatta by Pune Enterprise 3158 in Pune.,2501.5,1 piece,1
PROD01399,MSE02620,Rajasthan,Jodhpur,Agriculture,Seeds,Herbal Saplings,Herbal Saplings by Jodhpur Enterprise 2620 in Jodhpur.,846.34,250 ml,0
PROD01400,MSE01596,Jharkhand,Dhanbad,Fashion,Women's Apparel,Handloom Dupatta,Handloom Dupatta by Dhanbad Enterprise 1596 in Dhanbad.,2974.79,2 piece,1
PROD01401,MSE03580,West Bengal,Kolkata,Food & Beverage,Packaged Foods,Ready-to-Eat Snacks,Ready-to-Eat Snacks by Kolkata Enterprise 3580 in Kolkata.,335.03,500 gram,1
PROD01402,MSE03708,Tamil Nadu,Madurai,Home & Kitchen,Home Decor,Decorative Shelf,Decorative Shelf by Madurai Enterprise 3708 in Madurai.,607.97,1 kg,0
PROD01403,MSE02682,West Bengal,Siliguri,Agriculture,Seeds,Organic Fertilizer,Organic Fertilizer by Siliguri Enterprise 2682 in Siliguri.,1101.55,2 piece,0
PROD01404,MSE03994,Rajasthan,Udaipur,Handicrafts & Handloom,Crafts,Terracotta Pot,Terracotta Pot by Udaipur Enterprise 3994 in Udaipur.,296.15,1 kg,1
PROD01405,MSE02840,Gujarat,Rajkot,Home & Kitchen,Home Decor,Kitchen Organizer,Kitchen Organizer by Rajkot Enterprise 2840 in Rajkot.,2357.69,2 piece,0
PROD01406,MSE00566,Andhra Pradesh,Vijayawada,Food & Beverage,Packaged Foods,Masala Mix,Masala Mix by Vijayawada Enterprise 566 in Vijayawada.,132.08,250 ml,1
PROD01407,MSE02206,Rajasthan,Udaipur,Handicrafts & Handloom,Crafts,Wooden Craft,Wooden Craft by Udaipur Enterprise 2206 in Udaipur.,3471.37,200 gram,1
PROD01408,MSE02730,Jharkhand,Dhanbad,Fashion,Women's Apparel,Handloom Dupatta,Handloom Dupatta by Dhanbad Enterprise 2730 in Dhanbad.,907.57,2 piece,1
PROD01409,MSE02593,Telangana,Nizamabad,Food & Beverage,Packaged Foods,Masala Mix,Masala Mix by Nizamabad Enterprise 2593 in Nizamabad.,128.58,250 ml,1
PROD01410,MSE03932,Uttar Pradesh,Kanpur Nagar,Food & Beverage,Packaged Foods,Papad,Papad by Kanpur Nagar Enterprise 3932 in Kanpur Nagar.,416.94,1 piece,1
PROD01411,MSE03325,Gujarat,Ahmedabad,Services,Digital Services,IT Support,IT Support by Ahmedabad Enterprise 3325 in Ahmedabad.,2790.04,200 gram,0
PROD01412,MSE02414,Jharkhand,Dhanbad,Home & Kitchen,Home Decor,Kitchen Organizer,Kitchen Organizer by Dhanbad Enterprise 2414 in Dhanbad.,1330.41,200 gram,0
PROD01413,MSE03696,Telangana,Nizamabad,Fashion,Women's Apparel,Kurta Fabric,Kurta Fabric by Nizamabad Enterprise 3696 in Nizamabad.,1658.85,1 kg,1
PROD01414,MSE01893,Rajasthan,Jaipur,Food & Beverage,Packaged Foods,Masala Mix,Masala Mix by Jaipur Enterprise 1893 in Jaipur.,325.46,2 piece,1
PROD01415,MSE01597,Karnataka,Belagavi,Services,Digital Services,Digital Marketing,Digital Marketing by Belagavi Enterprise 1597 in Belagavi.,5846.41,500 gram,0
PROD01416,MSE02443,Uttar Pradesh,Lucknow,Food & Beverage,Packaged Foods,Ready-to-Eat Snacks,Ready-to-Eat Snacks by Lucknow Enterprise 2443 in Lucknow.,372.26,200 gram,1
PROD01417,MSE03749,Gujarat,Rajkot,Agriculture,Seeds,Compost,Compost by Rajkot Enterprise 3749 in Rajkot.,703.91,2 piece,0
PROD01418,MSE04853,West Bengal,Kolkata,Handicrafts & Handloom,Crafts,Brass Lamp,Brass Lamp by Kolkata Enterprise 4853 in Kolkata.,376.88,1 piece,1
PROD01419,MSE04411,Haryana,Gurugram,Food & Beverage,Packaged Foods,Ready-to-Eat Snacks,Ready-to-Eat Snacks by Gurugram Enterprise 4411 in Gurugram.,226.52,1 piece,1
PROD01420,MSE02962,Uttar Pradesh,Varanasi,Fashion,Women's Apparel,Cotton Saree,Cotton Saree by Varanasi Enterprise 2962 in Varanasi.,403.16,250 ml,1
PROD01421,MSE04264,Andhra Pradesh,Tirupati,Food & Beverage,Packaged Foods,Ready-to-Eat Snacks,Ready-to-Eat Snacks by Tirupati Enterprise 4264 in Tirupati.,168.34,2 piece,1
PROD01422,MSE01404,Rajasthan,Jodhpur,Electronics,Mobile & Accessories,Earphones,Earphones by Jodhpur Enterprise 1404 in Jodhpur.,1340.32,2 piece,0
PROD01423,MSE03442,Uttar Pradesh,Kanpur Nagar,Food & Beverage,Packaged Foods,Mango Pickle,Mango Pickle by Kanpur Nagar Enterprise 3442 in Kanpur Nagar.,313.8,1 piece,1
PROD01424,MSE02333,Uttar Pradesh,Varanasi,Home & Kitchen,Home Decor,Kitchen Organizer,Kitchen Organizer by Varanasi Enterprise 2333 in Varanasi.,519.56,1 kg,0
PROD01425,MSE00890,Assam,Kamrup Metro,Food & Beverage,Packaged Foods,Ready-to-Eat Snacks,Ready-to-Eat Snacks by Kamrup Metro Enterprise 890 in Kamrup Metro.,342.32,2 piece,1
PROD01426,MSE02359,Uttar Pradesh,Varanasi,Food & Beverage,Packaged Foods,Ready-to-Eat Snacks,Ready-to-Eat Snacks by Varanasi Enterprise 2359 in Varanasi.,287.04,250 ml,1
PROD01427,MSE01991,Andhra Pradesh,Tirupati,Handicrafts & Handloom,Crafts,Wooden Craft,Wooden Craft by Tirupati Enterprise 1991 in Tirupati.,473.52,1 piece,1
PROD01428,MSE00410,Jharkhand,Ranchi,Fashion,Women's Apparel,Handloom Dupatta,Handloom Dupatta by Ranchi Enterprise 410 in Ranchi.,1963.95,500 gram,1
PROD01429,MSE01015,Uttar Pradesh,Lucknow,Handicrafts & Handloom,Crafts,Terracotta Pot,Terracotta Pot by Lucknow Enterprise 1015 in Lucknow.,3998.64,2 piece,1
PROD01430,MSE00760,Karnataka,Mysuru,Home & Kitchen,Home Decor,Decorative Shelf,Decorative Shelf by Mysuru Enterprise 760 in Mysuru.,2618.32,2 piece,0
PROD01431,MSE00012,Tamil Nadu,Madurai,Fashion,Women's Apparel,Kurta Fabric,Kurta Fabric by Madurai Enterprise 12 in Madurai.,782.64,1 piece,1
PROD01432,MSE04318,Tamil Nadu,Madurai,Agriculture,Seeds,Organic Fertilizer,Organic Fertilizer by Madurai Enterprise 4318 in Madurai.,336.68,200 gram,0
PROD01433,MSE01886,Kerala,Thiruvananthapuram,Services,Digital Services,Catalog Design,Catalog Design by Thiruvananthapuram Enterprise 1886 in Thiruvananthapuram.,3936.89,1 piece,0
PROD01434,MSE00715,West Bengal,Siliguri,Food & Beverage,Packaged Foods,Mango Pickle,Mango Pickle by Siliguri Enterprise 715 in Siliguri.,249.95,2 piece,1
PROD01435,MSE04279,Gujarat,Rajkot,Services,Digital Services,Catalog Design,Catalog Design by Rajkot Enterprise 4279 in Rajkot.,5902.58,1 piece,0
PROD01436,MSE03459,Uttar Pradesh,Varanasi,Handicrafts & Handloom,Crafts,Terracotta Pot,Terracotta Pot by Varanasi Enterprise 3459 in Varanasi.,4188.92,500 gram,1
PROD01437,MSE00224,Andhra Pradesh,Visakhapatnam,Food & Beverage,Packaged Foods,Mango Pickle,Mango Pickle by Visakhapatnam Enterprise 224 in Visakhapatnam.,90.45,250 ml,1
PROD01438,MSE04872,Tamil Nadu,Coimbatore,Services,Digital Services,Digital Marketing,Digital Marketing by Coimbatore Enterprise 4872 in Coimbatore.,803.16,2 piece,0
PROD01439,MSE02911,Arunachal Pradesh,Itanagar,Beauty & Personal Care,Skincare,Ayurvedic Balm,Ayurvedic Balm by Itanagar Enterprise 2911 in Itanagar.,601.75,500 gram,0
PROD01440,MSE02100,Andhra Pradesh,Tirupati,Agriculture,Seeds,Organic Fertilizer,Organic Fertilizer by Tirupati Enterprise 2100 in Tirupati.,560.81,2 piece,0
PROD01441,MSE01933,Rajasthan,Jaipur,Beauty & Personal Care,Skincare,Essential Oil,Essential Oil by Jaipur Enterprise 1933 in Jaipur.,575.65,2 piece,0
PROD01442,MSE01159,Tamil Nadu,Coimbatore,Fashion,Women's Apparel,Kurta Fabric,Kurta Fabric by Coimbatore Enterprise 1159 in Coimbatore.,1397.18,200 gram,1
PROD01443,MSE00904,West Bengal,Siliguri,Electronics,Mobile & Accessories,Earphones,Earphones by Siliguri Enterprise 904 in Siliguri.,2605.25,500 gram,0
PROD01444,MSE02228,Maharashtra,Pune,Agriculture,Seeds,Herbal Saplings,Herbal Saplings by Pune Enterprise 2228 in Pune.,204.06,1 piece,0
PROD01445,MSE01170,Manipur,Imphal West,Home & Kitchen,Home Decor,Storage Rack,Storage Rack by Imphal West Enterprise 1170 in Imphal West.,1286.38,1 kg,0
PROD01446,MSE03651,Uttar Pradesh,Varanasi,Handicrafts & Handloom,Crafts,Terracotta Pot,Terracotta Pot by Varanasi Enterprise 3651 in Varanasi.,2912.88,1 piece,1
PROD01447,MSE02727,Goa,South Goa,Electronics,Mobile & Accessories,Power Adapter,Power Adapter by South Goa Enterprise 2727 in South Goa.,828.05,1 kg,0
PROD01448,MSE02811,Tamil Nadu,Coimbatore,Beauty & Personal Care,Skincare,Ayurvedic Balm,Ayurvedic Balm by Coimbatore Enterprise 2811 in Coimbatore.,688.29,200 gram,0
PROD01449,MSE03984,Chhattisgarh,Durg,Handicrafts & Handloom,Crafts,Wooden Craft,Wooden Craft by Durg Enterprise 3984 in Durg.,1093.34,2 piece,1
PROD01450,MSE03502,Odisha,Khordha,Services,Digital Services,Digital Marketing,Digital Marketing by Khordha Enterprise 3502 in Khordha.,1814.6,1 kg,0
PROD01451,MSE04716,Himachal Pradesh,Mandi,Agriculture,Seeds,Herbal Saplings,Herbal Saplings by Mandi Enterprise 4716 in Mandi.,177.79,200 gram,0
PROD01452,MSE04098,Maharashtra,Nagpur,Beauty & Personal Care,Skincare,Ayurvedic Balm,Ayurvedic Balm by Nagpur Enterprise 4098 in Nagpur.,1701.38,1 piece,0
PROD01453,MSE03633,Uttar Pradesh,Kanpur Nagar,Services,Digital Services,IT Support,IT Support by Kanpur Nagar Enterprise 3633 in Kanpur Nagar.,386.34,200 gram,0
PROD01454,MSE00432,Karnataka,Belagavi,Handicrafts & Handloom,Crafts,Wooden Craft,Wooden Craft by Belagavi Enterprise 432 in Belagavi.,2574.06,500 gram,1
PROD01455,MSE01231,Delhi,New Delhi,Electronics,Mobile & Accessories,Mobile Charger,Mobile Charger by New Delhi Enterprise 1231 in New Delhi.,7677.65,1 kg,0
PROD01456,MSE04515,Uttar Pradesh,Kanpur Nagar,Home & Kitchen,Home Decor,Storage Rack,Storage Rack by Kanpur Nagar Enterprise 4515 in Kanpur Nagar.,2207.12,250 ml,0
PROD01457,MSE01483,Assam,Silchar,Agriculture,Seeds,Organic Fertilizer,Organic Fertilizer by Silchar Enterprise 1483 in Silchar.,648.3,1 kg,0
PROD01458,MSE03115,Karnataka,Bengaluru Urban,Services,Digital Services,Catalog Design,Catalog Design by Bengaluru Urban Enterprise 3115 in Bengaluru Urban.,536.72,500 gram,0
PROD01459,MSE00999,Telangana,Warangal,Food & Beverage,Packaged Foods,Masala Mix,Masala Mix by Warangal Enterprise 999 in Warangal.,85.56,200 gram,1
PROD01460,MSE04795,Andhra Pradesh,Tirupati,Fashion,Women's Apparel,Cotton Saree,Cotton Saree by Tirupati Enterprise 4795 in Tirupati.,1672.6,2 piece,1
PROD01461,MSE01224,Goa,Mormugao,Home & Kitchen,Home Decor,Wooden Chair,Wooden Chair by Mormugao Enterprise 1224 in Mormugao.,421.89,500 gram,0
PROD01462,MSE00625,Andhra Pradesh,Visakhapatnam,Food & Beverage,Packaged Foods,Papad,Papad by Visakhapatnam Enterprise 625 in Visakhapatnam.,111.91,1 piece,1
PROD01463,MSE04117,Madhya Pradesh,Bhopal,Home & Kitchen,Home Decor,Kitchen Organizer,Kitchen Organizer by Bhopal Enterprise 4117 in Bhopal.,845.23,2 piece,0
PROD01464,MSE04754,Karnataka,Bengaluru Urban,Food & Beverage,Packaged Foods,Ready-to-Eat Snacks,Ready-to-Eat Snacks by Bengaluru Urban Enterprise 4754 in Bengaluru Urban.,184.86,2 piece,1
PROD01465,MSE00261,Gujarat,Rajkot,Handicrafts & Handloom,Crafts,Wooden Craft,Wooden Craft by Rajkot Enterprise 261 in Rajkot.,1512.96,2 piece,1
PROD01466,MSE01237,Rajasthan,Udaipur,Fashion,Women's Apparel,Silk Stole,Silk Stole by Udaipur Enterprise 1237 in Udaipur.,514.67,500 gram,1
PROD01467,MSE04270,West Bengal,Siliguri,Agriculture,Seeds,Herbal Saplings,Herbal Saplings by Siliguri Enterprise 4270 in Siliguri.,926.55,250 ml,0
PROD01468,MSE02821,Odisha,Sambalpur,Home & Kitchen,Home Decor,Wooden Chair,Wooden Chair by Sambalpur Enterprise 2821 in Sambalpur.,1875.58,200 gram,0
PROD01469,MSE02629,Uttar Pradesh,Varanasi,Fashion,Women's Apparel,Handloom Dupatta,Handloom Dupatta by Varanasi Enterprise 2629 in Varanasi.,2705.12,200 gram,1
PROD01470,MSE03097,Rajasthan,Jodhpur,Fashion,Women's Apparel,Silk Stole,Silk Stole by Jodhpur Enterprise 3097 in Jodhpur.,1133.45,250 ml,1
PROD01471,MSE00870,Rajasthan,Udaipur,Services,Digital Services,Web Development,Web Development by Udaipur Enterprise 870 in Udaipur.,2702.43,1 kg,0
PROD01472,MSE02992,Rajasthan,Jaipur,Home & Kitchen,Home Decor,Wooden Chair,Wooden Chair by Jaipur Enterprise 2992 in Jaipur.,2290.27,500 gram,0
PROD01473,MSE04833,Chhattisgarh,Raipur,Agriculture,Seeds,Herbal Saplings,Herbal Saplings by Raipur Enterprise 4833 in Raipur.,785.91,1 piece,0
PROD01474,MSE01333,Rajasthan,Jodhpur,Home & Kitchen,Home Decor,Wooden Chair,Wooden Chair by Jodhpur Enterprise 1333 in Jodhpur.,2625.05,250 ml,0
PROD01475,MSE01113,Gujarat,Surat,Home & Kitchen,Home Decor,Wooden Chair,Wooden Chair by Surat Enterprise 1113 in Surat.,1344.47,500 gram,0
PROD01476,MSE03070,Maharashtra,Pune,Fashion,Women's Apparel,Handloom Dupatta,Handloom Dupatta by Pune Enterprise 3070 in Pune.,3133.09,2 piece,1
PROD01477,MSE00253,Andhra Pradesh,Tirupati,Food & Beverage,Packaged Foods,Masala Mix,Masala Mix by Tirupati Enterprise 253 in Tirupati.,250.69,250 ml,1
PROD01478,MSE03933,Haryana,Panipat,Electronics,Mobile & Accessories,Power Adapter,Power Adapter by Panipat Enterprise 3933 in Panipat.,2414.99,1 kg,0
PROD01479,MSE04786,Andhra Pradesh,Visakhapatnam,Home & Kitchen,Home Decor,Decorative Shelf,Decorative Shelf by Visakhapatnam Enterprise 4786 in Visakhapatnam.,405.41,500 gram,0
PROD01480,MSE00736,Gujarat,Ahmedabad,Beauty & Personal Care,Skincare,Natural Soap,Natural Soap by Ahmedabad Enterprise 736 in Ahmedabad.,1300.81,250 ml,0
PROD01481,MSE02753,Andhra Pradesh,Vijayawada,Food & Beverage,Packaged Foods,Papad,Papad by Vijayawada Enterprise 2753 in Vijayawada.,88.45,200 gram,1
PROD01482,MSE02119,Manipur,Imphal West,Home & Kitchen,Home Decor,Decorative Shelf,Decorative Shelf by Imphal West Enterprise 2119 in Imphal West.,2589.5,1 kg,0
PROD01483,MSE04236,Maharashtra,Pune,Home & Kitchen,Home Decor,Decorative Shelf,Decorative Shelf by Pune Enterprise 4236 in Pune.,977.66,2 piece,0
PROD01484,MSE03127,Rajasthan,Udaipur,Food & Beverage,Packaged Foods,Ready-to-Eat Snacks,Ready-to-Eat Snacks by Udaipur Enterprise 3127 in Udaipur.,140.38,500 gram,1
PROD01485,MSE00990,Tamil Nadu,Chennai,Agriculture,Seeds,Vegetable Seeds,Vegetable Seeds by Chennai Enterprise 990 in Chennai.,804.49,1 piece,0
PROD01486,MSE04703,Andhra Pradesh,Vijayawada,Food & Beverage,Packaged Foods,Mango Pickle,Mango Pickle by Vijayawada Enterprise 4703 in Vijayawada.,137.78,200 gram,1
PROD01487,MSE02855,Karnataka,Belagavi,Fashion,Women's Apparel,Kurta Fabric,Kurta Fabric by Belagavi Enterprise 2855 in Belagavi.,845.55,2 piece,1
PROD01488,MSE02385,Uttarakhand,Dehradun,Electronics,Mobile & Accessories,Earphones,Earphones by Dehradun Enterprise 2385 in Dehradun.,8497.94,1 piece,0
PROD01489,MSE01558,Uttar Pradesh,Kanpur Nagar,Fashion,Women's Apparel,Handloom Dupatta,Handloom Dupatta by Kanpur Nagar Enterprise 1558 in Kanpur Nagar.,3098.38,500 gram,1
PROD01490,MSE02096,Madhya Pradesh,Jabalpur,Handicrafts & Handloom,Crafts,Papier-mache Decor,Papier-mache Decor by Jabalpur Enterprise 2096 in Jabalpur.,2527.72,2 piece,1
PROD01491,MSE01657,Jharkhand,Dhanbad,Agriculture,Seeds,Compost,Compost by Dhanbad Enterprise 1657 in Dhanbad.,1185.41,500 gram,0
PROD01492,MSE01553,West Bengal,Howrah,Agriculture,Seeds,Herbal Saplings,Herbal Saplings by Howrah Enterprise 1553 in Howrah.,68.92,500 gram,0
PROD01493,MSE00560,Andhra Pradesh,Tirupati,Fashion,Women's Apparel,Kurta Fabric,Kurta Fabric by Tirupati Enterprise 560 in Tirupati.,1384.0,1 kg,1
PROD01494,MSE01323,Telangana,Nizamabad,Beauty & Personal Care,Skincare,Ayurvedic Balm,Ayurvedic Balm by Nizamabad Enterprise 1323 in Nizamabad.,429.25,250 ml,0
PROD01495,MSE00475,Gujarat,Surat,Handicrafts & Handloom,Crafts,Brass Lamp,Brass Lamp by Surat Enterprise 475 in Surat.,1105.11,250 ml,1
PROD01496,MSE00692,Gujarat,Rajkot,Food & Beverage,Packaged Foods,Ready-to-Eat Snacks,Ready-to-Eat Snacks by Rajkot Enterprise 692 in Rajkot.,388.4,200 gram,1
PROD01497,MSE00837,Andaman & Nicobar,South Andaman,Home & Kitchen,Home Decor,Storage Rack,Storage Rack by South Andaman Enterprise 837 in South Andaman.,2007.38,2 piece,0
PROD01498,MSE00940,Karnataka,Belagavi,Food & Beverage,Packaged Foods,Mango Pickle,Mango Pickle by Belagavi Enterprise 940 in Belagavi.,152.78,2 piece,1
PROD01499,MSE04232,Karnataka,Belagavi,Services,Digital Services,Digital Marketing,Digital Marketing by Belagavi Enterprise 4232 in Belagavi.,1689.76,1 piece,0
PROD01500,MSE03998,Haryana,Faridabad,Food & Beverage,Packaged Foods,Papad,Papad by Faridabad Enterprise 3998 in Faridabad.,135.82,200 gram,1
PROD01501,MSE02010,Odisha,Khordha,Handicrafts & Handloom,Crafts,Terracotta Pot,Terracotta Pot by Khordha Enterprise 2010 in Khordha.,4017.77,2 piece,1
PROD01502,MSE04144,Rajasthan,Jodhpur,Food & Beverage,Packaged Foods,Masala Mix,Masala Mix by Jodhpur Enterprise 4144 in Jodhpur.,96.29,1 kg,1
PROD01503,MSE02538,Uttar Pradesh,Varanasi,Agriculture,Seeds,Vegetable Seeds,Vegetable Seeds by Varanasi Enterprise 2538 in Varanasi.,398.63,1 piece,0
PROD01504,MSE03324,Andhra Pradesh,Visakhapatnam,Food & Beverage,Packaged Foods,Papad,Papad by Visakhapatnam Enterprise 3324 in Visakhapatnam.,189.87,1 piece,1
PROD01505,MSE00967,Rajasthan,Udaipur,Home & Kitchen,Home Decor,Wooden Chair,Wooden Chair by Udaipur Enterprise 967 in Udaipur.,3291.48,2 piece,0
PROD01506,MSE03240,Uttar Pradesh,Kanpur Nagar,Home & Kitchen,Home Decor,Decorative Shelf,Decorative Shelf by Kanpur Nagar Enterprise 3240 in Kanpur Nagar.,1991.58,250 ml,0
PROD01507,MSE03243,West Bengal,Howrah,Fashion,Women's Apparel,Cotton Saree,Cotton Saree by Howrah Enterprise 3243 in Howrah.,954.85,250 ml,1
PROD01508,MSE04340,West Bengal,Kolkata,Food & Beverage,Packaged Foods,Masala Mix,Masala Mix by Kolkata Enterprise 4340 in Kolkata.,233.35,500 gram,1
PROD01509,MSE00544,Karnataka,Belagavi,Home & Kitchen,Home Decor,Wooden Chair,Wooden Chair by Belagavi Enterprise 544 in Belagavi.,1504.43,200 gram,0
PROD01510,MSE03036,West Bengal,Kolkata,Food & Beverage,Packaged Foods,Ready-to-Eat Snacks,Ready-to-Eat Snacks by Kolkata Enterprise 3036 in Kolkata.,304.72,1 piece,1
PROD01511,MSE02990,Assam,Silchar,Home & Kitchen,Home Decor,Storage Rack,Storage Rack by Silchar Enterprise 2990 in Silchar.,2119.84,200 gram,0
PROD01512,MSE02597,Andhra Pradesh,Visakhapatnam,Services,Digital Services,Digital Marketing,Digital Marketing by Visakhapatnam Enterprise 2597 in Visakhapatnam.,1681.94,200 gram,0
PROD01513,MSE01214,Maharashtra,Pune,Food & Beverage,Packaged Foods,Mango Pickle,Mango Pickle by Pune Enterprise 1214 in Pune.,341.99,1 piece,1
PROD01514,MSE00672,Uttar Pradesh,Kanpur Nagar,Fashion,Women's Apparel,Cotton Saree,Cotton Saree by Kanpur Nagar Enterprise 672 in Kanpur Nagar.,890.78,1 kg,1
PROD01515,MSE03943,Punjab,Jalandhar,Food & Beverage,Packaged Foods,Masala Mix,Masala Mix by Jalandhar Enterprise 3943 in Jalandhar.,310.19,500 gram,1
PROD01516,MSE03026,Delhi,South East Delhi,Home & Kitchen,Home Decor,Storage Rack,Storage Rack by South East Delhi Enterprise 3026 in South East Delhi.,304.07,500 gram,0
PROD01517,MSE02542,Chhattisgarh,Raipur,Agriculture,Seeds,Vegetable Seeds,Vegetable Seeds by Raipur Enterprise 2542 in Raipur.,1106.92,1 kg,0
PROD01518,MSE04732,Maharashtra,Nagpur,Beauty & Personal Care,Skincare,Natural Soap,Natural Soap by Nagpur Enterprise 4732 in Nagpur.,612.94,1 kg,0
PROD01519,MSE01801,Gujarat,Ahmedabad,Home & Kitchen,Home Decor,Storage Rack,Storage Rack by Ahmedabad Enterprise 1801 in Ahmedabad.,3364.75,500 gram,0
PROD01520,MSE03320,Jammu & Kashmir,Anantnag,Food & Beverage,Packaged Foods,Papad,Papad by Anantnag Enterprise 3320 in Anantnag.,226.59,200 gram,1
PROD01521,MSE00713,Delhi,New Delhi,Agriculture,Seeds,Compost,Compost by New Delhi Enterprise 713 in New Delhi.,1063.24,1 kg,0
PROD01522,MSE04662,Uttar Pradesh,Lucknow,Home & Kitchen,Home Decor,Kitchen Organizer,Kitchen Organizer by Lucknow Enterprise 4662 in Lucknow.,2115.52,500 gram,0
PROD01523,MSE00655,Rajasthan,Jaipur,Agriculture,Seeds,Vegetable Seeds,Vegetable Seeds by Jaipur Enterprise 655 in Jaipur.,80.6,1 piece,0
PROD01524,MSE02814,Haryana,Panipat,Fashion,Women's Apparel,Silk Stole,Silk Stole by Panipat Enterprise 2814 in Panipat.,1276.85,1 piece,1
PROD01525,MSE02862,Madhya Pradesh,Indore,Beauty & Personal Care,Skincare,Natural Soap,Natural Soap by Indore Enterprise 2862 in Indore.,1424.11,1 piece,0
PROD01526,MSE01466,Andhra Pradesh,Tirupati,Services,Digital Services,Web Development,Web Development by Tirupati Enterprise 1466 in Tirupati.,2516.32,200 gram,0
PROD01527,MSE01616,Bihar,Patna,Services,Digital Services,Catalog Design,Catalog Design by Patna Enterprise 1616 in Patna.,547.37,200 gram,0
PROD01528,MSE03170,Assam,Kamrup Metro,Services,Digital Services,Catalog Design,Catalog Design by Kamrup Metro Enterprise 3170 in Kamrup Metro.,3502.28,1 kg,0
PROD01529,MSE01282,Telangana,Warangal,Home & Kitchen,Home Decor,Wooden Chair,Wooden Chair by Warangal Enterprise 1282 in Warangal.,935.95,200 gram,0
PROD01530,MSE04549,Madhya Pradesh,Indore,Fashion,Women's Apparel,Cotton Saree,Cotton Saree by Indore Enterprise 4549 in Indore.,1622.4,500 gram,1
PROD01531,MSE01989,Maharashtra,Nagpur,Home & Kitchen,Home Decor,Kitchen Organizer,Kitchen Organizer by Nagpur Enterprise 1989 in Nagpur.,530.36,200 gram,0
PROD01532,MSE04672,Rajasthan,Jaipur,Food & Beverage,Packaged Foods,Ready-to-Eat Snacks,Ready-to-Eat Snacks by Jaipur Enterprise 4672 in Jaipur.,356.89,500 gram,1
PROD01533,MSE04258,Manipur,Churachandpur,Home & Kitchen,Home Decor,Decorative Shelf,Decorative Shelf by Churachandpur Enterprise 4258 in Churachandpur.,465.51,500 gram,0
PROD01534,MSE00028,Uttar Pradesh,Varanasi,Home & Kitchen,Home Decor,Kitchen Organizer,Kitchen Organizer by Varanasi Enterprise 28 in Varanasi.,2245.0,200 gram,0
PROD01535,MSE04214,West Bengal,Siliguri,Electronics,Mobile & Accessories,Power Adapter,Power Adapter by Siliguri Enterprise 4214 in Siliguri.,1029.22,1 piece,0
PROD01536,MSE00773,West Bengal,Kolkata,Agriculture,Seeds,Compost,Compost by Kolkata Enterprise 773 in Kolkata.,961.32,250 ml,0
PROD01537,MSE03434,Uttar Pradesh,Lucknow,Home & Kitchen,Home Decor,Wooden Chair,Wooden Chair by Lucknow Enterprise 3434 in Lucknow.,3436.61,200 gram,0
PROD01538,MSE00589,Gujarat,Ahmedabad,Services,Digital Services,Web Development,Web Development by Ahmedabad Enterprise 589 in Ahmedabad.,5482.56,250 ml,0
PROD01539,MSE01136,Andhra Pradesh,Visakhapatnam,Agriculture,Seeds,Vegetable Seeds,Vegetable Seeds by Visakhapatnam Enterprise 1136 in Visakhapatnam.,495.53,1 kg,0
PROD01540,MSE03516,Karnataka,Belagavi,Handicrafts & Handloom,Crafts,Papier-mache Decor,Papier-mache Decor by Belagavi Enterprise 3516 in Belagavi.,3379.11,1 piece,1
PROD01541,MSE01318,Bihar,Patna,Services,Digital Services,Digital Marketing,Digital Marketing by Patna Enterprise 1318 in Patna.,5733.55,250 ml,0
PROD01542,MSE03563,West Bengal,Howrah,Services,Digital Services,Digital Marketing,Digital Marketing by Howrah Enterprise 3563 in Howrah.,1918.15,500 gram,0
PROD01543,MSE03665,Tamil Nadu,Coimbatore,Electronics,Mobile & Accessories,Power Adapter,Power Adapter by Coimbatore Enterprise 3665 in Coimbatore.,7257.1,500 gram,0
PROD01544,MSE01179,Kerala,Thiruvananthapuram,Home & Kitchen,Home Decor,Storage Rack,Storage Rack by Thiruvananthapuram Enterprise 1179 in Thiruvananthapuram.,1190.29,1 kg,0
PROD01545,MSE03051,Karnataka,Bengaluru Urban,Fashion,Women's Apparel,Cotton Saree,Cotton Saree by Bengaluru Urban Enterprise 3051 in Bengaluru Urban.,1620.09,1 piece,1
PROD01546,MSE03218,Tamil Nadu,Coimbatore,Food & Beverage,Packaged Foods,Ready-to-Eat Snacks,Ready-to-Eat Snacks by Coimbatore Enterprise 3218 in Coimbatore.,161.39,500 gram,1
PROD01547,MSE04076,Maharashtra,Nagpur,Services,Digital Services,Web Development,Web Development by Nagpur Enterprise 4076 in Nagpur.,5227.63,200 gram,0
PROD01548,MSE03214,Haryana,Panipat,Handicrafts & Handloom,Crafts,Terracotta Pot,Terracotta Pot by Panipat Enterprise 3214 in Panipat.,2925.3,250 ml,1
PROD01549,MSE03475,Rajasthan,Udaipur,Home & Kitchen,Home Decor,Kitchen Organizer,Kitchen Organizer by Udaipur Enterprise 3475 in Udaipur.,1617.12,200 gram,0
PROD01550,MSE02291,Rajasthan,Jaipur,Beauty & Personal Care,Skincare,Ayurvedic Balm,Ayurvedic Balm by Jaipur Enterprise 2291 in Jaipur.,756.57,200 gram,0
PROD01551,MSE00880,Uttar Pradesh,Varanasi,Agriculture,Seeds,Organic Fertilizer,Organic Fertilizer by Varanasi Enterprise 880 in Varanasi.,314.2,1 piece,0
PROD01552,MSE03150,Telangana,Hyderabad,Handicrafts & Handloom,Crafts,Papier-mache Decor,Papier-mache Decor by Hyderabad Enterprise 3150 in Hyderabad.,3321.89,500 gram,1
PROD01553,MSE00147,Gujarat,Rajkot,Home & Kitchen,Home Decor,Wooden Chair,Wooden Chair by Rajkot Enterprise 147 in Rajkot.,1889.06,500 gram,0
PROD01554,MSE04315,Tripura,West Tripura,Agriculture,Seeds,Vegetable Seeds,Vegetable Seeds by West Tripura Enterprise 4315 in West Tripura.,305.77,250 ml,0
PROD01555,MSE04968,Nagaland,Mokokchung,Food & Beverage,Packaged Foods,Mango Pickle,Mango Pickle by Mokokchung Enterprise 4968 in Mokokchung.,398.91,500 gram,1
PROD01556,MSE00107,Gujarat,Surat,Fashion,Women's Apparel,Silk Stole,Silk Stole by Surat Enterprise 107 in Surat.,872.83,500 gram,1
PROD01557,MSE04686,West Bengal,Siliguri,Beauty & Personal Care,Skincare,Herbal Face Pack,Herbal Face Pack by Siliguri Enterprise 4686 in Siliguri.,143.15,1 kg,0
PROD01558,MSE04437,Tamil Nadu,Chennai,Services,Digital Services,IT Support,IT Support by Chennai Enterprise 4437 in Chennai.,563.23,2 piece,0
PROD01559,MSE01085,Chhattisgarh,Raipur,Food & Beverage,Packaged Foods,Ready-to-Eat Snacks,Ready-to-Eat Snacks by Raipur Enterprise 1085 in Raipur.,80.84,250 ml,1
PROD01560,MSE01603,Uttarakhand,Haridwar,Fashion,Women's Apparel,Cotton Saree,Cotton Saree by Haridwar Enterprise 1603 in Haridwar.,1275.93,250 ml,1
PROD01561,MSE01119,Kerala,Thiruvananthapuram,Food & Beverage,Packaged Foods,Ready-to-Eat Snacks,Ready-to-Eat Snacks by Thiruvananthapuram Enterprise 1119 in Thiruvananthapuram.,199.45,1 piece,1
PROD01562,MSE01900,Odisha,Sambalpur,Services,Digital Services,IT Support,IT Support by Sambalpur Enterprise 1900 in Sambalpur.,511.49,1 piece,0
PROD01563,MSE00617,Maharashtra,Pune,Home & Kitchen,Home Decor,Kitchen Organizer,Kitchen Organizer by Pune Enterprise 617 in Pune.,1669.06,500 gram,0
PROD01564,MSE01668,Maharashtra,Pune,Fashion,Women's Apparel,Cotton Saree,Cotton Saree by Pune Enterprise 1668 in Pune.,1079.07,2 piece,1
PROD01565,MSE01486,Gujarat,Surat,Home & Kitchen,Home Decor,Decorative Shelf,Decorative Shelf by Surat Enterprise 1486 in Surat.,1142.48,1 piece,0
PROD01566,MSE01215,Tamil Nadu,Coimbatore,Food & Beverage,Packaged Foods,Mango Pickle,Mango Pickle by Coimbatore Enterprise 1215 in Coimbatore.,281.54,1 piece,1
PROD01567,MSE00691,Uttar Pradesh,Kanpur Nagar,Handicrafts & Handloom,Crafts,Wooden Craft,Wooden Craft by Kanpur Nagar Enterprise 691 in Kanpur Nagar.,3504.5,200 gram,1
PROD01568,MSE01183,Uttar Pradesh,Kanpur Nagar,Food & Beverage,Packaged Foods,Mango Pickle,Mango Pickle by Kanpur Nagar Enterprise 1183 in Kanpur Nagar.,81.91,2 piece,1
PROD01569,MSE03967,Kerala,Ernakulam,Fashion,Women's Apparel,Handloom Dupatta,Handloom Dupatta by Ernakulam Enterprise 3967 in Ernakulam.,520.36,500 gram,1
PROD01570,MSE01754,Rajasthan,Udaipur,Handicrafts & Handloom,Crafts,Brass Lamp,Brass Lamp by Udaipur Enterprise 1754 in Udaipur.,2383.68,1 kg,1
PROD01571,MSE00686,Tamil Nadu,Coimbatore,Food & Beverage,Packaged Foods,Ready-to-Eat Snacks,Ready-to-Eat Snacks by Coimbatore Enterprise 686 in Coimbatore.,237.95,250 ml,1
PROD01572,MSE01708,Haryana,Gurugram,Electronics,Mobile & Accessories,LED Bulb,LED Bulb by Gurugram Enterprise 1708 in Gurugram.,6073.72,250 ml,0
PROD01573,MSE02863,Chhattisgarh,Raipur,Handicrafts & Handloom,Crafts,Papier-mache Decor,Papier-mache Decor by Raipur Enterprise 2863 in Raipur.,993.48,500 gram,1
PROD01574,MSE03401,Chhattisgarh,Raipur,Fashion,Women's Apparel,Kurta Fabric,Kurta Fabric by Raipur Enterprise 3401 in Raipur.,1289.59,1 piece,1
PROD01575,MSE03648,Gujarat,Ahmedabad,Agriculture,Seeds,Organic Fertilizer,Organic Fertilizer by Ahmedabad Enterprise 3648 in Ahmedabad.,312.51,2 piece,0
PROD01576,MSE02311,West Bengal,Kolkata,Agriculture,Seeds,Compost,Compost by Kolkata Enterprise 2311 in Kolkata.,225.41,200 gram,0
PROD01577,MSE04178,Karnataka,Bengaluru Urban,Fashion,Women's Apparel,Silk Stole,Silk Stole by Bengaluru Urban Enterprise 4178 in Bengaluru Urban.,2097.43,1 piece,1
PROD01578,MSE02656,Uttar Pradesh,Varanasi,Agriculture,Seeds,Vegetable Seeds,Vegetable Seeds by Varanasi Enterprise 2656 in Varanasi.,759.02,1 piece,0
PROD01579,MSE04216,Manipur,Churachandpur,Food & Beverage,Packaged Foods,Mango Pickle,Mango Pickle by Churachandpur Enterprise 4216 in Churachandpur.,229.92,200 gram,1
PROD01580,MSE02220,Uttar Pradesh,Lucknow,Food & Beverage,Packaged Foods,Papad,Papad by Lucknow Enterprise 2220 in Lucknow.,185.54,2 piece,1
PROD01581,MSE01284,Karnataka,Bengaluru Urban,Beauty & Personal Care,Skincare,Herbal Face Pack,Herbal Face Pack by Bengaluru Urban Enterprise 1284 in Bengaluru Urban.,237.45,1 kg,0
PROD01582,MSE02319,Uttar Pradesh,Varanasi,Home & Kitchen,Home Decor,Kitchen Organizer,Kitchen Organizer by Varanasi Enterprise 2319 in Varanasi.,1298.61,250 ml,0
PROD01583,MSE03656,Gujarat,Rajkot,Home & Kitchen,Home Decor,Decorative Shelf,Decorative Shelf by Rajkot Enterprise 3656 in Rajkot.,1408.72,1 piece,0
PROD01584,MSE03860,Tamil Nadu,Chennai,Food & Beverage,Packaged Foods,Masala Mix,Masala Mix by Chennai Enterprise 3860 in Chennai.,262.23,200 gram,1
PROD01585,MSE01222,Bihar,Muzaffarpur,Home & Kitchen,Home Decor,Decorative Shelf,Decorative Shelf by Muzaffarpur Enterprise 1222 in Muzaffarpur.,3157.48,500 gram,0
PROD01586,MSE02537,Karnataka,Belagavi,Food & Beverage,Packaged Foods,Mango Pickle,Mango Pickle by Belagavi Enterprise 2537 in Belagavi.,417.76,250 ml,1
PROD01587,MSE02123,Uttar Pradesh,Varanasi,Agriculture,Seeds,Herbal Saplings,Herbal Saplings by Varanasi Enterprise 2123 in Varanasi.,239.53,500 gram,0
PROD01588,MSE04029,Karnataka,Bengaluru Urban,Fashion,Women's Apparel,Handloom Dupatta,Handloom Dupatta by Bengaluru Urban Enterprise 4029 in Bengaluru Urban.,2364.83,250 ml,1
PROD01589,MSE03884,Uttar Pradesh,Lucknow,Food & Beverage,Packaged Foods,Ready-to-Eat Snacks,Ready-to-Eat Snacks by Lucknow Enterprise 3884 in Lucknow.,173.5,500 gram,1
PROD01590,MSE04296,Bihar,Patna,Home & Kitchen,Home Decor,Wooden Chair,Wooden Chair by Patna Enterprise 4296 in Patna.,757.44,2 piece,0
PROD01591,MSE04222,Gujarat,Surat,Handicrafts & Handloom,Crafts,Brass Lamp,Brass Lamp by Surat Enterprise 4222 in Surat.,3133.13,200 gram,1
PROD01592,MSE02751,Gujarat,Rajkot,Handicrafts & Handloom,Crafts,Papier-mache Decor,Papier-mache Decor by Rajkot Enterprise 2751 in Rajkot.,2173.15,200 gram,1
PROD01593,MSE04066,Andhra Pradesh,Tirupati,Handicrafts & Handloom,Crafts,Brass Lamp,Brass Lamp by Tirupati Enterprise 4066 in Tirupati.,2758.73,250 ml,1
PROD01594,MSE02591,Uttar Pradesh,Kanpur Nagar,Food & Beverage,Packaged Foods,Masala Mix,Masala Mix by Kanpur Nagar Enterprise 2591 in Kanpur Nagar.,228.58,1 kg,1
PROD01595,MSE02185,Uttar Pradesh,Kanpur Nagar,Services,Digital Services,Web Development,Web Development by Kanpur Nagar Enterprise 2185 in Kanpur Nagar.,3535.23,2 piece,0
PROD01596,MSE03509,Gujarat,Rajkot,Agriculture,Seeds,Compost,Compost by Rajkot Enterprise 3509 in Rajkot.,606.87,1 piece,0
PROD01597,MSE00820,Madhya Pradesh,Bhopal,Electronics,Mobile & Accessories,Mobile Charger,Mobile Charger by Bhopal Enterprise 820 in Bhopal.,4651.85,500 gram,0
PROD01598,MSE04164,Delhi,South East Delhi,Food & Beverage,Packaged Foods,Mango Pickle,Mango Pickle by South East Delhi Enterprise 4164 in South East Delhi.,216.16,250 ml,1
PROD01599,MSE04965,Haryana,Gurugram,Home & Kitchen,Home Decor,Storage Rack,Storage Rack by Gurugram Enterprise 4965 in Gurugram.,517.55,1 kg,0
PROD01600,MSE02879,Andhra Pradesh,Vijayawada,Handicrafts & Handloom,Crafts,Wooden Craft,Wooden Craft by Vijayawada Enterprise 2879 in Vijayawada.,250.41,500 gram,1
PROD01601,MSE01497,Odisha,Sambalpur,Handicrafts & Handloom,Crafts,Wooden Craft,Wooden Craft by Sambalpur Enterprise 1497 in Sambalpur.,3069.95,200 gram,1
PROD01602,MSE00822,Bihar,Patna,Agriculture,Seeds,Herbal Saplings,Herbal Saplings by Patna Enterprise 822 in Patna.,1124.0,1 piece,0
PROD01603,MSE04026,Maharashtra,Nagpur,Agriculture,Seeds,Organic Fertilizer,Organic Fertilizer by Nagpur Enterprise 4026 in Nagpur.,468.94,1 piece,0
PROD01604,MSE04939,Uttar Pradesh,Varanasi,Handicrafts & Handloom,Crafts,Papier-mache Decor,Papier-mache Decor by Varanasi Enterprise 4939 in Varanasi.,2348.75,1 kg,1
PROD01605,MSE01093,Kerala,Ernakulam,Food & Beverage,Packaged Foods,Mango Pickle,Mango Pickle by Ernakulam Enterprise 1093 in Ernakulam.,389.79,1 kg,1
PROD01606,MSE03279,Uttar Pradesh,Varanasi,Fashion,Women's Apparel,Kurta Fabric,Kurta Fabric by Varanasi Enterprise 3279 in Varanasi.,1984.01,250 ml,1
PROD01607,MSE04180,Haryana,Gurugram,Food & Beverage,Packaged Foods,Papad,Papad by Gurugram Enterprise 4180 in Gurugram.,415.57,2 piece,1
PROD01608,MSE04874,Bihar,Gaya,Home & Kitchen,Home Decor,Storage Rack,Storage Rack by Gaya Enterprise 4874 in Gaya.,1036.49,500 gram,0
PROD01609,MSE02299,Uttar Pradesh,Varanasi,Food & Beverage,Packaged Foods,Mango Pickle,Mango Pickle by Varanasi Enterprise 2299 in Varanasi.,232.12,2 piece,1
PROD01610,MSE03790,Karnataka,Belagavi,Food & Beverage,Packaged Foods,Mango Pickle,Mango Pickle by Belagavi Enterprise 3790 in Belagavi.,253.07,1 kg,1
PROD01611,MSE03012,Bihar,Gaya,Home & Kitchen,Home Decor,Decorative Shelf,Decorative Shelf by Gaya Enterprise 3012 in Gaya.,304.27,1 kg,0
PROD01612,MSE01671,Uttar Pradesh,Lucknow,Fashion,Women's Apparel,Cotton Saree,Cotton Saree by Lucknow Enterprise 1671 in Lucknow.,3059.35,250 ml,1
PROD01613,MSE04700,West Bengal,Howrah,Agriculture,Seeds,Vegetable Seeds,Vegetable Seeds by Howrah Enterprise 4700 in Howrah.,525.31,1 piece,0
PROD01614,MSE01957,Assam,Kamrup Metro,Food & Beverage,Packaged Foods,Masala Mix,Masala Mix by Kamrup Metro Enterprise 1957 in Kamrup Metro.,83.53,1 kg,1
PROD01615,MSE02578,Tamil Nadu,Chennai,Services,Digital Services,Catalog Design,Catalog Design by Chennai Enterprise 2578 in Chennai.,2452.67,2 piece,0
PROD01616,MSE01911,Madhya Pradesh,Jabalpur,Fashion,Women's Apparel,Kurta Fabric,Kurta Fabric by Jabalpur Enterprise 1911 in Jabalpur.,2447.46,1 piece,1
PROD01617,MSE00187,Uttar Pradesh,Varanasi,Food & Beverage,Packaged Foods,Mango Pickle,Mango Pickle by Varanasi Enterprise 187 in Varanasi.,141.52,500 gram,1
PROD01618,MSE04736,Gujarat,Ahmedabad,Food & Beverage,Packaged Foods,Papad,Papad by Ahmedabad Enterprise 4736 in Ahmedabad.,342.99,1 kg,1
PROD01619,MSE02379,Uttar Pradesh,Lucknow,Fashion,Women's Apparel,Silk Stole,Silk Stole by Lucknow Enterprise 2379 in Lucknow.,3033.55,2 piece,1
PROD01620,MSE01349,Delhi,North West Delhi,Electronics,Mobile & Accessories,Earphones,Earphones by North West Delhi Enterprise 1349 in North West Delhi.,2814.55,200 gram,0
PROD01621,MSE00754,Nagaland,Kohima,Food & Beverage,Packaged Foods,Masala Mix,Masala Mix by Kohima Enterprise 754 in Kohima.,262.67,250 ml,1
PROD01622,MSE00751,Maharashtra,Nagpur,Home & Kitchen,Home Decor,Decorative Shelf,Decorative Shelf by Nagpur Enterprise 751 in Nagpur.,2428.45,1 kg,0
PROD01623,MSE00703,Uttar Pradesh,Lucknow,Agriculture,Seeds,Vegetable Seeds,Vegetable Seeds by Lucknow Enterprise 703 in Lucknow.,414.3,250 ml,0
PROD01624,MSE04084,Andhra Pradesh,Tirupati,Fashion,Women's Apparel,Cotton Saree,Cotton Saree by Tirupati Enterprise 4084 in Tirupati.,2667.71,500 gram,1
PROD01625,MSE02774,Uttar Pradesh,Kanpur Nagar,Agriculture,Seeds,Herbal Saplings,Herbal Saplings by Kanpur Nagar Enterprise 2774 in Kanpur Nagar.,167.09,250 ml,0
PROD01626,MSE04376,Jammu & Kashmir,Jammu,Services,Digital Services,Catalog Design,Catalog Design by Jammu Enterprise 4376 in Jammu.,4029.02,1 kg,0
PROD01627,MSE04914,Uttar Pradesh,Lucknow,Beauty & Personal Care,Skincare,Ayurvedic Balm,Ayurvedic Balm by Lucknow Enterprise 4914 in Lucknow.,1304.12,500 gram,0
PROD01628,MSE03583,Maharashtra,Mumbai,Home & Kitchen,Home Decor,Wooden Chair,Wooden Chair by Mumbai Enterprise 3583 in Mumbai.,2714.21,250 ml,0
PROD01629,MSE04868,Uttar Pradesh,Varanasi,Home & Kitchen,Home Decor,Decorative Shelf,Decorative Shelf by Varanasi Enterprise 4868 in Varanasi.,3388.66,500 gram,0
PROD01630,MSE03310,Punjab,Amritsar,Beauty & Personal Care,Skincare,Herbal Face Pack,Herbal Face Pack by Amritsar Enterprise 3310 in Amritsar.,1352.13,1 kg,0
PROD01631,MSE00525,Uttar Pradesh,Kanpur Nagar,Fashion,Women's Apparel,Cotton Saree,Cotton Saree by Kanpur Nagar Enterprise 525 in Kanpur Nagar.,1203.8,1 piece,1
PROD01632,MSE04467,Odisha,Sambalpur,Agriculture,Seeds,Compost,Compost by Sambalpur Enterprise 4467 in Sambalpur.,1133.93,200 gram,0
PROD01633,MSE02193,Karnataka,Bengaluru Urban,Food & Beverage,Packaged Foods,Masala Mix,Masala Mix by Bengaluru Urban Enterprise 2193 in Bengaluru Urban.,357.62,500 gram,1
PROD01634,MSE04202,Uttar Pradesh,Lucknow,Handicrafts & Handloom,Crafts,Terracotta Pot,Terracotta Pot by Lucknow Enterprise 4202 in Lucknow.,2347.04,250 ml,1
PROD01635,MSE04091,Telangana,Hyderabad,Handicrafts & Handloom,Crafts,Brass Lamp,Brass Lamp by Hyderabad Enterprise 4091 in Hyderabad.,297.85,500 gram,1
PROD01636,MSE03719,West Bengal,Siliguri,Food & Beverage,Packaged Foods,Ready-to-Eat Snacks,Ready-to-Eat Snacks by Siliguri Enterprise 3719 in Siliguri.,386.41,1 piece,1
PROD01637,MSE02207,West Bengal,Howrah,Food & Beverage,Packaged Foods,Papad,Papad by Howrah Enterprise 2207 in Howrah.,132.02,250 ml,1
PROD01638,MSE03307,Karnataka,Mysuru,Services,Digital Services,Digital Marketing,Digital Marketing by Mysuru Enterprise 3307 in Mysuru.,4359.19,500 gram,0
PROD01639,MSE03239,Jharkhand,Dhanbad,Handicrafts & Handloom,Crafts,Terracotta Pot,Terracotta Pot by Dhanbad Enterprise 3239 in Dhanbad.,2658.27,1 piece,1
PROD01640,MSE02328,Tamil Nadu,Madurai,Fashion,Women's Apparel,Silk Stole,Silk Stole by Madurai Enterprise 2328 in Madurai.,2155.9,500 gram,1
PROD01641,MSE02729,Rajasthan,Jaipur,Handicrafts & Handloom,Crafts,Papier-mache Decor,Papier-mache Decor by Jaipur Enterprise 2729 in Jaipur.,3753.24,500 gram,1
PROD01642,MSE03241,Odisha,Cuttack,Home & Kitchen,Home Decor,Storage Rack,Storage Rack by Cuttack Enterprise 3241 in Cuttack.,1405.89,1 piece,0
PROD01643,MSE02600,Tamil Nadu,Madurai,Agriculture,Seeds,Organic Fertilizer,Organic Fertilizer by Madurai Enterprise 2600 in Madurai.,133.61,1 kg,0
PROD01644,MSE03934,Maharashtra,Nagpur,Services,Digital Services,IT Support,IT Support by Nagpur Enterprise 3934 in Nagpur.,3780.67,200 gram,0
PROD01645,MSE00851,Rajasthan,Udaipur,Services,Digital Services,Digital Marketing,Digital Marketing by Udaipur Enterprise 851 in Udaipur.,3304.0,250 ml,0
PROD01646,MSE02166,Tamil Nadu,Chennai,Food & Beverage,Packaged Foods,Masala Mix,Masala Mix by Chennai Enterprise 2166 in Chennai.,135.62,2 piece,1
PROD01647,MSE01600,Uttar Pradesh,Lucknow,Home & Kitchen,Home Decor,Kitchen Organizer,Kitchen Organizer by Lucknow Enterprise 1600 in Lucknow.,2846.38,2 piece,0
PROD01648,MSE04657,Uttar Pradesh,Varanasi,Handicrafts & Handloom,Crafts,Wooden Craft,Wooden Craft by Varanasi Enterprise 4657 in Varanasi.,2923.53,1 kg,1
PROD01649,MSE00577,Rajasthan,Udaipur,Handicrafts & Handloom,Crafts,Wooden Craft,Wooden Craft by Udaipur Enterprise 577 in Udaipur.,2601.59,500 gram,1
PROD01650,MSE01653,Maharashtra,Nagpur,Food & Beverage,Packaged Foods,Ready-to-Eat Snacks,Ready-to-Eat Snacks by Nagpur Enterprise 1653 in Nagpur.,293.93,2 piece,1
PROD01651,MSE04697,Gujarat,Surat,Food & Beverage,Packaged Foods,Mango Pickle,Mango Pickle by Surat Enterprise 4697 in Surat.,167.65,1 piece,1
PROD01652,MSE03853,Karnataka,Bengaluru Urban,Services,Digital Services,Web Development,Web Development by Bengaluru Urban Enterprise 3853 in Bengaluru Urban.,5392.65,1 kg,0
PROD01653,MSE00785,Punjab,Amritsar,Food & Beverage,Packaged Foods,Papad,Papad by Amritsar Enterprise 785 in Amritsar.,210.8,1 kg,1
PROD01654,MSE01536,Uttar Pradesh,Kanpur Nagar,Services,Digital Services,Catalog Design,Catalog Design by Kanpur Nagar Enterprise 1536 in Kanpur Nagar.,1527.03,2 piece,0
PROD01655,MSE01076,Kerala,Ernakulam,Home & Kitchen,Home Decor,Wooden Chair,Wooden Chair by Ernakulam Enterprise 1076 in Ernakulam.,3449.12,250 ml,0
PROD01656,MSE01700,Tripura,Dhalai,Food & Beverage,Packaged Foods,Papad,Papad by Dhalai Enterprise 1700 in Dhalai.,318.65,2 piece,1
PROD01657,MSE01477,Punjab,Ludhiana,Home & Kitchen,Home Decor,Decorative Shelf,Decorative Shelf by Ludhiana Enterprise 1477 in Ludhiana.,2309.31,250 ml,0
PROD01658,MSE04512,Chhattisgarh,Bilaspur,Fashion,Women's Apparel,Kurta Fabric,Kurta Fabric by Bilaspur Enterprise 4512 in Bilaspur.,1832.24,1 piece,1
PROD01659,MSE00100,Maharashtra,Mumbai,Agriculture,Seeds,Compost,Compost by Mumbai Enterprise 100 in Mumbai.,348.07,1 piece,0
PROD01660,MSE01327,Tamil Nadu,Madurai,Agriculture,Seeds,Herbal Saplings,Herbal Saplings by Madurai Enterprise 1327 in Madurai.,750.88,2 piece,0
PROD01661,MSE04557,Maharashtra,Pune,Fashion,Women's Apparel,Cotton Saree,Cotton Saree by Pune Enterprise 4557 in Pune.,834.82,500 gram,1
PROD01662,MSE02525,Jharkhand,Dhanbad,Services,Digital Services,Digital Marketing,Digital Marketing by Dhanbad Enterprise 2525 in Dhanbad.,5999.36,1 kg,0
PROD01663,MSE00853,Haryana,Gurugram,Agriculture,Seeds,Vegetable Seeds,Vegetable Seeds by Gurugram Enterprise 853 in Gurugram.,214.35,250 ml,0
PROD01664,MSE03823,Rajasthan,Udaipur,Food & Beverage,Packaged Foods,Mango Pickle,Mango Pickle by Udaipur Enterprise 3823 in Udaipur.,409.12,200 gram,1
PROD01665,MSE01749,Odisha,Cuttack,Fashion,Women's Apparel,Silk Stole,Silk Stole by Cuttack Enterprise 1749 in Cuttack.,2747.06,200 gram,1
PROD01666,MSE02013,Chhattisgarh,Durg,Fashion,Women's Apparel,Cotton Saree,Cotton Saree by Durg Enterprise 2013 in Durg.,1922.04,1 piece,1
PROD01667,MSE00357,Rajasthan,Udaipur,Home & Kitchen,Home Decor,Decorative Shelf,Decorative Shelf by Udaipur Enterprise 357 in Udaipur.,3035.11,1 piece,0
PROD01668,MSE02361,Telangana,Nizamabad,Fashion,Women's Apparel,Kurta Fabric,Kurta Fabric by Nizamabad Enterprise 2361 in Nizamabad.,2389.15,2 piece,1
PROD01669,MSE00964,Gujarat,Rajkot,Handicrafts & Handloom,Crafts,Papier-mache Decor,Papier-mache Decor by Rajkot Enterprise 964 in Rajkot.,2852.23,2 piece,1
PROD01670,MSE03752,Tamil Nadu,Coimbatore,Food & Beverage,Packaged Foods,Papad,Papad by Coimbatore Enterprise 3752 in Coimbatore.,387.99,200 gram,1
PROD01671,MSE00247,West Bengal,Howrah,Home & Kitchen,Home Decor,Wooden Chair,Wooden Chair by Howrah Enterprise 247 in Howrah.,1788.1,1 kg,0
PROD01672,MSE01035,Madhya Pradesh,Indore,Beauty & Personal Care,Skincare,Herbal Face Pack,Herbal Face Pack by Indore Enterprise 1035 in Indore.,726.88,1 kg,0
PROD01673,MSE04496,Maharashtra,Nagpur,Food & Beverage,Packaged Foods,Ready-to-Eat Snacks,Ready-to-Eat Snacks by Nagpur Enterprise 4496 in Nagpur.,342.18,1 piece,1
PROD01674,MSE00478,Chhattisgarh,Durg,Handicrafts & Handloom,Crafts,Brass Lamp,Brass Lamp by Durg Enterprise 478 in Durg.,3461.94,200 gram,1
PROD01675,MSE03299,Maharashtra,Pune,Beauty & Personal Care,Skincare,Ayurvedic Balm,Ayurvedic Balm by Pune Enterprise 3299 in Pune.,831.94,200 gram,0
PROD01676,MSE04163,Tripura,Dhalai,Food & Beverage,Packaged Foods,Papad,Papad by Dhalai Enterprise 4163 in Dhalai.,337.17,1 piece,1
PROD01677,MSE04928,Kerala,Thiruvananthapuram,Food & Beverage,Packaged Foods,Mango Pickle,Mango Pickle by Thiruvananthapuram Enterprise 4928 in Thiruvananthapuram.,186.47,1 piece,1
PROD01678,MSE00695,Andhra Pradesh,Vijayawada,Electronics,Mobile & Accessories,LED Bulb,LED Bulb by Vijayawada Enterprise 695 in Vijayawada.,2131.12,1 kg,0
PROD01679,MSE03965,Jharkhand,Jamshedpur,Home & Kitchen,Home Decor,Kitchen Organizer,Kitchen Organizer by Jamshedpur Enterprise 3965 in Jamshedpur.,792.1,2 piece,0
PROD01680,MSE04927,Delhi,North West Delhi,Fashion,Women's Apparel,Kurta Fabric,Kurta Fabric by North West Delhi Enterprise 4927 in North West Delhi.,1528.75,1 piece,1
PROD01681,MSE04691,Jharkhand,Jamshedpur,Handicrafts & Handloom,Crafts,Wooden Craft,Wooden Craft by Jamshedpur Enterprise 4691 in Jamshedpur.,1724.1,250 ml,1
PROD01682,MSE04712,Maharashtra,Mumbai,Electronics,Mobile & Accessories,Mobile Charger,Mobile Charger by Mumbai Enterprise 4712 in Mumbai.,6749.04,200 gram,0
PROD01683,MSE00325,Odisha,Cuttack,Fashion,Women's Apparel,Handloom Dupatta,Handloom Dupatta by Cuttack Enterprise 325 in Cuttack.,398.65,250 ml,1
PROD01684,MSE04459,Madhya Pradesh,Bhopal,Handicrafts & Handloom,Crafts,Wooden Craft,Wooden Craft by Bhopal Enterprise 4459 in Bhopal.,3305.45,2 piece,1
PROD01685,MSE03133,Andhra Pradesh,Visakhapatnam,Fashion,Women's Apparel,Kurta Fabric,Kurta Fabric by Visakhapatnam Enterprise 3133 in Visakhapatnam.,1900.28,200 gram,1
PROD01686,MSE01835,Odisha,Cuttack,Handicrafts & Handloom,Crafts,Wooden Craft,Wooden Craft by Cuttack Enterprise 1835 in Cuttack.,1573.99,200 gram,1
PROD01687,MSE02426,Rajasthan,Jaipur,Food & Beverage,Packaged Foods,Ready-to-Eat Snacks,Ready-to-Eat Snacks by Jaipur Enterprise 2426 in Jaipur.,394.05,1 piece,1
PROD01688,MSE00463,Gujarat,Surat,Home & Kitchen,Home Decor,Decorative Shelf,Decorative Shelf by Surat Enterprise 463 in Surat.,1461.23,500 gram,0
PROD01689,MSE02772,Rajasthan,Jodhpur,Fashion,Women's Apparel,Handloom Dupatta,Handloom Dupatta by Jodhpur Enterprise 2772 in Jodhpur.,3050.19,1 kg,1
PROD01690,MSE03939,Tamil Nadu,Chennai,Electronics,Mobile & Accessories,Power Adapter,Power Adapter by Chennai Enterprise 3939 in Chennai.,7641.28,200 gram,0
PROD01691,MSE04430,Maharashtra,Pune,Electronics,Mobile & Accessories,Earphones,Earphones by Pune Enterprise 4430 in Pune.,4835.51,2 piece,0
PROD01692,MSE00955,Maharashtra,Nagpur,Fashion,Women's Apparel,Kurta Fabric,Kurta Fabric by Nagpur Enterprise 955 in Nagpur.,1575.72,250 ml,1
PROD01693,MSE00341,Uttar Pradesh,Kanpur Nagar,Handicrafts & Handloom,Crafts,Terracotta Pot,Terracotta Pot by Kanpur Nagar Enterprise 341 in Kanpur Nagar.,4022.91,1 kg,1
PROD01694,MSE04569,Delhi,North West Delhi,Beauty & Personal Care,Skincare,Essential Oil,Essential Oil by North West Delhi Enterprise 4569 in North West Delhi.,722.14,500 gram,0
PROD01695,MSE03352,Gujarat,Rajkot,Food & Beverage,Packaged Foods,Masala Mix,Masala Mix by Rajkot Enterprise 3352 in Rajkot.,143.47,500 gram,1
PROD01696,MSE01072,Assam,Silchar,Services,Digital Services,IT Support,IT Support by Silchar Enterprise 1072 in Silchar.,1194.29,200 gram,0
PROD01697,MSE01622,Karnataka,Bengaluru Urban,Fashion,Women's Apparel,Silk Stole,Silk Stole by Bengaluru Urban Enterprise 1622 in Bengaluru Urban.,519.59,500 gram,1
PROD01698,MSE01972,Goa,North Goa,Services,Digital Services,Digital Marketing,Digital Marketing by North Goa Enterprise 1972 in North Goa.,2704.1,200 gram,0
PROD01699,MSE01535,Tamil Nadu,Madurai,Fashion,Women's Apparel,Cotton Saree,Cotton Saree by Madurai Enterprise 1535 in Madurai.,2271.12,500 gram,1
PROD01700,MSE03647,Kerala,Ernakulam,Fashion,Women's Apparel,Silk Stole,Silk Stole by Ernakulam Enterprise 3647 in Ernakulam.,966.3,200 gram,1
PROD01701,MSE01055,Rajasthan,Udaipur,Services,Digital Services,Web Development,Web Development by Udaipur Enterprise 1055 in Udaipur.,4555.22,1 kg,0
PROD01702,MSE02698,Odisha,Khordha,Fashion,Women's Apparel,Kurta Fabric,Kurta Fabric by Khordha Enterprise 2698 in Khordha.,2283.91,2 piece,1
PROD01703,MSE01856,Uttar Pradesh,Kanpur Nagar,Home & Kitchen,Home Decor,Decorative Shelf,Decorative Shelf by Kanpur Nagar Enterprise 1856 in Kanpur Nagar.,1329.74,1 piece,0
PROD01704,MSE03786,West Bengal,Howrah,Food & Beverage,Packaged Foods,Masala Mix,Masala Mix by Howrah Enterprise 3786 in Howrah.,175.66,2 piece,1
PROD01705,MSE02898,Telangana,Nizamabad,Home & Kitchen,Home Decor,Kitchen Organizer,Kitchen Organizer by Nizamabad Enterprise 2898 in Nizamabad.,3383.82,500 gram,0
PROD01706,MSE02896,Gujarat,Rajkot,Home & Kitchen,Home Decor,Storage Rack,Storage Rack by Rajkot Enterprise 2896 in Rajkot.,2763.91,1 kg,0
PROD01707,MSE02475,Madhya Pradesh,Bhopal,Fashion,Women's Apparel,Kurta Fabric,Kurta Fabric by Bhopal Enterprise 2475 in Bhopal.,3061.51,2 piece,1
PROD01708,MSE01027,West Bengal,Howrah,Food & Beverage,Packaged Foods,Papad,Papad by Howrah Enterprise 1027 in Howrah.,289.44,500 gram,1
PROD01709,MSE01167,Tamil Nadu,Coimbatore,Home & Kitchen,Home Decor,Decorative Shelf,Decorative Shelf by Coimbatore Enterprise 1167 in Coimbatore.,518.36,500 gram,0
PROD01710,MSE03541,Madhya Pradesh,Jabalpur,Electronics,Mobile & Accessories,Mobile Charger,Mobile Charger by Jabalpur Enterprise 3541 in Jabalpur.,5675.87,250 ml,0
PROD01711,MSE04011,Tamil Nadu,Coimbatore,Food & Beverage,Packaged Foods,Masala Mix,Masala Mix by Coimbatore Enterprise 4011 in Coimbatore.,413.7,1 kg,1
PROD01712,MSE03794,Gujarat,Ahmedabad,Handicrafts & Handloom,Crafts,Wooden Craft,Wooden Craft by Ahmedabad Enterprise 3794 in Ahmedabad.,4251.31,1 piece,1
PROD01713,MSE02732,Jharkhand,Ranchi,Services,Digital Services,Web Development,Web Development by Ranchi Enterprise 2732 in Ranchi.,5771.28,1 kg,0
PROD01714,MSE02683,Kerala,Thiruvananthapuram,Food & Beverage,Packaged Foods,Mango Pickle,Mango Pickle by Thiruvananthapuram Enterprise 2683 in Thiruvananthapuram.,383.01,2 piece,1
PROD01715,MSE01739,Jharkhand,Dhanbad,Handicrafts & Handloom,Crafts,Brass Lamp,Brass Lamp by Dhanbad Enterprise 1739 in Dhanbad.,3526.18,2 piece,1
PROD01716,MSE01712,Haryana,Panipat,Beauty & Personal Care,Skincare,Essential Oil,Essential Oil by Panipat Enterprise 1712 in Panipat.,528.54,1 piece,0
PROD01717,MSE03039,Uttarakhand,Dehradun,Food & Beverage,Packaged Foods,Mango Pickle,Mango Pickle by Dehradun Enterprise 3039 in Dehradun.,262.31,1 kg,1
PROD01718,MSE04510,Uttar Pradesh,Lucknow,Food & Beverage,Packaged Foods,Ready-to-Eat Snacks,Ready-to-Eat Snacks by Lucknow Enterprise 4510 in Lucknow.,328.4,200 gram,1
PROD01719,MSE00896,Gujarat,Rajkot,Agriculture,Seeds,Herbal Saplings,Herbal Saplings by Rajkot Enterprise 896 in Rajkot.,794.59,1 piece,0
PROD01720,MSE00614,Gujarat,Surat,Services,Digital Services,Digital Marketing,Digital Marketing by Surat Enterprise 614 in Surat.,905.48,250 ml,0
PROD01721,MSE02704,Karnataka,Mysuru,Handicrafts & Handloom,Crafts,Wooden Craft,Wooden Craft by Mysuru Enterprise 2704 in Mysuru.,1553.47,1 kg,1
PROD01722,MSE03602,Gujarat,Surat,Fashion,Women's Apparel,Cotton Saree,Cotton Saree by Surat Enterprise 3602 in Surat.,1455.0,250 ml,1
PROD01723,MSE02662,Gujarat,Ahmedabad,Electronics,Mobile & Accessories,LED Bulb,LED Bulb by Ahmedabad Enterprise 2662 in Ahmedabad.,1940.82,1 piece,0
PROD01724,MSE02823,Telangana,Hyderabad,Handicrafts & Handloom,Crafts,Brass Lamp,Brass Lamp by Hyderabad Enterprise 2823 in Hyderabad.,2774.51,1 kg,1
PROD01725,MSE02559,Telangana,Hyderabad,Food & Beverage,Packaged Foods,Masala Mix,Masala Mix by Hyderabad Enterprise 2559 in Hyderabad.,85.67,250 ml,1
PROD01726,MSE02795,Odisha,Cuttack,Food & Beverage,Packaged Foods,Papad,Papad by Cuttack Enterprise 2795 in Cuttack.,242.71,2 piece,1
PROD01727,MSE02742,Tamil Nadu,Madurai,Electronics,Mobile & Accessories,Earphones,Earphones by Madurai Enterprise 2742 in Madurai.,6240.59,500 gram,0
PROD01728,MSE00979,Uttar Pradesh,Lucknow,Home & Kitchen,Home Decor,Wooden Chair,Wooden Chair by Lucknow Enterprise 979 in Lucknow.,2506.36,250 ml,0
PROD01729,MSE04969,Gujarat,Rajkot,Home & Kitchen,Home Decor,Decorative Shelf,Decorative Shelf by Rajkot Enterprise 4969 in Rajkot.,1294.8,200 gram,0
PROD01730,MSE04434,Haryana,Faridabad,Food & Beverage,Packaged Foods,Mango Pickle,Mango Pickle by Faridabad Enterprise 4434 in Faridabad.,389.12,2 piece,1
PROD01731,MSE00910,Telangana,Hyderabad,Fashion,Women's Apparel,Silk Stole,Silk Stole by Hyderabad Enterprise 910 in Hyderabad.,2763.47,200 gram,1
PROD01732,MSE01734,Odisha,Khordha,Fashion,Women's Apparel,Silk Stole,Silk Stole by Khordha Enterprise 1734 in Khordha.,1421.62,1 kg,1
PROD01733,MSE00791,Rajasthan,Udaipur,Fashion,Women's Apparel,Silk Stole,Silk Stole by Udaipur Enterprise 791 in Udaipur.,1758.88,1 piece,1
PROD01734,MSE03152,Gujarat,Rajkot,Electronics,Mobile & Accessories,LED Bulb,LED Bulb by Rajkot Enterprise 3152 in Rajkot.,8040.02,500 gram,0
PROD01735,MSE03163,West Bengal,Siliguri,Home & Kitchen,Home Decor,Wooden Chair,Wooden Chair by Siliguri Enterprise 3163 in Siliguri.,2374.6,200 gram,0
PROD01736,MSE01595,Maharashtra,Pune,Agriculture,Seeds,Vegetable Seeds,Vegetable Seeds by Pune Enterprise 1595 in Pune.,936.87,1 piece,0
PROD01737,MSE04638,Jharkhand,Dhanbad,Services,Digital Services,Catalog Design,Catalog Design by Dhanbad Enterprise 4638 in Dhanbad.,4300.97,500 gram,0
PROD01738,MSE00335,Rajasthan,Jaipur,Food & Beverage,Packaged Foods,Mango Pickle,Mango Pickle by Jaipur Enterprise 335 in Jaipur.,341.01,500 gram,1
PROD01739,MSE03689,Delhi,South East Delhi,Beauty & Personal Care,Skincare,Herbal Face Pack,Herbal Face Pack by South East Delhi Enterprise 3689 in South East Delhi.,282.76,1 piece,0
PROD01740,MSE03951,Andhra Pradesh,Visakhapatnam,Home & Kitchen,Home Decor,Wooden Chair,Wooden Chair by Visakhapatnam Enterprise 3951 in Visakhapatnam.,863.01,1 piece,0
PROD01741,MSE00893,Telangana,Warangal,Agriculture,Seeds,Organic Fertilizer,Organic Fertilizer by Warangal Enterprise 893 in Warangal.,242.92,500 gram,0
PROD01742,MSE03089,Tamil Nadu,Coimbatore,Food & Beverage,Packaged Foods,Ready-to-Eat Snacks,Ready-to-Eat Snacks by Coimbatore Enterprise 3089 in Coimbatore.,149.42,500 gram,1
PROD01743,MSE00142,West Bengal,Kolkata,Fashion,Women's Apparel,Cotton Saree,Cotton Saree by Kolkata Enterprise 142 in Kolkata.,2320.51,500 gram,1
PROD01744,MSE01127,Maharashtra,Pune,Agriculture,Seeds,Vegetable Seeds,Vegetable Seeds by Pune Enterprise 1127 in Pune.,1062.43,250 ml,0
PROD01745,MSE03004,Assam,Dibrugarh,Home & Kitchen,Home Decor,Decorative Shelf,Decorative Shelf by Dibrugarh Enterprise 3004 in Dibrugarh.,1952.08,2 piece,0
PROD01746,MSE03107,Gujarat,Rajkot,Home & Kitchen,Home Decor,Wooden Chair,Wooden Chair by Rajkot Enterprise 3107 in Rajkot.,2745.53,1 kg,0
PROD01747,MSE00038,Rajasthan,Udaipur,Home & Kitchen,Home Decor,Kitchen Organizer,Kitchen Organizer by Udaipur Enterprise 38 in Udaipur.,3378.77,1 piece,0
PROD01748,MSE04902,West Bengal,Kolkata,Home & Kitchen,Home Decor,Storage Rack,Storage Rack by Kolkata Enterprise 4902 in Kolkata.,2699.48,1 kg,0
PROD01749,MSE00035,Bihar,Gaya,Food & Beverage,Packaged Foods,Masala Mix,Masala Mix by Gaya Enterprise 35 in Gaya.,308.93,250 ml,1
PROD01750,MSE02766,Haryana,Gurugram,Food & Beverage,Packaged Foods,Ready-to-Eat Snacks,Ready-to-Eat Snacks by Gurugram Enterprise 2766 in Gurugram.,198.15,2 piece,1
PROD01751,MSE03403,Jammu & Kashmir,Srinagar,Electronics,Mobile & Accessories,Mobile Charger,Mobile Charger by Srinagar Enterprise 3403 in Srinagar.,3827.81,200 gram,0
PROD01752,MSE01765,Maharashtra,Mumbai,Handicrafts & Handloom,Crafts,Wooden Craft,Wooden Craft by Mumbai Enterprise 1765 in Mumbai.,437.74,1 piece,1
PROD01753,MSE03869,Kerala,Ernakulam,Food & Beverage,Packaged Foods,Mango Pickle,Mango Pickle by Ernakulam Enterprise 3869 in Ernakulam.,342.49,2 piece,1
PROD01754,MSE00613,Uttar Pradesh,Kanpur Nagar,Food & Beverage,Packaged Foods,Masala Mix,Masala Mix by Kanpur Nagar Enterprise 613 in Kanpur Nagar.,365.46,2 piece,1
PROD01755,MSE00181,Maharashtra,Pune,Home & Kitchen,Home Decor,Kitchen Organizer,Kitchen Organizer by Pune Enterprise 181 in Pune.,2944.12,1 kg,0
PROD01756,MSE02006,Himachal Pradesh,Kangra,Food & Beverage,Packaged Foods,Mango Pickle,Mango Pickle by Kangra Enterprise 2006 in Kangra.,355.19,500 gram,1
PROD01757,MSE03028,Telangana,Nizamabad,Food & Beverage,Packaged Foods,Ready-to-Eat Snacks,Ready-to-Eat Snacks by Nizamabad Enterprise 3028 in Nizamabad.,255.01,1 piece,1
PROD01758,MSE01859,Rajasthan,Udaipur,Food & Beverage,Packaged Foods,Masala Mix,Masala Mix by Udaipur Enterprise 1859 in Udaipur.,241.14,500 gram,1
PROD01759,MSE03803,Chhattisgarh,Raipur,Fashion,Women's Apparel,Cotton Saree,Cotton Saree by Raipur Enterprise 3803 in Raipur.,959.22,2 piece,1
PROD01760,MSE01827,Himachal Pradesh,Mandi,Fashion,Women's Apparel,Kurta Fabric,Kurta Fabric by Mandi Enterprise 1827 in Mandi.,1922.02,1 piece,1
PROD01761,MSE00468,Tamil Nadu,Chennai,Home & Kitchen,Home Decor,Wooden Chair,Wooden Chair by Chennai Enterprise 468 in Chennai.,2746.27,500 gram,0
PROD01762,MSE01400,West Bengal,Howrah,Services,Digital Services,Digital Marketing,Digital Marketing by Howrah Enterprise 1400 in Howrah.,5906.14,200 gram,0
PROD01763,MSE00737,Rajasthan,Udaipur,Food & Beverage,Packaged Foods,Ready-to-Eat Snacks,Ready-to-Eat Snacks by Udaipur Enterprise 737 in Udaipur.,159.83,2 piece,1
PROD01764,MSE02905,West Bengal,Kolkata,Food & Beverage,Packaged Foods,Ready-to-Eat Snacks,Ready-to-Eat Snacks by Kolkata Enterprise 2905 in Kolkata.,397.81,200 gram,1
PROD01765,MSE00195,Himachal Pradesh,Kangra,Food & Beverage,Packaged Foods,Papad,Papad by Kangra Enterprise 195 in Kangra.,203.22,2 piece,1
PROD01766,MSE01684,Madhya Pradesh,Bhopal,Handicrafts & Handloom,Crafts,Terracotta Pot,Terracotta Pot by Bhopal Enterprise 1684 in Bhopal.,1282.44,1 piece,1
PROD01767,MSE00316,Maharashtra,Mumbai,Home & Kitchen,Home Decor,Storage Rack,Storage Rack by Mumbai Enterprise 316 in Mumbai.,1863.0,1 piece,0
PROD01768,MSE02195,Andhra Pradesh,Visakhapatnam,Home & Kitchen,Home Decor,Wooden Chair,Wooden Chair by Visakhapatnam Enterprise 2195 in Visakhapatnam.,3052.62,1 piece,0
PROD01769,MSE04126,Rajasthan,Jaipur,Handicrafts & Handloom,Crafts,Wooden Craft,Wooden Craft by Jaipur Enterprise 4126 in Jaipur.,4292.58,2 piece,1
PROD01770,MSE01572,Rajasthan,Jaipur,Food & Beverage,Packaged Foods,Masala Mix,Masala Mix by Jaipur Enterprise 1572 in Jaipur.,347.09,250 ml,1
PROD01771,MSE01832,Uttar Pradesh,Kanpur Nagar,Handicrafts & Handloom,Crafts,Papier-mache Decor,Papier-mache Decor by Kanpur Nagar Enterprise 1832 in Kanpur Nagar.,3817.9,2 piece,1
PROD01772,MSE03433,Uttar Pradesh,Varanasi,Electronics,Mobile & Accessories,Earphones,Earphones by Varanasi Enterprise 3433 in Varanasi.,2401.7,1 kg,0
PROD01773,MSE04628,Maharashtra,Nagpur,Food & Beverage,Packaged Foods,Ready-to-Eat Snacks,Ready-to-Eat Snacks by Nagpur Enterprise 4628 in Nagpur.,143.96,2 piece,1
PROD01774,MSE00336,Jharkhand,Dhanbad,Fashion,Women's Apparel,Kurta Fabric,Kurta Fabric by Dhanbad Enterprise 336 in Dhanbad.,2722.82,2 piece,1
PROD01775,MSE01944,West Bengal,Kolkata,Home & Kitchen,Home Decor,Kitchen Organizer,Kitchen Organizer by Kolkata Enterprise 1944 in Kolkata.,1386.96,1 kg,0
PROD01776,MSE03049,Tamil Nadu,Coimbatore,Fashion,Women's Apparel,Silk Stole,Silk Stole by Coimbatore Enterprise 3049 in Coimbatore.,370.24,1 piece,1
PROD01777,MSE04265,Jharkhand,Ranchi,Services,Digital Services,Catalog Design,Catalog Design by Ranchi Enterprise 4265 in Ranchi.,5948.39,2 piece,0
PROD01778,MSE04491,Andhra Pradesh,Vijayawada,Fashion,Women's Apparel,Kurta Fabric,Kurta Fabric by Vijayawada Enterprise 4491 in Vijayawada.,386.23,200 gram,1
PROD01779,MSE02586,Rajasthan,Jaipur,Handicrafts & Handloom,Crafts,Brass Lamp,Brass Lamp by Jaipur Enterprise 2586 in Jaipur.,4257.03,500 gram,1
PROD01780,MSE04901,Jharkhand,Jamshedpur,Fashion,Women's Apparel,Handloom Dupatta,Handloom Dupatta by Jamshedpur Enterprise 4901 in Jamshedpur.,1986.39,500 gram,1
PROD01781,MSE04160,Gujarat,Surat,Services,Digital Services,Catalog Design,Catalog Design by Surat Enterprise 4160 in Surat.,2010.33,1 piece,0
PROD01782,MSE00717,Tamil Nadu,Coimbatore,Agriculture,Seeds,Organic Fertilizer,Organic Fertilizer by Coimbatore Enterprise 717 in Coimbatore.,476.0,1 kg,0
PROD01783,MSE04170,Gujarat,Ahmedabad,Home & Kitchen,Home Decor,Kitchen Organizer,Kitchen Organizer by Ahmedabad Enterprise 4170 in Ahmedabad.,942.18,1 piece,0
PROD01784,MSE01208,Kerala,Ernakulam,Food & Beverage,Packaged Foods,Papad,Papad by Ernakulam Enterprise 1208 in Ernakulam.,162.12,200 gram,1
PROD01785,MSE01751,Karnataka,Mysuru,Handicrafts & Handloom,Crafts,Wooden Craft,Wooden Craft by Mysuru Enterprise 1751 in Mysuru.,4099.47,1 piece,1
PROD01786,MSE01512,Andhra Pradesh,Tirupati,Services,Digital Services,Catalog Design,Catalog Design by Tirupati Enterprise 1512 in Tirupati.,2623.34,1 kg,0
PROD01787,MSE00777,Madhya Pradesh,Indore,Fashion,Women's Apparel,Cotton Saree,Cotton Saree by Indore Enterprise 777 in Indore.,3057.12,2 piece,1
PROD01788,MSE03499,Uttar Pradesh,Kanpur Nagar,Electronics,Mobile & Accessories,Mobile Charger,Mobile Charger by Kanpur Nagar Enterprise 3499 in Kanpur Nagar.,2054.93,1 piece,0
PROD01789,MSE03212,Chhattisgarh,Bilaspur,Services,Digital Services,Digital Marketing,Digital Marketing by Bilaspur Enterprise 3212 in Bilaspur.,1024.65,250 ml,0
PROD01790,MSE00641,Madhya Pradesh,Jabalpur,Services,Digital Services,IT Support,IT Support by Jabalpur Enterprise 641 in Jabalpur.,5037.77,2 piece,0
PROD01791,MSE02349,Rajasthan,Jodhpur,Home & Kitchen,Home Decor,Kitchen Organizer,Kitchen Organizer by Jodhpur Enterprise 2349 in Jodhpur.,3010.09,500 gram,0
PROD01792,MSE01753,West Bengal,Siliguri,Electronics,Mobile & Accessories,Mobile Charger,Mobile Charger by Siliguri Enterprise 1753 in Siliguri.,2546.27,250 ml,0
PROD01793,MSE04747,Delhi,North West Delhi,Fashion,Women's Apparel,Silk Stole,Silk Stole by North West Delhi Enterprise 4747 in North West Delhi.,939.73,2 piece,1
PROD01794,MSE00503,Odisha,Cuttack,Fashion,Women's Apparel,Silk Stole,Silk Stole by Cuttack Enterprise 503 in Cuttack.,1324.26,200 gram,1
PROD01795,MSE04097,Uttar Pradesh,Varanasi,Handicrafts & Handloom,Crafts,Brass Lamp,Brass Lamp by Varanasi Enterprise 4097 in Varanasi.,3107.62,250 ml,1
PROD01796,MSE03714,Assam,Dibrugarh,Food & Beverage,Packaged Foods,Ready-to-Eat Snacks,Ready-to-Eat Snacks by Dibrugarh Enterprise 3714 in Dibrugarh.,121.6,200 gram,1
PROD01797,MSE03972,Bihar,Muzaffarpur,Food & Beverage,Packaged Foods,Ready-to-Eat Snacks,Ready-to-Eat Snacks by Muzaffarpur Enterprise 3972 in Muzaffarpur.,319.34,200 gram,1
PROD01798,MSE04944,Chhattisgarh,Raipur,Beauty & Personal Care,Skincare,Ayurvedic Balm,Ayurvedic Balm by Raipur Enterprise 4944 in Raipur.,1616.58,1 piece,0
PROD01799,MSE01310,Rajasthan,Udaipur,Fashion,Women's Apparel,Kurta Fabric,Kurta Fabric by Udaipur Enterprise 1310 in Udaipur.,1386.9,250 ml,1
PROD01800,MSE02547,Madhya Pradesh,Indore,Food & Beverage,Packaged Foods,Papad,Papad by Indore Enterprise 2547 in Indore.,244.34,250 ml,1
PROD01801,MSE02952,Maharashtra,Pune,Home & Kitchen,Home Decor,Storage Rack,Storage Rack by Pune Enterprise 2952 in Pune.,2261.06,2 piece,0
PROD01802,MSE02541,Uttar Pradesh,Lucknow,Agriculture,Seeds,Compost,Compost by Lucknow Enterprise 2541 in Lucknow.,942.41,200 gram,0
PROD01803,MSE03206,Himachal Pradesh,Shimla,Food & Beverage,Packaged Foods,Mango Pickle,Mango Pickle by Shimla Enterprise 3206 in Shimla.,131.89,1 piece,1
PROD01804,MSE00885,West Bengal,Kolkata,Food & Beverage,Packaged Foods,Papad,Papad by Kolkata Enterprise 885 in Kolkata.,290.49,2 piece,1
PROD01805,MSE02670,Maharashtra,Mumbai,Handicrafts & Handloom,Crafts,Papier-mache Decor,Papier-mache Decor by Mumbai Enterprise 2670 in Mumbai.,3231.21,1 kg,1
PROD01806,MSE00391,Punjab,Amritsar,Food & Beverage,Packaged Foods,Papad,Papad by Amritsar Enterprise 391 in Amritsar.,359.9,200 gram,1
PROD01807,MSE00511,Haryana,Faridabad,Beauty & Personal Care,Skincare,Essential Oil,Essential Oil by Faridabad Enterprise 511 in Faridabad.,969.34,500 gram,0
PROD01808,MSE01387,Haryana,Panipat,Fashion,Women's Apparel,Handloom Dupatta,Handloom Dupatta by Panipat Enterprise 1387 in Panipat.,1448.72,250 ml,1
PROD01809,MSE01509,Andhra Pradesh,Visakhapatnam,Home & Kitchen,Home Decor,Wooden Chair,Wooden Chair by Visakhapatnam Enterprise 1509 in Visakhapatnam.,1964.2,1 kg,0
PROD01810,MSE02841,West Bengal,Howrah,Services,Digital Services,Digital Marketing,Digital Marketing by Howrah Enterprise 2841 in Howrah.,5493.62,200 gram,0
PROD01811,MSE02052,West Bengal,Howrah,Electronics,Mobile & Accessories,LED Bulb,LED Bulb by Howrah Enterprise 2052 in Howrah.,4329.43,2 piece,0
PROD01812,MSE04033,Bihar,Gaya,Food & Beverage,Packaged Foods,Ready-to-Eat Snacks,Ready-to-Eat Snacks by Gaya Enterprise 4033 in Gaya.,299.76,2 piece,1
PROD01813,MSE04135,Kerala,Ernakulam,Services,Digital Services,Web Development,Web Development by Ernakulam Enterprise 4135 in Ernakulam.,3425.33,200 gram,0
PROD01814,MSE00733,Karnataka,Mysuru,Agriculture,Seeds,Vegetable Seeds,Vegetable Seeds by Mysuru Enterprise 733 in Mysuru.,1012.79,1 piece,0
PROD01815,MSE01459,Andhra Pradesh,Tirupati,Agriculture,Seeds,Herbal Saplings,Herbal Saplings by Tirupati Enterprise 1459 in Tirupati.,1190.06,2 piece,0
PROD01816,MSE02367,Haryana,Panipat,Beauty & Personal Care,Skincare,Essential Oil,Essential Oil by Panipat Enterprise 2367 in Panipat.,1092.81,1 kg,0
PROD01817,MSE02242,Uttar Pradesh,Lucknow,Home & Kitchen,Home Decor,Kitchen Organizer,Kitchen Organizer by Lucknow Enterprise 2242 in Lucknow.,642.62,250 ml,0
PROD01818,MSE03306,Chhattisgarh,Durg,Services,Digital Services,Catalog Design,Catalog Design by Durg Enterprise 3306 in Durg.,4279.24,500 gram,0
PROD01819,MSE00343,Odisha,Sambalpur,Home & Kitchen,Home Decor,Wooden Chair,Wooden Chair by Sambalpur Enterprise 343 in Sambalpur.,2785.21,1 piece,0
PROD01820,MSE00110,Rajasthan,Jaipur,Services,Digital Services,Catalog Design,Catalog Design by Jaipur Enterprise 110 in Jaipur.,3036.64,1 piece,0
PROD01821,MSE00863,Telangana,Nizamabad,Fashion,Women's Apparel,Silk Stole,Silk Stole by Nizamabad Enterprise 863 in Nizamabad.,1955.29,2 piece,1
PROD01822,MSE00506,Uttar Pradesh,Kanpur Nagar,Electronics,Mobile & Accessories,LED Bulb,LED Bulb by Kanpur Nagar Enterprise 506 in Kanpur Nagar.,3037.03,2 piece,0
PROD01823,MSE01720,Lakshadweep,Agatti,Services,Digital Services,IT Support,IT Support by Agatti Enterprise 1720 in Agatti.,5447.9,250 ml,0
PROD01824,MSE01530,Uttar Pradesh,Varanasi,Food & Beverage,Packaged Foods,Papad,Papad by Varanasi Enterprise 1530 in Varanasi.,325.17,2 piece,1
PROD01825,MSE04651,Kerala,Kozhikode,Home & Kitchen,Home Decor,Storage Rack,Storage Rack by Kozhikode Enterprise 4651 in Kozhikode.,1837.98,200 gram,0
PROD01826,MSE02387,Madhya Pradesh,Jabalpur,Home & Kitchen,Home Decor,Wooden Chair,Wooden Chair by Jabalpur Enterprise 2387 in Jabalpur.,797.15,200 gram,0
PROD01827,MSE04756,Assam,Dibrugarh,Home & Kitchen,Home Decor,Storage Rack,Storage Rack by Dibrugarh Enterprise 4756 in Dibrugarh.,3320.85,500 gram,0
PROD01828,MSE03571,Rajasthan,Jaipur,Food & Beverage,Packaged Foods,Papad,Papad by Jaipur Enterprise 3571 in Jaipur.,256.41,2 piece,1
PROD01829,MSE00351,Uttar Pradesh,Kanpur Nagar,Fashion,Women's Apparel,Cotton Saree,Cotton Saree by Kanpur Nagar Enterprise 351 in Kanpur Nagar.,2415.15,200 gram,1
PROD01830,MSE02997,Rajasthan,Jaipur,Food & Beverage,Packaged Foods,Mango Pickle,Mango Pickle by Jaipur Enterprise 2997 in Jaipur.,327.75,500 gram,1
PROD01831,MSE03958,Uttarakhand,Haridwar,Food & Beverage,Packaged Foods,Masala Mix,Masala Mix by Haridwar Enterprise 3958 in Haridwar.,133.71,200 gram,1
PROD01832,MSE02416,Delhi,North West Delhi,Handicrafts & Handloom,Crafts,Terracotta Pot,Terracotta Pot by North West Delhi Enterprise 2416 in North West Delhi.,723.29,200 gram,1
PROD01833,MSE03660,Jammu & Kashmir,Jammu,Fashion,Women's Apparel,Cotton Saree,Cotton Saree by Jammu Enterprise 3660 in Jammu.,2058.5,2 piece,1
PROD01834,MSE03067,Maharashtra,Mumbai,Handicrafts & Handloom,Crafts,Wooden Craft,Wooden Craft by Mumbai Enterprise 3067 in Mumbai.,3515.17,500 gram,1
PROD01835,MSE01963,Telangana,Hyderabad,Fashion,Women's Apparel,Silk Stole,Silk Stole by Hyderabad Enterprise 1963 in Hyderabad.,2965.7,1 piece,1
PROD01836,MSE04960,Gujarat,Ahmedabad,Food & Beverage,Packaged Foods,Mango Pickle,Mango Pickle by Ahmedabad Enterprise 4960 in Ahmedabad.,294.68,1 kg,1
PROD01837,MSE04495,Madhya Pradesh,Indore,Home & Kitchen,Home Decor,Storage Rack,Storage Rack by Indore Enterprise 4495 in Indore.,3179.03,250 ml,0
PROD01838,MSE01074,Rajasthan,Jaipur,Services,Digital Services,Catalog Design,Catalog Design by Jaipur Enterprise 1074 in Jaipur.,1969.58,500 gram,0
PROD01839,MSE00258,Jharkhand,Ranchi,Services,Digital Services,Digital Marketing,Digital Marketing by Ranchi Enterprise 258 in Ranchi.,5535.0,1 piece,0
PROD01840,MSE02524,Odisha,Khordha,Food & Beverage,Packaged Foods,Papad,Papad by Khordha Enterprise 2524 in Khordha.,83.44,2 piece,1
PROD01841,MSE00051,Maharashtra,Pune,Fashion,Women's Apparel,Handloom Dupatta,Handloom Dupatta by Pune Enterprise 51 in Pune.,2338.46,2 piece,1
PROD01842,MSE04905,West Bengal,Siliguri,Services,Digital Services,IT Support,IT Support by Siliguri Enterprise 4905 in Siliguri.,3523.98,200 gram,0
PROD01843,MSE03102,Gujarat,Surat,Handicrafts & Handloom,Crafts,Terracotta Pot,Terracotta Pot by Surat Enterprise 3102 in Surat.,4149.17,2 piece,1
PROD01844,MSE03315,Maharashtra,Mumbai,Food & Beverage,Packaged Foods,Mango Pickle,Mango Pickle by Mumbai Enterprise 3315 in Mumbai.,212.83,500 gram,1
PROD01845,MSE03867,Madhya Pradesh,Bhopal,Agriculture,Seeds,Vegetable Seeds,Vegetable Seeds by Bhopal Enterprise 3867 in Bhopal.,744.98,1 piece,0
PROD01846,MSE03337,Andhra Pradesh,Visakhapatnam,Home & Kitchen,Home Decor,Storage Rack,Storage Rack by Visakhapatnam Enterprise 3337 in Visakhapatnam.,1313.55,1 kg,0
PROD01847,MSE01444,Assam,Dibrugarh,Handicrafts & Handloom,Crafts,Wooden Craft,Wooden Craft by Dibrugarh Enterprise 1444 in Dibrugarh.,4057.47,2 piece,1
PROD01848,MSE02544,Maharashtra,Nagpur,Food & Beverage,Packaged Foods,Papad,Papad by Nagpur Enterprise 2544 in Nagpur.,320.93,500 gram,1
PROD01849,MSE03292,Gujarat,Surat,Electronics,Mobile & Accessories,Mobile Charger,Mobile Charger by Surat Enterprise 3292 in Surat.,8019.52,500 gram,0
PROD01850,MSE04108,Uttar Pradesh,Lucknow,Home & Kitchen,Home Decor,Decorative Shelf,Decorative Shelf by Lucknow Enterprise 4108 in Lucknow.,1183.33,1 piece,0
PROD01851,MSE00359,Tamil Nadu,Madurai,Food & Beverage,Packaged Foods,Masala Mix,Masala Mix by Madurai Enterprise 359 in Madurai.,326.89,1 piece,1
PROD01852,MSE01396,Tamil Nadu,Chennai,Food & Beverage,Packaged Foods,Masala Mix,Masala Mix by Chennai Enterprise 1396 in Chennai.,353.62,500 gram,1
PROD01853,MSE02128,Puducherry,Yanam,Food & Beverage,Packaged Foods,Papad,Papad by Yanam Enterprise 2128 in Yanam.,370.81,250 ml,1
PROD01854,MSE04454,Tamil Nadu,Madurai,Home & Kitchen,Home Decor,Storage Rack,Storage Rack by Madurai Enterprise 4454 in Madurai.,3456.56,1 piece,0
PROD01855,MSE03048,Tamil Nadu,Madurai,Fashion,Women's Apparel,Silk Stole,Silk Stole by Madurai Enterprise 3048 in Madurai.,2156.36,2 piece,1
PROD01856,MSE02346,Uttar Pradesh,Lucknow,Home & Kitchen,Home Decor,Kitchen Organizer,Kitchen Organizer by Lucknow Enterprise 2346 in Lucknow.,527.35,500 gram,0
PROD01857,MSE04578,Uttarakhand,Haridwar,Handicrafts & Handloom,Crafts,Brass Lamp,Brass Lamp by Haridwar Enterprise 4578 in Haridwar.,1297.92,2 piece,1
PROD01858,MSE00435,Karnataka,Mysuru,Food & Beverage,Packaged Foods,Papad,Papad by Mysuru Enterprise 435 in Mysuru.,193.06,2 piece,1
PROD01859,MSE01775,Andaman & Nicobar,South Andaman,Home & Kitchen,Home Decor,Kitchen Organizer,Kitchen Organizer by South Andaman Enterprise 1775 in South Andaman.,893.96,2 piece,0
PROD01860,MSE03086,West Bengal,Howrah,Home & Kitchen,Home Decor,Decorative Shelf,Decorative Shelf by Howrah Enterprise 3086 in Howrah.,1092.94,1 piece,0
PROD01861,MSE01346,Tamil Nadu,Chennai,Electronics,Mobile & Accessories,Power Adapter,Power Adapter by Chennai Enterprise 1346 in Chennai.,8961.23,2 piece,0
PROD01862,MSE04474,Bihar,Gaya,Services,Digital Services,Catalog Design,Catalog Design by Gaya Enterprise 4474 in Gaya.,5308.1,1 kg,0
PROD01863,MSE01304,Uttar Pradesh,Varanasi,Food & Beverage,Packaged Foods,Ready-to-Eat Snacks,Ready-to-Eat Snacks by Varanasi Enterprise 1304 in Varanasi.,354.43,250 ml,1
PROD01864,MSE01516,Telangana,Nizamabad,Agriculture,Seeds,Organic Fertilizer,Organic Fertilizer by Nizamabad Enterprise 1516 in Nizamabad.,803.93,1 kg,0
PROD01865,MSE04521,Odisha,Khordha,Food & Beverage,Packaged Foods,Ready-to-Eat Snacks,Ready-to-Eat Snacks by Khordha Enterprise 4521 in Khordha.,370.16,1 piece,1
PROD01866,MSE04158,Chandigarh,Manimajra,Beauty & Personal Care,Skincare,Essential Oil,Essential Oil by Manimajra Enterprise 4158 in Manimajra.,1223.63,2 piece,0
PROD01867,MSE00055,Uttar Pradesh,Kanpur Nagar,Home & Kitchen,Home Decor,Kitchen Organizer,Kitchen Organizer by Kanpur Nagar Enterprise 55 in Kanpur Nagar.,3092.14,1 kg,0
PROD01868,MSE04909,Uttar Pradesh,Varanasi,Food & Beverage,Packaged Foods,Mango Pickle,Mango Pickle by Varanasi Enterprise 4909 in Varanasi.,391.49,1 piece,1
PROD01869,MSE03435,Maharashtra,Nagpur,Food & Beverage,Packaged Foods,Mango Pickle,Mango Pickle by Nagpur Enterprise 3435 in Nagpur.,314.92,1 piece,1
PROD01870,MSE02035,Karnataka,Bengaluru Urban,Home & Kitchen,Home Decor,Decorative Shelf,Decorative Shelf by Bengaluru Urban Enterprise 2035 in Bengaluru Urban.,2434.89,250 ml,0
PROD01871,MSE02765,Gujarat,Surat,Home & Kitchen,Home Decor,Storage Rack,Storage Rack by Surat Enterprise 2765 in Surat.,641.17,1 piece,0
PROD01872,MSE01921,Maharashtra,Nagpur,Home & Kitchen,Home Decor,Kitchen Organizer,Kitchen Organizer by Nagpur Enterprise 1921 in Nagpur.,2142.08,200 gram,0
PROD01873,MSE04647,Uttarakhand,Nainital,Services,Digital Services,IT Support,IT Support by Nainital Enterprise 4647 in Nainital.,5715.47,2 piece,0
PROD01874,MSE02980,Odisha,Khordha,Food & Beverage,Packaged Foods,Papad,Papad by Khordha Enterprise 2980 in Khordha.,99.43,500 gram,1
PROD01875,MSE00734,Telangana,Warangal,Food & Beverage,Packaged Foods,Papad,Papad by Warangal Enterprise 734 in Warangal.,194.26,2 piece,1
PROD01876,MSE02152,Uttar Pradesh,Kanpur Nagar,Food & Beverage,Packaged Foods,Ready-to-Eat Snacks,Ready-to-Eat Snacks by Kanpur Nagar Enterprise 2152 in Kanpur Nagar.,267.1,200 gram,1
PROD01877,MSE02947,Rajasthan,Jodhpur,Electronics,Mobile & Accessories,Power Adapter,Power Adapter by Jodhpur Enterprise 2947 in Jodhpur.,1748.69,1 piece,0
PROD01878,MSE00088,Assam,Kamrup Metro,Services,Digital Services,Catalog Design,Catalog Design by Kamrup Metro Enterprise 88 in Kamrup Metro.,470.03,1 piece,0
PROD01879,MSE01228,Rajasthan,Jodhpur,Food & Beverage,Packaged Foods,Ready-to-Eat Snacks,Ready-to-Eat Snacks by Jodhpur Enterprise 1228 in Jodhpur.,273.29,1 kg,1
PROD01880,MSE00781,Gujarat,Ahmedabad,Electronics,Mobile & Accessories,Mobile Charger,Mobile Charger by Ahmedabad Enterprise 781 in Ahmedabad.,5777.98,1 piece,0
PROD01881,MSE00829,Tamil Nadu,Chennai,Food & Beverage,Packaged Foods,Mango Pickle,Mango Pickle by Chennai Enterprise 829 in Chennai.,348.29,2 piece,1
PROD01882,MSE03624,Madhya Pradesh,Jabalpur,Agriculture,Seeds,Vegetable Seeds,Vegetable Seeds by Jabalpur Enterprise 3624 in Jabalpur.,398.79,250 ml,0
PROD01883,MSE04890,Uttar Pradesh,Lucknow,Food & Beverage,Packaged Foods,Mango Pickle,Mango Pickle by Lucknow Enterprise 4890 in Lucknow.,395.27,2 piece,1
PROD01884,MSE00163,Tamil Nadu,Madurai,Home & Kitchen,Home Decor,Wooden Chair,Wooden Chair by Madurai Enterprise 163 in Madurai.,1217.33,1 kg,0
PROD01885,MSE04435,Kerala,Ernakulam,Food & Beverage,Packaged Foods,Ready-to-Eat Snacks,Ready-to-Eat Snacks by Ernakulam Enterprise 4435 in Ernakulam.,410.4,200 gram,1
PROD01886,MSE04358,Telangana,Nizamabad,Food & Beverage,Packaged Foods,Masala Mix,Masala Mix by Nizamabad Enterprise 4358 in Nizamabad.,83.04,1 piece,1
PROD01887,MSE03090,Tamil Nadu,Chennai,Services,Digital Services,Digital Marketing,Digital Marketing by Chennai Enterprise 3090 in Chennai.,3274.94,2 piece,0
PROD01888,MSE03910,Rajasthan,Jodhpur,Fashion,Women's Apparel,Kurta Fabric,Kurta Fabric by Jodhpur Enterprise 3910 in Jodhpur.,1926.38,1 kg,1
PROD01889,MSE00831,Uttar Pradesh,Varanasi,Home & Kitchen,Home Decor,Kitchen Organizer,Kitchen Organizer by Varanasi Enterprise 831 in Varanasi.,2172.64,2 piece,0
PROD01890,MSE03727,Punjab,Amritsar,Fashion,Women's Apparel,Cotton Saree,Cotton Saree by Amritsar Enterprise 3727 in Amritsar.,1470.84,200 gram,1
PROD01891,MSE02833,Gujarat,Ahmedabad,Home & Kitchen,Home Decor,Decorative Shelf,Decorative Shelf by Ahmedabad Enterprise 2833 in Ahmedabad.,2542.46,1 kg,0
PROD01892,MSE02726,West Bengal,Siliguri,Food & Beverage,Packaged Foods,Masala Mix,Masala Mix by Siliguri Enterprise 2726 in Siliguri.,101.98,250 ml,1
PROD01893,MSE01283,Jammu & Kashmir,Anantnag,Agriculture,Seeds,Compost,Compost by Anantnag Enterprise 1283 in Anantnag.,322.69,200 gram,0
PROD01894,MSE02070,Uttar Pradesh,Lucknow,Handicrafts & Handloom,Crafts,Terracotta Pot,Terracotta Pot by Lucknow Enterprise 2070 in Lucknow.,2060.47,250 ml,1
PROD01895,MSE04826,Kerala,Thiruvananthapuram,Food & Beverage,Packaged Foods,Papad,Papad by Thiruvananthapuram Enterprise 4826 in Thiruvananthapuram.,157.25,250 ml,1
PROD01896,MSE02677,Punjab,Ludhiana,Home & Kitchen,Home Decor,Decorative Shelf,Decorative Shelf by Ludhiana Enterprise 2677 in Ludhiana.,1966.94,200 gram,0
PROD01897,MSE03573,Assam,Dibrugarh,Food & Beverage,Packaged Foods,Ready-to-Eat Snacks,Ready-to-Eat Snacks by Dibrugarh Enterprise 3573 in Dibrugarh.,222.04,1 piece,1
PROD01898,MSE01978,Bihar,Muzaffarpur,Home & Kitchen,Home Decor,Kitchen Organizer,Kitchen Organizer by Muzaffarpur Enterprise 1978 in Muzaffarpur.,616.76,250 ml,0
PROD01899,MSE04127,Andhra Pradesh,Tirupati,Food & Beverage,Packaged Foods,Masala Mix,Masala Mix by Tirupati Enterprise 4127 in Tirupati.,140.09,1 kg,1
PROD01900,MSE00355,Karnataka,Bengaluru Urban,Services,Digital Services,Web Development,Web Development by Bengaluru Urban Enterprise 355 in Bengaluru Urban.,2082.77,250 ml,0
PROD01901,MSE02380,Uttar Pradesh,Lucknow,Food & Beverage,Packaged Foods,Mango Pickle,Mango Pickle by Lucknow Enterprise 2380 in Lucknow.,311.49,500 gram,1
PROD01902,MSE03273,Kerala,Ernakulam,Food & Beverage,Packaged Foods,Ready-to-Eat Snacks,Ready-to-Eat Snacks by Ernakulam Enterprise 3273 in Ernakulam.,182.63,1 piece,1
PROD01903,MSE00712,Bihar,Gaya,Food & Beverage,Packaged Foods,Masala Mix,Masala Mix by Gaya Enterprise 712 in Gaya.,352.29,200 gram,1
PROD01904,MSE02510,Maharashtra,Mumbai,Food & Beverage,Packaged Foods,Ready-to-Eat Snacks,Ready-to-Eat Snacks by Mumbai Enterprise 2510 in Mumbai.,302.33,1 kg,1
PROD01905,MSE00637,Madhya Pradesh,Indore,Food & Beverage,Packaged Foods,Papad,Papad by Indore Enterprise 637 in Indore.,231.8,250 ml,1
PROD01906,MSE00060,Andhra Pradesh,Vijayawada,Agriculture,Seeds,Compost,Compost by Vijayawada Enterprise 60 in Vijayawada.,789.42,1 kg,0
PROD01907,MSE03947,Assam,Kamrup Metro,Services,Digital Services,Web Development,Web Development by Kamrup Metro Enterprise 3947 in Kamrup Metro.,3627.28,1 kg,0
PROD01908,MSE04797,Delhi,New Delhi,Handicrafts & Handloom,Crafts,Wooden Craft,Wooden Craft by New Delhi Enterprise 4797 in New Delhi.,1146.26,1 piece,1
PROD01909,MSE04520,Maharashtra,Mumbai,Food & Beverage,Packaged Foods,Ready-to-Eat Snacks,Ready-to-Eat Snacks by Mumbai Enterprise 4520 in Mumbai.,204.86,1 kg,1
PROD01910,MSE01389,Karnataka,Bengaluru Urban,Home & Kitchen,Home Decor,Decorative Shelf,Decorative Shelf by Bengaluru Urban Enterprise 1389 in Bengaluru Urban.,394.02,250 ml,0
PROD01911,MSE02108,Punjab,Amritsar,Beauty & Personal Care,Skincare,Natural Soap,Natural Soap by Amritsar Enterprise 2108 in Amritsar.,171.27,1 piece,0
PROD01912,MSE03117,Delhi,New Delhi,Agriculture,Seeds,Vegetable Seeds,Vegetable Seeds by New Delhi Enterprise 3117 in New Delhi.,1082.99,500 gram,0
PROD01913,MSE00993,Uttar Pradesh,Kanpur Nagar,Fashion,Women's Apparel,Cotton Saree,Cotton Saree by Kanpur Nagar Enterprise 993 in Kanpur Nagar.,2207.72,250 ml,1
PROD01914,MSE00975,Madhya Pradesh,Bhopal,Agriculture,Seeds,Vegetable Seeds,Vegetable Seeds by Bhopal Enterprise 975 in Bhopal.,950.62,500 gram,0
PROD01915,MSE01786,Tamil Nadu,Madurai,Home & Kitchen,Home Decor,Kitchen Organizer,Kitchen Organizer by Madurai Enterprise 1786 in Madurai.,1656.0,250 ml,0
PROD01916,MSE02177,Odisha,Sambalpur,Home & Kitchen,Home Decor,Storage Rack,Storage Rack by Sambalpur Enterprise 2177 in Sambalpur.,2969.46,250 ml,0
PROD01917,MSE03373,Uttar Pradesh,Varanasi,Food & Beverage,Packaged Foods,Ready-to-Eat Snacks,Ready-to-Eat Snacks by Varanasi Enterprise 3373 in Varanasi.,252.42,2 piece,1
PROD01918,MSE02092,Maharashtra,Nagpur,Food & Beverage,Packaged Foods,Papad,Papad by Nagpur Enterprise 2092 in Nagpur.,333.72,500 gram,1
PROD01919,MSE01721,Uttar Pradesh,Varanasi,Home & Kitchen,Home Decor,Kitchen Organizer,Kitchen Organizer by Varanasi Enterprise 1721 in Varanasi.,3347.74,1 piece,0
PROD01920,MSE03517,West Bengal,Siliguri,Food & Beverage,Packaged Foods,Masala Mix,Masala Mix by Siliguri Enterprise 3517 in Siliguri.,396.43,1 piece,1
PROD01921,MSE03954,Gujarat,Surat,Handicrafts & Handloom,Crafts,Papier-mache Decor,Papier-mache Decor by Surat Enterprise 3954 in Surat.,655.09,500 gram,1
PROD01922,MSE00676,Tamil Nadu,Chennai,Home & Kitchen,Home Decor,Decorative Shelf,Decorative Shelf by Chennai Enterprise 676 in Chennai.,1005.51,500 gram,0
PROD01923,MSE01719,Maharashtra,Mumbai,Agriculture,Seeds,Compost,Compost by Mumbai Enterprise 1719 in Mumbai.,1126.7,1 piece,0
PROD01924,MSE01561,Haryana,Gurugram,Food & Beverage,Packaged Foods,Papad,Papad by Gurugram Enterprise 1561 in Gurugram.,407.12,250 ml,1
PROD01925,MSE02584,Bihar,Patna,Food & Beverage,Packaged Foods,Ready-to-Eat Snacks,Ready-to-Eat Snacks by Patna Enterprise 2584 in Patna.,82.34,200 gram,1
PROD01926,MSE03785,West Bengal,Siliguri,Handicrafts & Handloom,Crafts,Brass Lamp,Brass Lamp by Siliguri Enterprise 3785 in Siliguri.,4273.93,2 piece,1
PROD01927,MSE03673,Madhya Pradesh,Bhopal,Beauty & Personal Care,Skincare,Ayurvedic Balm,Ayurvedic Balm by Bhopal Enterprise 3673 in Bhopal.,1776.63,200 gram,0
PROD01928,MSE02607,Tamil Nadu,Madurai,Fashion,Women's Apparel,Handloom Dupatta,Handloom Dupatta by Madurai Enterprise 2607 in Madurai.,746.79,200 gram,1
PROD01929,MSE01248,Andhra Pradesh,Vijayawada,Food & Beverage,Packaged Foods,Ready-to-Eat Snacks,Ready-to-Eat Snacks by Vijayawada Enterprise 1248 in Vijayawada.,219.52,200 gram,1
PROD01930,MSE04704,Kerala,Ernakulam,Food & Beverage,Packaged Foods,Masala Mix,Masala Mix by Ernakulam Enterprise 4704 in Ernakulam.,182.34,1 piece,1
PROD01931,MSE01651,Odisha,Khordha,Handicrafts & Handloom,Crafts,Papier-mache Decor,Papier-mache Decor by Khordha Enterprise 1651 in Khordha.,1811.3,1 piece,1
PROD01932,MSE03274,Rajasthan,Jaipur,Handicrafts & Handloom,Crafts,Brass Lamp,Brass Lamp by Jaipur Enterprise 3274 in Jaipur.,4006.27,1 piece,1
PROD01933,MSE04784,Karnataka,Bengaluru Urban,Fashion,Women's Apparel,Cotton Saree,Cotton Saree by Bengaluru Urban Enterprise 4784 in Bengaluru Urban.,613.13,200 gram,1
PROD01934,MSE02330,Maharashtra,Mumbai,Food & Beverage,Packaged Foods,Ready-to-Eat Snacks,Ready-to-Eat Snacks by Mumbai Enterprise 2330 in Mumbai.,243.72,250 ml,1
PROD01935,MSE00670,Maharashtra,Nagpur,Food & Beverage,Packaged Foods,Masala Mix,Masala Mix by Nagpur Enterprise 670 in Nagpur.,278.8,200 gram,1
PROD01936,MSE00145,Assam,Dibrugarh,Food & Beverage,Packaged Foods,Mango Pickle,Mango Pickle by Dibrugarh Enterprise 145 in Dibrugarh.,86.08,200 gram,1
PROD01937,MSE00008,Delhi,South East Delhi,Food & Beverage,Packaged Foods,Papad,Papad by South East Delhi Enterprise 8 in South East Delhi.,266.63,1 kg,1
PROD01938,MSE02150,Andhra Pradesh,Vijayawada,Home & Kitchen,Home Decor,Kitchen Organizer,Kitchen Organizer by Vijayawada Enterprise 2150 in Vijayawada.,484.79,1 piece,0
PROD01939,MSE00180,Maharashtra,Pune,Fashion,Women's Apparel,Silk Stole,Silk Stole by Pune Enterprise 180 in Pune.,1773.12,250 ml,1
PROD01940,MSE00320,Gujarat,Ahmedabad,Electronics,Mobile & Accessories,Earphones,Earphones by Ahmedabad Enterprise 320 in Ahmedabad.,7353.58,1 piece,0
PROD01941,MSE03799,Karnataka,Mysuru,Agriculture,Seeds,Organic Fertilizer,Organic Fertilizer by Mysuru Enterprise 3799 in Mysuru.,1089.68,250 ml,0
PROD01942,MSE00278,Delhi,New Delhi,Agriculture,Seeds,Organic Fertilizer,Organic Fertilizer by New Delhi Enterprise 278 in New Delhi.,980.36,250 ml,0
PROD01943,MSE03569,Andhra Pradesh,Tirupati,Services,Digital Services,Catalog Design,Catalog Design by Tirupati Enterprise 3569 in Tirupati.,325.86,200 gram,0
PROD01944,MSE02797,Maharashtra,Mumbai,Food & Beverage,Packaged Foods,Masala Mix,Masala Mix by Mumbai Enterprise 2797 in Mumbai.,195.26,2 piece,1
PROD01945,MSE00092,Meghalaya,Ri-Bhoi,Agriculture,Seeds,Compost,Compost by Ri-Bhoi Enterprise 92 in Ri-Bhoi.,257.85,1 kg,0
PROD01946,MSE02493,Madhya Pradesh,Jabalpur,Handicrafts & Handloom,Crafts,Wooden Craft,Wooden Craft by Jabalpur Enterprise 2493 in Jabalpur.,1764.47,1 kg,1
PROD01947,MSE04610,Uttar Pradesh,Kanpur Nagar,Food & Beverage,Packaged Foods,Masala Mix,Masala Mix by Kanpur Nagar Enterprise 4610 in Kanpur Nagar.,212.27,1 piece,1
PROD01948,MSE04088,Madhya Pradesh,Jabalpur,Food & Beverage,Packaged Foods,Masala Mix,Masala Mix by Jabalpur Enterprise 4088 in Jabalpur.,156.83,200 gram,1
PROD01949,MSE00164,Manipur,Imphal West,Handicrafts & Handloom,Crafts,Brass Lamp,Brass Lamp by Imphal West Enterprise 164 in Imphal West.,1577.92,500 gram,1
PROD01950,MSE02428,Odisha,Cuttack,Handicrafts & Handloom,Crafts,Brass Lamp,Brass Lamp by Cuttack Enterprise 2428 in Cuttack.,2314.69,250 ml,1
PROD01951,MSE01659,Karnataka,Bengaluru Urban,Beauty & Personal Care,Skincare,Essential Oil,Essential Oil by Bengaluru Urban Enterprise 1659 in Bengaluru Urban.,1794.18,2 piece,0
PROD01952,MSE04932,Haryana,Faridabad,Home & Kitchen,Home Decor,Wooden Chair,Wooden Chair by Faridabad Enterprise 4932 in Faridabad.,2444.86,2 piece,0
PROD01953,MSE02427,Karnataka,Mysuru,Services,Digital Services,IT Support,IT Support by Mysuru Enterprise 2427 in Mysuru.,4029.01,200 gram,0
PROD01954,MSE02906,Telangana,Warangal,Food & Beverage,Packaged Foods,Mango Pickle,Mango Pickle by Warangal Enterprise 2906 in Warangal.,155.79,1 kg,1
PROD01955,MSE04121,Uttar Pradesh,Varanasi,Handicrafts & Handloom,Crafts,Papier-mache Decor,Papier-mache Decor by Varanasi Enterprise 4121 in Varanasi.,2251.28,250 ml,1
PROD01956,MSE02604,Karnataka,Belagavi,Home & Kitchen,Home Decor,Decorative Shelf,Decorative Shelf by Belagavi Enterprise 2604 in Belagavi.,2597.66,250 ml,0
PROD01957,MSE01212,Odisha,Cuttack,Food & Beverage,Packaged Foods,Papad,Papad by Cuttack Enterprise 1212 in Cuttack.,280.32,500 gram,1
PROD01958,MSE00664,Maharashtra,Nagpur,Agriculture,Seeds,Vegetable Seeds,Vegetable Seeds by Nagpur Enterprise 664 in Nagpur.,107.02,500 gram,0
PROD01959,MSE04370,Jammu & Kashmir,Srinagar,Fashion,Women's Apparel,Kurta Fabric,Kurta Fabric by Srinagar Enterprise 4370 in Srinagar.,2465.98,250 ml,1
PROD01960,MSE01198,Telangana,Hyderabad,Services,Digital Services,Digital Marketing,Digital Marketing by Hyderabad Enterprise 1198 in Hyderabad.,2585.37,200 gram,0
PROD01961,MSE00866,Andhra Pradesh,Tirupati,Services,Digital Services,IT Support,IT Support by Tirupati Enterprise 866 in Tirupati.,1260.38,1 kg,0
PROD01962,MSE00493,Tamil Nadu,Coimbatore,Home & Kitchen,Home Decor,Kitchen Organizer,Kitchen Organizer by Coimbatore Enterprise 493 in Coimbatore.,1040.15,500 gram,0
PROD01963,MSE03980,Andhra Pradesh,Vijayawada,Fashion,Women's Apparel,Cotton Saree,Cotton Saree by Vijayawada Enterprise 3980 in Vijayawada.,639.56,200 gram,1
PROD01964,MSE02718,Odisha,Khordha,Food & Beverage,Packaged Foods,Mango Pickle,Mango Pickle by Khordha Enterprise 2718 in Khordha.,119.69,1 piece,1
PROD01965,MSE04855,Jharkhand,Dhanbad,Home & Kitchen,Home Decor,Wooden Chair,Wooden Chair by Dhanbad Enterprise 4855 in Dhanbad.,243.54,500 gram,0
PROD01966,MSE02613,Maharashtra,Nagpur,Food & Beverage,Packaged Foods,Papad,Papad by Nagpur Enterprise 2613 in Nagpur.,287.48,1 piece,1
PROD01967,MSE01073,Madhya Pradesh,Jabalpur,Home & Kitchen,Home Decor,Kitchen Organizer,Kitchen Organizer by Jabalpur Enterprise 1073 in Jabalpur.,933.34,500 gram,0
PROD01968,MSE02994,Maharashtra,Nagpur,Handicrafts & Handloom,Crafts,Terracotta Pot,Terracotta Pot by Nagpur Enterprise 2994 in Nagpur.,486.99,2 piece,1
PROD01969,MSE03843,Maharashtra,Nagpur,Agriculture,Seeds,Vegetable Seeds,Vegetable Seeds by Nagpur Enterprise 3843 in Nagpur.,1125.51,500 gram,0
PROD01970,MSE04146,Tamil Nadu,Madurai,Agriculture,Seeds,Organic Fertilizer,Organic Fertilizer by Madurai Enterprise 4146 in Madurai.,149.29,1 kg,0
PROD01971,MSE03186,Punjab,Ludhiana,Fashion,Women's Apparel,Handloom Dupatta,Handloom Dupatta by Ludhiana Enterprise 3186 in Ludhiana.,2427.05,500 gram,1
PROD01972,MSE00584,Madhya Pradesh,Bhopal,Food & Beverage,Packaged Foods,Masala Mix,Masala Mix by Bhopal Enterprise 584 in Bhopal.,128.34,200 gram,1
PROD01973,MSE04796,West Bengal,Howrah,Services,Digital Services,Digital Marketing,Digital Marketing by Howrah Enterprise 4796 in Howrah.,662.72,200 gram,0
PROD01974,MSE04922,Maharashtra,Pune,Food & Beverage,Packaged Foods,Masala Mix,Masala Mix by Pune Enterprise 4922 in Pune.,129.23,1 kg,1
PROD01975,MSE04289,Uttar Pradesh,Varanasi,Agriculture,Seeds,Organic Fertilizer,Organic Fertilizer by Varanasi Enterprise 4289 in Varanasi.,311.19,500 gram,0
PROD01976,MSE02944,Rajasthan,Jodhpur,Food & Beverage,Packaged Foods,Mango Pickle,Mango Pickle by Jodhpur Enterprise 2944 in Jodhpur.,98.09,200 gram,1
PROD01977,MSE04282,Delhi,New Delhi,Home & Kitchen,Home Decor,Storage Rack,Storage Rack by New Delhi Enterprise 4282 in New Delhi.,495.5,250 ml,0
PROD01978,MSE00770,Madhya Pradesh,Bhopal,Food & Beverage,Packaged Foods,Ready-to-Eat Snacks,Ready-to-Eat Snacks by Bhopal Enterprise 770 in Bhopal.,148.33,500 gram,1
PROD01979,MSE03449,Karnataka,Belagavi,Food & Beverage,Packaged Foods,Mango Pickle,Mango Pickle by Belagavi Enterprise 3449 in Belagavi.,344.92,200 gram,1
PROD01980,MSE01766,West Bengal,Siliguri,Handicrafts & Handloom,Crafts,Wooden Craft,Wooden Craft by Siliguri Enterprise 1766 in Siliguri.,1162.02,500 gram,1
PROD01981,MSE01923,Maharashtra,Mumbai,Fashion,Women's Apparel,Cotton Saree,Cotton Saree by Mumbai Enterprise 1923 in Mumbai.,487.33,1 kg,1
PROD01982,MSE00581,West Bengal,Siliguri,Agriculture,Seeds,Herbal Saplings,Herbal Saplings by Siliguri Enterprise 581 in Siliguri.,491.79,250 ml,0
PROD01983,MSE04508,Maharashtra,Nagpur,Food & Beverage,Packaged Foods,Masala Mix,Masala Mix by Nagpur Enterprise 4508 in Nagpur.,193.75,1 piece,1
PROD01984,MSE04581,Chhattisgarh,Durg,Agriculture,Seeds,Herbal Saplings,Herbal Saplings by Durg Enterprise 4581 in Durg.,74.52,1 kg,0
PROD01985,MSE00809,Odisha,Sambalpur,Home & Kitchen,Home Decor,Wooden Chair,Wooden Chair by Sambalpur Enterprise 809 in Sambalpur.,2771.7,1 kg,0
PROD01986,MSE03336,Karnataka,Belagavi,Food & Beverage,Packaged Foods,Ready-to-Eat Snacks,Ready-to-Eat Snacks by Belagavi Enterprise 3336 in Belagavi.,197.65,250 ml,1
PROD01987,MSE01473,Maharashtra,Nagpur,Agriculture,Seeds,Herbal Saplings,Herbal Saplings by Nagpur Enterprise 1473 in Nagpur.,1019.63,200 gram,0
PROD01988,MSE03721,West Bengal,Siliguri,Fashion,Women's Apparel,Cotton Saree,Cotton Saree by Siliguri Enterprise 3721 in Siliguri.,3115.9,1 kg,1
PROD01989,MSE04667,Maharashtra,Pune,Electronics,Mobile & Accessories,Power Adapter,Power Adapter by Pune Enterprise 4667 in Pune.,3263.41,250 ml,0
PROD01990,MSE02240,West Bengal,Howrah,Handicrafts & Handloom,Crafts,Wooden Craft,Wooden Craft by Howrah Enterprise 2240 in Howrah.,2000.86,2 piece,1
PROD01991,MSE04256,Madhya Pradesh,Jabalpur,Fashion,Women's Apparel,Kurta Fabric,Kurta Fabric by Jabalpur Enterprise 4256 in Jabalpur.,2981.87,2 piece,1
PROD01992,MSE00190,Andhra Pradesh,Vijayawada,Handicrafts & Handloom,Crafts,Wooden Craft,Wooden Craft by Vijayawada Enterprise 190 in Vijayawada.,3424.85,200 gram,1
PROD01993,MSE01727,Madhya Pradesh,Bhopal,Home & Kitchen,Home Decor,Wooden Chair,Wooden Chair by Bhopal Enterprise 1727 in Bhopal.,2572.66,250 ml,0
PROD01994,MSE04611,Madhya Pradesh,Jabalpur,Fashion,Women's Apparel,Silk Stole,Silk Stole by Jabalpur Enterprise 4611 in Jabalpur.,1078.28,1 kg,1
PROD01995,MSE02977,Himachal Pradesh,Mandi,Services,Digital Services,Digital Marketing,Digital Marketing by Mandi Enterprise 2977 in Mandi.,3275.64,200 gram,0
PROD01996,MSE01415,Odisha,Khordha,Agriculture,Seeds,Herbal Saplings,Herbal Saplings by Khordha Enterprise 1415 in Khordha.,264.74,200 gram,0
PROD01997,MSE02711,Rajasthan,Jodhpur,Fashion,Women's Apparel,Handloom Dupatta,Handloom Dupatta by Jodhpur Enterprise 2711 in Jodhpur.,2926.94,2 piece,1
PROD01998,MSE03615,Andhra Pradesh,Visakhapatnam,Home & Kitchen,Home Decor,Decorative Shelf,Decorative Shelf by Visakhapatnam Enterprise 3615 in Visakhapatnam.,2939.95,1 piece,0
PROD01999,MSE04778,Kerala,Ernakulam,Food & Beverage,Packaged Foods,Papad,Papad by Ernakulam Enterprise 4778 in Ernakulam.,232.58,200 gram,1
PROD02000,MSE04203,Maharashtra,Nagpur,Fashion,Women's Apparel,Handloom Dupatta,Handloom Dupatta by Nagpur Enterprise 4203 in Nagpur.,2427.27,500 gram,1
